1,1,2,2,2,2,1
1,1,2,2,3,2,1
1,1,2,2,4,3,1
1,1,4,4,2,4,1
1,2,1,1,2,2,1
1,2,1,2,3,1,1
1,2,1,3,2,3,1
1,2,1,5,2,2,1
1,2,2,1,1,2,1
1,2,2,2,2,2,0.71429
1,2,2,2,2,4,0.28571
1,2,2,2,3,1,0.5
1,2,2,2,3,2,0.5
1,2,2,3,2,1,0.25
1,2,2,3,2,2,0.25
1,2,2,3,2,3,0.5
1,2,2,4,3,5,1
1,2,2,5,1,2,1
1,2,3,1,2,2,0.5
1,2,3,1,2,4,0.5
1,2,3,2,2,1,1
1,2,3,2,3,2,1
1,2,3,3,2,2,0.5
1,2,3,3,2,3,0.5
1,2,3,3,10,5,1
1,2,3,4,3,2,1
1,2,4,2,2,2,0.4
1,2,4,2,2,3,0.4
1,2,4,2,2,4,0.2
1,2,4,2,4,2,1
1,2,4,2,6,1,1
1,2,4,4,2,2,0.66667
1,2,4,4,2,4,0.33333
1,2,5,4,2,2,1
1,3,1,2,2,2,1
1,3,1,2,3,2,1
1,3,1,2,5,4,1
1,3,1,3,1,6,1
1,3,1,3,2,1,1
1,3,1,6,1,2,1
1,3,2,1,2,4,1
1,3,2,1,3,2,1
1,3,2,2,2,1,0.25
1,3,2,2,2,2,0.5
1,3,2,2,2,3,0.25
1,3,2,2,3,1,0.5
1,3,2,2,3,3,0.5
1,3,2,2,4,2,1
1,3,2,3,2,2,0.33333
1,3,2,3,2,3,0.33333
1,3,2,3,2,4,0.33333
1,3,2,3,3,4,1
1,3,2,4,2,2,1
1,3,3,2,2,2,1
1,3,3,3,3,3,0.83333
1,3,3,3,3,4,0.16667
1,3,3,3,4,4,1
1,3,3,4,3,3,1
1,3,3,4,4,3,0.33333
1,3,3,4,4,4,0.66667
1,3,3,6,3,3,1
1,3,4,1,3,1,1
1,3,4,2,2,2,1
1,3,4,2,3,3,1
1,3,4,2,4,2,1
1,3,4,3,1,4,1
1,3,4,3,3,4,0.66667
1,3,4,3,3,6,0.33333
1,3,4,3,6,7,1
1,3,4,3,7,3,1
1,3,4,4,2,4,1
1,3,4,4,6,2,1
1,3,4,4,8,10,1
1,3,5,2,3,4,1
1,3,5,2,4,6,1
1,3,5,3,4,4,1
1,3,6,1,4,4,1
1,3,6,3,1,4,1
1,3,6,3,4,4,1
1,3,6,3,5,1,1
1,3,6,4,1,4,1
1,3,6,4,4,3,0.5
1,3,6,4,4,6,0.5
1,3,6,6,5,1,1
1,3,7,3,7,1,1
1,4,2,2,2,2,1
1,4,2,2,3,2,1
1,4,2,3,1,3,1
1,4,2,4,2,3,0.5
1,4,2,4,2,4,0.5
1,4,2,4,3,4,1
1,4,2,4,4,4,1
1,4,3,2,1,3,0.5
1,4,3,2,1,5,0.5
1,4,3,3,2,2,1
1,4,3,3,3,4,1
1,4,3,3,4,3,0.2
1,4,3,3,4,4,0.8
1,4,3,3,6,4,1
1,4,3,4,1,4,1
1,4,3,4,4,4,1
1,4,4,1,4,4,1
1,4,4,1,6,6,1
1,4,4,2,2,3,1
1,4,4,2,3,3,0.5
1,4,4,2,3,4,0.5
1,4,4,2,4,3,0.25
1,4,4,2,4,4,0.75
1,4,4,2,5,1,1
1,4,4,2,7,3,1
1,4,4,3,1,3,1
1,4,4,3,3,2,1
1,4,4,3,4,3,1
1,4,4,4,2,3,1
1,4,4,4,3,4,0.5
1,4,4,4,3,6,0.5
1,4,4,4,4,1,0.038462
1,4,4,4,4,2,0.076923
1,4,4,4,4,3,0.076923
1,4,4,4,4,4,0.76923
1,4,4,4,4,6,0.038462
1,4,4,4,5,1,1
1,4,4,4,6,1,0.2
1,4,4,4,6,4,0.8
1,4,4,5,1,5,1
1,4,4,5,3,4,1
1,4,4,5,4,1,1
1,4,4,6,2,4,1
1,4,4,6,3,1,1
1,4,4,6,4,4,1
1,4,5,1,4,4,1
1,4,5,1,6,4,1
1,4,5,4,3,4,1
1,4,5,4,4,1,1
1,4,6,1,3,6,1
1,4,6,1,5,5,1
1,4,6,2,4,3,0.25
1,4,6,2,4,4,0.5
1,4,6,2,4,5,0.25
1,4,6,3,1,4,1
1,4,6,3,4,1,1
1,4,6,5,3,4,1
1,4,6,6,4,4,1
1,5,1,2,4,2,1
1,5,1,3,1,2,1
1,5,1,4,4,4,1
1,5,2,2,2,4,1
1,5,2,3,2,2,1
1,5,3,2,2,4,1
1,5,3,2,4,4,1
1,5,4,1,3,6,1
1,5,4,1,4,3,1
1,5,4,6,4,6,1
1,5,4,6,5,6,1
1,5,5,1,3,6,1
1,5,6,3,6,1,1
1,5,6,6,3,4,1
1,6,1,2,1,5,1
1,6,1,2,3,3,0.5
1,6,1,2,3,4,0.5
1,6,1,2,4,4,1
1,6,1,4,3,3,1
1,6,1,4,4,4,1
1,6,2,3,3,4,1
1,6,3,2,2,4,1
1,6,3,4,4,2,0.5
1,6,3,4,4,6,0.5
1,6,3,6,4,6,1
1,6,4,1,4,6,1
1,6,4,4,3,6,1
1,6,4,4,4,4,1
1,6,4,5,4,6,1
1,6,4,5,5,6,1
1,6,4,5,6,1,1
1,6,4,6,2,4,1
1,6,4,6,4,5,0.5
1,6,4,6,4,6,0.5
1,6,5,5,6,6,1
1,6,6,5,5,6,1
1,6,6,6,2,7,1
1,7,2,7,3,6,1
1,7,2,7,4,6,1
1,7,3,6,4,8,1
1,7,3,7,2,8,1
1,8,2,7,3,6,1
1,8,2,8,2,7,1
1,9,1,3,4,3,1
1,9,1,4,4,1,1
1,9,1,9,1,9,0.7
1,9,1,9,1,10,0.3
1,9,1,10,1,9,0.5
1,9,1,10,1,10,0.5
1,9,6,4,4,4,1
1,10,1,9,1,3,0.25
1,10,1,9,1,9,0.5
1,10,1,9,1,10,0.25
1,10,1,10,1,9,1
1,10,9,6,4,6,1
2,1,1,2,2,2,0.5
2,1,1,2,2,3,0.5
2,1,2,1,1,2,1
2,1,2,2,2,3,1
2,1,2,3,1,2,1
2,1,2,3,2,3,1
2,1,2,4,2,2,0.66667
2,1,2,4,2,4,0.33333
2,1,3,1,2,2,0.5
2,1,3,1,2,3,0.5
2,1,3,1,3,1,1
2,1,3,2,1,2,0.5
2,1,3,2,1,3,0.5
2,1,3,2,2,2,0.5
2,1,3,2,2,3,0.33333
2,1,3,2,2,4,0.16667
2,1,3,2,3,2,1
2,1,3,3,3,3,1
2,1,3,4,1,3,1
2,1,3,4,2,2,0.5
2,1,3,4,2,4,0.5
2,1,3,4,3,6,1
2,1,3,5,2,3,1
2,1,4,2,2,3,1
2,1,4,3,2,1,1
2,1,4,3,4,4,1
2,1,5,1,3,1,1
2,1,5,2,2,2,1
2,1,6,1,2,4,1
2,1,6,3,4,4,1
2,1,6,4,6,4,1
2,2,1,1,2,2,1
2,2,1,3,1,3,1
2,2,1,3,2,1,0.28571
2,2,1,3,2,2,0.57143
2,2,1,3,2,3,0.14286
2,2,1,3,4,1,0.33333
2,2,1,3,4,2,0.66667
2,2,1,4,3,2,1
2,2,1,6,1,2,1
2,2,2,1,3,1,0.16667
2,2,2,1,3,2,0.66667
2,2,2,1,3,4,0.16667
2,2,2,2,1,3,1
2,2,2,2,2,1,0.00083264
2,2,2,2,2,2,0.87927
2,2,2,2,2,3,0.019151
2,2,2,2,2,4,0.096586
2,2,2,2,2,5,0.00083264
2,2,2,2,2,6,0.0033306
2,2,2,2,3,1,0.064516
2,2,2,2,3,2,0.6129
2,2,2,2,3,3,0.19355
2,2,2,2,3,4,0.12903
2,2,2,2,4,1,0.0071942
2,2,2,2,4,2,0.74101
2,2,2,2,4,3,0.043165
2,2,2,2,4,4,0.20144
2,2,2,2,4,10,0.0071942
2,2,2,2,5,1,1
2,2,2,2,6,1,0.14286
2,2,2,2,6,2,0.57143
2,2,2,2,6,4,0.28571
2,2,2,3,1,2,1
2,2,2,3,2,1,0.034483
2,2,2,3,2,2,0.62069
2,2,2,3,2,3,0.24138
2,2,2,3,2,4,0.068966
2,2,2,3,2,6,0.034483
2,2,2,3,3,2,0.36364
2,2,2,3,3,3,0.45455
2,2,2,3,3,4,0.090909
2,2,2,3,3,6,0.090909
2,2,2,3,4,2,0.75
2,2,2,3,4,6,0.25
2,2,2,4,1,3,0.33333
2,2,2,4,1,5,0.33333
2,2,2,4,1,6,0.33333
2,2,2,4,2,1,0.0071942
2,2,2,4,2,2,0.79137
2,2,2,4,2,3,0.0071942
2,2,2,4,2,4,0.17986
2,2,2,4,2,6,0.014388
2,2,2,4,3,2,0.28571
2,2,2,4,3,3,0.71429
2,2,2,4,4,1,0.025641
2,2,2,4,4,2,0.74359
2,2,2,4,4,4,0.23077
2,2,2,4,10,3,1
2,2,2,5,1,6,1
2,2,2,5,2,1,1
2,2,2,6,1,2,0.5
2,2,2,6,1,5,0.5
2,2,2,6,2,2,1
2,2,2,6,4,2,0.33333
2,2,2,6,4,4,0.66667
2,2,2,7,1,2,1
2,2,3,1,2,1,0.25
2,2,3,1,2,2,0.75
2,2,3,1,5,6,1
2,2,3,2,1,2,0.5
2,2,3,2,1,3,0.5
2,2,3,2,2,2,0.59375
2,2,3,2,2,3,0.28125
2,2,3,2,2,4,0.125
2,2,3,2,3,1,0.095238
2,2,3,2,3,2,0.61905
2,2,3,2,3,3,0.14286
2,2,3,2,3,4,0.14286
2,2,3,2,4,1,0.33333
2,2,3,2,4,3,0.33333
2,2,3,2,4,10,0.33333
2,2,3,2,6,2,1
2,2,3,3,2,2,0.46154
2,2,3,3,2,3,0.53846
2,2,3,3,3,1,0.2
2,2,3,3,3,2,0.2
2,2,3,3,3,3,0.6
2,2,3,3,4,2,0.2
2,2,3,3,4,3,0.2
2,2,3,3,4,4,0.6
2,2,3,3,5,2,1
2,2,3,3,6,3,0.5
2,2,3,3,6,4,0.5
2,2,3,4,2,2,1
2,2,3,4,6,2,0.25
2,2,3,4,6,4,0.5
2,2,3,4,6,9,0.25
2,2,3,5,1,5,1
2,2,3,5,3,2,1
2,2,3,10,10,10,1
2,2,4,1,3,2,0.5
2,2,4,1,3,4,0.5
2,2,4,1,5,1,1
2,2,4,1,6,1,1
2,2,4,2,1,4,1
2,2,4,2,2,1,0.0072464
2,2,4,2,2,2,0.81884
2,2,4,2,2,3,0.021739
2,2,4,2,2,4,0.14493
2,2,4,2,2,6,0.0072464
2,2,4,2,3,1,0.2
2,2,4,2,3,2,0.4
2,2,4,2,3,3,0.4
2,2,4,2,4,2,0.8125
2,2,4,2,4,4,0.15625
2,2,4,2,4,9,0.03125
2,2,4,2,6,2,0.5
2,2,4,2,6,4,0.5
2,2,4,3,1,2,1
2,2,4,3,2,1,0.33333
2,2,4,3,2,2,0.33333
2,2,4,3,2,6,0.33333
2,2,4,3,3,2,1
2,2,4,3,4,4,1
2,2,4,3,5,4,1
2,2,4,4,1,6,1
2,2,4,4,2,2,0.71053
2,2,4,4,2,3,0.052632
2,2,4,4,2,4,0.18421
2,2,4,4,2,6,0.052632
2,2,4,4,4,2,0.46154
2,2,4,4,4,3,0.076923
2,2,4,4,4,4,0.46154
2,2,4,4,10,10,1
2,2,4,10,3,3,1
2,2,4,10,10,10,1
2,2,5,1,2,3,1
2,2,5,1,6,1,1
2,2,5,2,1,2,1
2,2,5,4,1,4,1
2,2,6,1,2,3,0.5
2,2,6,1,2,4,0.5
2,2,6,1,5,2,1
2,2,6,2,1,6,1
2,2,6,2,2,2,1
2,2,6,2,3,4,1
2,2,6,4,2,2,1
2,2,6,4,4,2,1
2,2,6,4,6,4,1
2,2,6,6,4,3,1
2,2,7,1,2,2,1
2,3,1,2,1,2,0.5
2,3,1,2,1,3,0.5
2,3,1,2,2,1,0.2
2,3,1,2,2,2,0.2
2,3,1,2,2,3,0.6
2,3,1,2,3,2,0.5
2,3,1,2,3,3,0.5
2,3,1,2,4,2,1
2,3,1,3,3,3,1
2,3,1,4,2,2,1
2,3,1,5,6,6,1
2,3,1,6,1,2,1
2,3,2,1,2,1,0.33333
2,3,2,1,2,2,0.33333
2,3,2,1,2,3,0.33333
2,3,2,1,3,1,0.66667
2,3,2,1,3,3,0.33333
2,3,2,2,1,3,0.5
2,3,2,2,1,4,0.5
2,3,2,2,2,1,0.037037
2,3,2,2,2,2,0.74074
2,3,2,2,2,3,0.22222
2,3,2,2,3,2,0.59259
2,3,2,2,3,3,0.25926
2,3,2,2,3,4,0.074074
2,3,2,2,3,10,0.074074
2,3,2,2,4,2,0.57143
2,3,2,2,4,3,0.14286
2,3,2,2,4,4,0.14286
2,3,2,2,4,10,0.14286
2,3,2,3,1,2,1
2,3,2,3,2,2,0.81818
2,3,2,3,2,3,0.13636
2,3,2,3,2,6,0.045455
2,3,2,3,3,2,0.1
2,3,2,3,3,3,0.4
2,3,2,3,3,4,0.3
2,3,2,3,3,6,0.1
2,3,2,3,3,10,0.1
2,3,2,3,4,2,0.25
2,3,2,3,4,3,0.25
2,3,2,3,4,4,0.5
2,3,2,4,1,4,1
2,3,2,4,2,3,0.5
2,3,2,4,2,4,0.5
2,3,2,4,3,4,1
2,3,2,4,6,1,1
2,3,2,4,10,8,1
2,3,2,5,4,4,1
2,3,2,6,2,2,0.5
2,3,2,6,2,4,0.5
2,3,2,6,7,3,1
2,3,2,7,3,3,1
2,3,3,1,3,6,1
2,3,3,2,1,3,1
2,3,3,2,2,1,0.11111
2,3,3,2,2,2,0.55556
2,3,3,2,2,3,0.11111
2,3,3,2,2,4,0.22222
2,3,3,2,3,2,0.052632
2,3,3,2,3,3,0.84211
2,3,3,2,3,4,0.052632
2,3,3,2,3,6,0.052632
2,3,3,2,4,2,0.8
2,3,3,2,4,4,0.2
2,3,3,3,1,2,0.33333
2,3,3,3,1,3,0.33333
2,3,3,3,1,4,0.33333
2,3,3,3,2,2,0.5
2,3,3,3,2,3,0.5
2,3,3,3,3,1,0.055556
2,3,3,3,3,2,0.13889
2,3,3,3,3,3,0.69444
2,3,3,3,3,4,0.083333
2,3,3,3,3,5,0.027778
2,3,3,3,4,1,0.25
2,3,3,3,4,3,0.25
2,3,3,3,4,4,0.5
2,3,3,3,6,3,1
2,3,3,4,2,2,0.33333
2,3,3,4,2,3,0.66667
2,3,3,4,3,1,0.33333
2,3,3,4,3,2,0.16667
2,3,3,4,3,3,0.33333
2,3,3,4,3,6,0.16667
2,3,3,4,4,2,0.22222
2,3,3,4,4,3,0.22222
2,3,3,4,4,4,0.55556
2,3,3,4,5,4,1
2,3,3,4,6,2,1
2,3,3,5,2,2,1
2,3,3,6,1,4,0.5
2,3,3,6,1,5,0.5
2,3,3,6,3,1,1
2,3,3,6,4,10,1
2,3,3,10,5,3,1
2,3,3,10,10,10,1
2,3,4,1,2,2,1
2,3,4,1,3,6,1
2,3,4,1,4,3,1
2,3,4,2,2,2,1
2,3,4,2,3,3,0.66667
2,3,4,2,3,4,0.33333
2,3,4,2,4,4,1
2,3,4,3,2,2,0.5
2,3,4,3,2,4,0.5
2,3,4,3,3,3,1
2,3,4,3,4,3,0.5
2,3,4,3,4,4,0.5
2,3,4,3,5,6,1
2,3,4,3,6,3,1
2,3,4,4,3,4,1
2,3,4,4,6,5,1
2,3,4,4,8,10,1
2,3,4,6,2,2,1
2,3,4,6,3,3,1
2,3,4,6,4,4,0.33333
2,3,4,6,4,5,0.33333
2,3,4,6,4,6,0.33333
2,3,4,6,9,10,1
2,3,5,1,5,3,1
2,3,5,3,2,2,1
2,3,5,4,4,6,1
2,3,6,1,4,4,1
2,3,6,3,3,3,1
2,3,6,3,4,1,1
2,3,10,10,10,10,1
2,4,1,3,2,4,1
2,4,1,3,3,4,1
2,4,1,3,4,4,1
2,4,1,4,3,3,1
2,4,1,4,4,2,1
2,4,1,5,1,2,1
2,4,1,6,1,2,1
2,4,1,6,3,2,1
2,4,2,1,4,3,1
2,4,2,2,1,6,1
2,4,2,2,2,1,0.014085
2,4,2,2,2,2,0.73944
2,4,2,2,2,3,0.0070423
2,4,2,2,2,4,0.22535
2,4,2,2,2,6,0.0070423
2,4,2,2,2,7,0.0070423
2,4,2,2,3,3,0.85714
2,4,2,2,3,5,0.14286
2,4,2,2,4,1,0.030303
2,4,2,2,4,2,0.66667
2,4,2,2,4,3,0.030303
2,4,2,2,4,4,0.27273
2,4,2,2,6,4,1
2,4,2,3,1,6,1
2,4,2,3,2,2,0.5
2,4,2,3,2,3,0.25
2,4,2,3,2,4,0.25
2,4,2,3,3,3,0.5
2,4,2,3,3,4,0.5
2,4,2,3,4,1,1
2,4,2,4,2,2,0.8
2,4,2,4,2,3,0.028571
2,4,2,4,2,4,0.17143
2,4,2,4,3,3,0.75
2,4,2,4,3,5,0.25
2,4,2,4,4,2,0.33333
2,4,2,4,4,3,0.25
2,4,2,4,4,4,0.41667
2,4,2,4,6,3,1
2,4,2,4,9,4,1
2,4,2,6,1,2,1
2,4,2,6,2,2,1
2,4,2,6,4,4,1
2,4,3,1,2,2,1
2,4,3,1,4,2,1
2,4,3,2,1,2,1
2,4,3,2,2,3,1
2,4,3,2,3,3,1
2,4,3,2,4,3,1
2,4,3,2,6,3,1
2,4,3,3,2,2,0.71429
2,4,3,3,2,3,0.14286
2,4,3,3,2,4,0.14286
2,4,3,3,3,1,0.125
2,4,3,3,3,2,0.125
2,4,3,3,3,3,0.75
2,4,3,3,4,2,0.33333
2,4,3,3,4,5,0.33333
2,4,3,3,4,6,0.33333
2,4,3,4,1,4,1
2,4,3,4,2,4,1
2,4,3,4,3,3,0.5
2,4,3,4,3,4,0.33333
2,4,3,4,3,10,0.16667
2,4,3,4,4,3,0.33333
2,4,3,4,4,4,0.33333
2,4,3,4,4,6,0.33333
2,4,3,4,5,1,1
2,4,3,4,6,7,1
2,4,3,5,4,4,0.5
2,4,3,5,4,6,0.5
2,4,4,1,3,6,1
2,4,4,1,6,4,1
2,4,4,2,2,1,0.028571
2,4,4,2,2,2,0.71429
2,4,4,2,2,3,0.028571
2,4,4,2,2,4,0.17143
2,4,4,2,2,6,0.057143
2,4,4,2,3,1,0.33333
2,4,4,2,3,3,0.33333
2,4,4,2,3,4,0.33333
2,4,4,2,4,2,0.22222
2,4,4,2,4,3,0.055556
2,4,4,2,4,4,0.66667
2,4,4,2,4,5,0.027778
2,4,4,2,4,6,0.027778
2,4,4,2,6,1,0.5
2,4,4,2,6,2,0.5
2,4,4,3,3,2,0.4
2,4,4,3,3,3,0.2
2,4,4,3,3,4,0.4
2,4,4,3,4,3,1
2,4,4,3,5,6,1
2,4,4,3,6,1,0.5
2,4,4,3,6,3,0.5
2,4,4,4,1,3,1
2,4,4,4,2,2,0.3125
2,4,4,4,2,3,0.0625
2,4,4,4,2,4,0.625
2,4,4,4,3,3,0.83333
2,4,4,4,3,4,0.16667
2,4,4,4,4,2,0.24444
2,4,4,4,4,3,0.022222
2,4,4,4,4,4,0.64444
2,4,4,4,4,5,0.022222
2,4,4,4,4,6,0.066667
2,4,4,4,6,2,0.66667
2,4,4,4,6,4,0.33333
2,4,4,5,1,5,1
2,4,4,6,1,3,0.33333
2,4,4,6,1,4,0.66667
2,4,4,6,3,1,0.5
2,4,4,6,3,3,0.5
2,4,4,6,4,4,1
2,4,4,6,5,6,1
2,4,4,8,4,4,1
2,4,4,10,10,10,1
2,4,5,1,4,4,1
2,4,5,1,6,4,1
2,4,5,3,6,1,1
2,4,5,5,4,1,1
2,4,6,1,2,2,1
2,4,6,2,3,6,1
2,4,6,2,4,4,1
2,4,6,3,1,4,1
2,4,6,3,6,4,1
2,4,6,4,4,2,0.25
2,4,6,4,4,4,0.5
2,4,6,4,4,7,0.25
2,4,6,5,6,6,1
2,4,6,6,4,6,1
2,4,9,4,4,3,1
2,4,10,3,3,3,1
2,4,10,8,6,5,1
2,4,10,10,10,10,1
2,5,1,2,3,3,1
2,5,1,4,4,4,1
2,5,1,6,1,2,1
2,5,2,1,2,4,1
2,5,4,1,4,4,1
2,5,4,2,2,1,1
2,5,4,4,2,2,1
2,5,4,4,3,6,1
2,5,4,4,4,4,1
2,6,1,1,4,4,1
2,6,1,2,3,1,1
2,6,1,2,4,2,0.5
2,6,1,2,4,4,0.5
2,6,1,5,2,3,1
2,6,2,1,6,3,1
2,6,2,2,2,2,0.71429
2,6,2,2,2,4,0.28571
2,6,2,2,6,4,1
2,6,2,3,4,3,1
2,6,2,4,1,3,1
2,6,2,4,2,2,0.5
2,6,2,4,2,6,0.5
2,6,2,4,3,3,1
2,6,2,4,4,4,1
2,6,2,6,3,4,1
2,6,2,6,6,4,1
2,6,3,3,3,2,1
2,6,3,3,5,6,1
2,6,3,4,1,4,1
2,6,3,4,2,4,1
2,6,3,4,4,4,1
2,6,4,2,2,2,0.5
2,6,4,2,2,4,0.5
2,6,4,4,2,2,1
2,6,4,4,3,3,1
2,6,4,4,6,3,0.66667
2,6,4,4,6,6,0.33333
2,6,4,5,3,2,0.5
2,6,4,5,3,4,0.5
2,6,4,6,4,6,1
2,6,4,8,2,8,1
2,6,6,4,3,3,1
2,6,6,4,5,1,1
2,6,6,7,1,7,1
2,6,7,3,6,2,1
2,6,9,5,6,4,1
2,7,1,2,2,2,1
2,7,3,3,3,2,1
2,7,3,4,5,1,1
2,7,3,4,6,1,1
2,7,3,5,5,6,1
2,7,3,6,4,4,0.66667
2,7,3,6,4,6,0.33333
2,7,3,7,3,7,1
2,7,3,7,4,6,1
2,7,4,6,8,6,1
2,8,2,2,2,3,1
2,8,2,6,4,6,1
2,8,2,7,3,4,0.33333
2,8,2,7,3,5,0.33333
2,8,2,7,3,6,0.33333
2,8,2,8,2,8,0.95652
2,8,2,8,2,9,0.043478
2,8,2,8,7,7,1
2,8,2,9,1,8,0.5
2,8,2,9,1,9,0.5
2,8,7,7,6,6,1
2,9,1,8,2,7,1
2,9,1,9,1,4,1
2,9,9,10,10,10,1
2,10,10,1,10,9,1
2,10,10,3,3,2,1
2,10,10,10,9,7,1
2,10,10,10,10,5,0.5
2,10,10,10,10,10,0.5
3,1,2,1,2,3,1
3,1,2,1,3,2,1
3,1,2,2,1,1,1
3,1,2,2,2,2,1
3,1,2,2,3,2,1
3,1,2,3,2,2,0.25
3,1,2,3,2,3,0.75
3,1,2,3,3,10,1
3,1,2,4,2,2,0.5
3,1,2,4,2,6,0.5
3,1,2,5,4,2,1
3,1,3,1,6,1,1
3,1,3,2,1,3,1
3,1,3,2,3,2,1
3,1,3,3,2,2,1
3,1,3,3,3,3,0.75
3,1,3,3,3,4,0.25
3,1,3,3,4,3,0.5
3,1,3,3,4,4,0.5
3,1,3,4,3,3,1
3,1,3,5,3,4,1
3,1,3,6,6,5,1
3,1,4,2,2,2,1
3,1,4,2,3,1,1
3,1,4,2,4,3,1
3,1,4,3,2,1,1
3,1,4,3,3,4,0.5
3,1,4,3,3,6,0.5
3,1,4,4,1,6,1
3,1,4,4,2,4,0.5
3,1,4,4,2,7,0.5
3,1,4,4,3,3,1
3,1,4,4,4,4,0.66667
3,1,4,4,4,6,0.33333
3,1,4,4,5,3,0.5
3,1,4,4,5,4,0.5
3,1,4,4,6,4,1
3,1,4,6,2,4,1
3,1,5,6,6,3,1
3,1,6,1,2,1,0.5
3,1,6,1,2,3,0.5
3,1,7,3,7,2,1
3,2,1,2,1,1,1
3,2,1,2,2,2,1
3,2,1,2,3,1,1
3,2,1,2,4,2,1
3,2,1,3,1,2,1
3,2,1,3,2,2,1
3,2,1,3,3,3,1
3,2,1,3,4,3,1
3,2,1,3,5,2,1
3,2,1,4,2,2,1
3,2,1,5,1,3,1
3,2,2,1,3,2,1
3,2,2,1,4,3,1
3,2,2,2,1,3,1
3,2,2,2,2,2,0.71875
3,2,2,2,2,3,0.1875
3,2,2,2,2,4,0.09375
3,2,2,2,3,1,0.083333
3,2,2,2,3,2,0.66667
3,2,2,2,3,3,0.25
3,2,2,2,4,2,0.25
3,2,2,2,4,4,0.75
3,2,2,2,5,2,1
3,2,2,3,1,5,1
3,2,2,3,2,1,0.076923
3,2,2,3,2,2,0.46154
3,2,2,3,2,3,0.42308
3,2,2,3,2,6,0.038462
3,2,2,3,3,2,0.5
3,2,2,3,3,3,0.3
3,2,2,3,3,4,0.2
3,2,2,3,4,6,1
3,2,2,3,10,10,1
3,2,2,4,2,2,0.55556
3,2,2,4,2,3,0.11111
3,2,2,4,2,4,0.33333
3,2,2,4,3,2,0.33333
3,2,2,4,3,3,0.33333
3,2,2,4,3,4,0.33333
3,2,2,4,4,2,0.5
3,2,2,4,4,10,0.5
3,2,2,4,10,10,1
3,2,2,6,2,3,1
3,2,3,1,2,1,0.5
3,2,3,1,2,3,0.5
3,2,3,2,1,2,1
3,2,3,2,2,1,0.041667
3,2,3,2,2,2,0.20833
3,2,3,2,2,3,0.625
3,2,3,2,2,4,0.125
3,2,3,2,3,2,0.4
3,2,3,2,3,3,0.5
3,2,3,2,3,4,0.1
3,2,3,2,4,2,0.66667
3,2,3,2,4,6,0.33333
3,2,3,2,5,4,1
3,2,3,2,6,7,1
3,2,3,2,7,3,1
3,2,3,3,2,1,0.066667
3,2,3,3,2,2,0.13333
3,2,3,3,2,3,0.53333
3,2,3,3,2,4,0.26667
3,2,3,3,3,1,0.030303
3,2,3,3,3,2,0.090909
3,2,3,3,3,3,0.78788
3,2,3,3,3,4,0.060606
3,2,3,3,3,6,0.030303
3,2,3,3,4,2,0.25
3,2,3,3,4,3,0.5
3,2,3,3,4,4,0.125
3,2,3,3,4,6,0.125
3,2,3,3,6,1,1
3,2,3,3,10,10,1
3,2,3,4,1,3,1
3,2,3,4,2,3,0.66667
3,2,3,4,2,4,0.33333
3,2,3,4,3,4,1
3,2,3,4,4,3,0.5
3,2,3,4,4,8,0.5
3,2,3,4,6,3,1
3,2,3,6,3,3,1
3,2,4,1,4,3,0.5
3,2,4,1,4,4,0.5
3,2,4,2,2,2,0.33333
3,2,4,2,2,4,0.66667
3,2,4,2,3,2,0.66667
3,2,4,2,3,3,0.33333
3,2,4,2,4,2,0.5
3,2,4,2,4,3,0.25
3,2,4,2,4,6,0.25
3,2,4,3,3,2,0.25
3,2,4,3,3,3,0.75
3,2,4,3,4,3,0.42857
3,2,4,3,4,4,0.42857
3,2,4,3,4,6,0.14286
3,2,4,4,2,4,1
3,2,4,4,3,3,1
3,2,4,4,4,4,1
3,2,4,4,6,5,1
3,2,4,5,5,4,1
3,2,4,6,1,2,1
3,2,4,6,4,4,1
3,2,4,6,6,4,1
3,2,4,10,8,6,1
3,2,5,4,4,2,1
3,2,6,2,2,6,1
3,2,6,2,4,1,0.5
3,2,6,2,4,2,0.5
3,2,6,3,3,3,1
3,2,6,7,3,6,1
3,2,7,3,3,3,1
3,3,1,2,2,2,1
3,3,1,2,3,2,1
3,3,1,3,3,2,0.25
3,3,1,3,3,3,0.5
3,3,1,3,3,4,0.25
3,3,1,3,6,6,1
3,3,1,4,2,3,1
3,3,1,4,3,3,1
3,3,1,4,4,3,1
3,3,2,1,3,4,1
3,3,2,1,4,2,1
3,3,2,2,1,3,1
3,3,2,2,2,2,0.52941
3,3,2,2,2,3,0.23529
3,3,2,2,2,4,0.23529
3,3,2,2,3,2,0.9
3,3,2,2,3,4,0.1
3,3,2,2,4,2,0.5
3,3,2,2,4,3,0.5
3,3,2,3,2,1,0.071429
3,3,2,3,2,2,0.35714
3,3,2,3,2,3,0.28571
3,3,2,3,2,4,0.14286
3,3,2,3,2,5,0.071429
3,3,2,3,2,7,0.071429
3,3,2,3,3,2,0.31111
3,3,2,3,3,3,0.6
3,3,2,3,3,4,0.088889
3,3,2,3,4,1,0.25
3,3,2,3,4,2,0.5
3,3,2,3,4,6,0.25
3,3,2,3,6,3,1
3,3,2,4,2,2,0.28571
3,3,2,4,2,3,0.28571
3,3,2,4,2,4,0.42857
3,3,2,4,3,3,0.57143
3,3,2,4,3,4,0.42857
3,3,2,4,4,3,0.66667
3,3,2,4,4,6,0.33333
3,3,2,4,5,5,1
3,3,2,4,6,4,1
3,3,2,6,2,4,1
3,3,3,1,2,2,0.5
3,3,3,1,2,3,0.5
3,3,3,1,3,3,1
3,3,3,1,4,2,0.25
3,3,3,1,4,3,0.5
3,3,3,1,4,4,0.25
3,3,3,2,1,4,1
3,3,3,2,2,2,0.44444
3,3,3,2,2,3,0.55556
3,3,3,2,3,2,0.3125
3,3,3,2,3,3,0.625
3,3,3,2,3,4,0.0625
3,3,3,2,4,2,0.33333
3,3,3,2,4,3,0.55556
3,3,3,2,4,4,0.11111
3,3,3,2,6,2,1
3,3,3,3,1,3,0.5
3,3,3,3,1,4,0.5
3,3,3,3,2,1,0.02439
3,3,3,3,2,2,0.097561
3,3,3,3,2,3,0.63415
3,3,3,3,2,4,0.21951
3,3,3,3,2,6,0.02439
3,3,3,3,3,1,0.0072727
3,3,3,3,3,2,0.11273
3,3,3,3,3,3,0.79636
3,3,3,3,3,4,0.076364
3,3,3,3,3,6,0.0072727
3,3,3,3,4,1,0.068966
3,3,3,3,4,2,0.034483
3,3,3,3,4,3,0.48276
3,3,3,3,4,4,0.2069
3,3,3,3,4,5,0.034483
3,3,3,3,4,6,0.13793
3,3,3,3,4,8,0.034483
3,3,3,3,5,3,1
3,3,3,3,6,2,0.5
3,3,3,3,6,3,0.5
3,3,3,4,1,3,0.75
3,3,3,4,1,4,0.25
3,3,3,4,2,4,1
3,3,3,4,3,1,0.055556
3,3,3,4,3,2,0.055556
3,3,3,4,3,3,0.72222
3,3,3,4,3,4,0.11111
3,3,3,4,3,6,0.055556
3,3,3,4,4,3,0.33333
3,3,3,4,4,4,0.66667
3,3,3,4,5,2,1
3,3,3,4,6,2,0.25
3,3,3,4,6,3,0.5
3,3,3,4,6,4,0.25
3,3,3,4,8,4,0.5
3,3,3,4,8,7,0.5
3,3,3,5,3,3,1
3,3,3,6,1,2,0.5
3,3,3,6,1,4,0.5
3,3,3,6,2,3,1
3,3,3,6,3,2,1
3,3,3,6,8,10,1
3,3,4,1,3,3,1
3,3,4,1,4,2,1
3,3,4,2,1,2,1
3,3,4,2,2,2,1
3,3,4,2,3,2,0.33333
3,3,4,2,3,3,0.66667
3,3,4,2,4,2,0.25
3,3,4,2,4,3,0.25
3,3,4,2,4,4,0.5
3,3,4,3,1,3,0.5
3,3,4,3,1,4,0.5
3,3,4,3,2,2,0.33333
3,3,4,3,2,3,0.33333
3,3,4,3,2,4,0.33333
3,3,4,3,3,2,0.043478
3,3,4,3,3,3,0.65217
3,3,4,3,3,4,0.30435
3,3,4,3,4,1,0.2
3,3,4,3,4,2,0.2
3,3,4,3,4,3,0.4
3,3,4,3,4,6,0.2
3,3,4,3,5,6,1
3,3,4,3,6,4,0.5
3,3,4,3,6,5,0.5
3,3,4,4,2,2,0.25
3,3,4,4,2,4,0.75
3,3,4,4,3,2,0.066667
3,3,4,4,3,3,0.73333
3,3,4,4,3,4,0.066667
3,3,4,4,3,7,0.066667
3,3,4,4,3,10,0.066667
3,3,4,4,4,1,0.037037
3,3,4,4,4,2,0.11111
3,3,4,4,4,3,0.14815
3,3,4,4,4,4,0.59259
3,3,4,4,4,6,0.074074
3,3,4,4,4,10,0.037037
3,3,4,4,6,4,1
3,3,4,5,2,4,1
3,3,4,5,4,4,0.5
3,3,4,5,4,8,0.5
3,3,4,5,5,4,1
3,3,4,6,2,3,0.33333
3,3,4,6,2,4,0.33333
3,3,4,6,2,7,0.33333
3,3,4,6,3,3,0.6
3,3,4,6,3,4,0.4
3,3,4,6,4,4,0.5
3,3,4,6,4,5,0.5
3,3,4,7,3,6,1
3,3,4,8,4,3,1
3,3,4,8,7,6,1
3,3,5,2,2,1,1
3,3,5,3,3,4,1
3,3,5,4,3,5,1
3,3,5,4,4,3,1
3,3,5,6,3,6,1
3,3,6,1,2,2,1
3,3,6,1,3,4,0.5
3,3,6,1,3,7,0.5
3,3,6,1,4,3,0.5
3,3,6,1,4,4,0.5
3,3,6,1,5,4,1
3,3,6,2,3,4,1
3,3,6,2,6,3,1
3,3,6,2,8,2,1
3,3,6,3,1,4,1
3,3,6,3,2,2,0.33333
3,3,6,3,2,3,0.33333
3,3,6,3,2,4,0.33333
3,3,6,3,3,4,1
3,3,6,3,4,1,0.33333
3,3,6,3,4,4,0.33333
3,3,6,3,4,6,0.33333
3,3,6,3,6,4,1
3,3,6,4,6,6,1
3,3,6,4,10,10,1
3,3,6,6,5,6,1
3,3,6,8,10,4,1
3,3,7,4,4,4,1
3,3,10,5,3,4,1
3,3,10,10,10,2,1
3,4,1,2,2,5,1
3,4,1,3,1,3,1
3,4,1,3,3,3,0.5
3,4,1,3,3,4,0.25
3,4,1,3,3,6,0.25
3,4,1,3,6,3,1
3,4,1,4,2,4,1
3,4,1,4,3,3,0.5
3,4,1,4,3,4,0.5
3,4,1,4,4,4,0.5
3,4,1,4,4,6,0.5
3,4,1,4,5,4,1
3,4,1,4,6,2,0.5
3,4,1,4,6,3,0.5
3,4,1,5,3,2,1
3,4,2,1,2,3,1
3,4,2,2,2,2,0.6
3,4,2,2,2,3,0.2
3,4,2,2,2,4,0.2
3,4,2,2,4,2,1
3,4,2,3,2,1,0.25
3,4,2,3,2,2,0.5
3,4,2,3,2,3,0.25
3,4,2,3,3,2,0.42857
3,4,2,3,3,3,0.42857
3,4,2,3,3,6,0.14286
3,4,2,3,4,3,0.5
3,4,2,3,4,6,0.5
3,4,2,4,2,2,0.33333
3,4,2,4,2,4,0.66667
3,4,2,4,3,4,1
3,4,2,4,4,2,0.5
3,4,2,4,4,3,0.33333
3,4,2,4,4,4,0.16667
3,4,2,4,5,1,1
3,4,3,1,3,2,0.5
3,4,3,1,3,3,0.5
3,4,3,1,4,4,1
3,4,3,1,7,3,1
3,4,3,2,2,2,0.66667
3,4,3,2,2,4,0.33333
3,4,3,2,3,2,1
3,4,3,2,4,4,1
3,4,3,3,2,3,0.5
3,4,3,3,2,4,0.5
3,4,3,3,3,1,0.058824
3,4,3,3,3,3,0.76471
3,4,3,3,3,4,0.058824
3,4,3,3,3,6,0.11765
3,4,3,3,4,2,0.076923
3,4,3,3,4,3,0.30769
3,4,3,3,4,4,0.53846
3,4,3,3,4,6,0.076923
3,4,3,3,6,1,1
3,4,3,4,1,3,1
3,4,3,4,2,2,0.25
3,4,3,4,2,3,0.75
3,4,3,4,3,3,0.375
3,4,3,4,3,4,0.5
3,4,3,4,3,6,0.125
3,4,3,4,4,1,0.090909
3,4,3,4,4,2,0.18182
3,4,3,4,4,3,0.27273
3,4,3,4,4,4,0.27273
3,4,3,4,4,6,0.090909
3,4,3,4,4,10,0.090909
3,4,3,4,5,4,1
3,4,3,4,6,1,0.25
3,4,3,4,6,3,0.25
3,4,3,4,6,4,0.25
3,4,3,4,6,6,0.25
3,4,3,5,3,4,0.5
3,4,3,5,3,6,0.5
3,4,3,5,4,4,1
3,4,3,5,6,4,0.5
3,4,3,5,6,5,0.5
3,4,3,5,10,3,1
3,4,3,6,3,3,0.33333
3,4,3,6,3,4,0.66667
3,4,3,6,4,5,1
3,4,3,6,5,7,1
3,4,3,6,6,4,1
3,4,3,6,7,10,1
3,4,3,7,3,7,1
3,4,3,10,10,10,1
3,4,4,1,2,3,1
3,4,4,1,5,4,1
3,4,4,1,6,4,1
3,4,4,2,2,2,0.5
3,4,4,2,2,3,0.5
3,4,4,2,3,3,1
3,4,4,2,4,1,0.125
3,4,4,2,4,3,0.125
3,4,4,2,4,4,0.5
3,4,4,2,4,5,0.125
3,4,4,2,4,6,0.125
3,4,4,2,6,4,1
3,4,4,3,2,4,1
3,4,4,3,3,2,0.14286
3,4,4,3,3,3,0.57143
3,4,4,3,3,4,0.14286
3,4,4,3,3,6,0.14286
3,4,4,3,4,2,0.090909
3,4,4,3,4,3,0.18182
3,4,4,3,4,4,0.45455
3,4,4,3,4,5,0.090909
3,4,4,3,4,6,0.18182
3,4,4,3,5,4,1
3,4,4,3,6,3,0.5
3,4,4,3,6,7,0.5
3,4,4,3,7,3,1
3,4,4,3,10,10,1
3,4,4,4,1,4,1
3,4,4,4,2,2,0.16667
3,4,4,4,2,4,0.5
3,4,4,4,2,6,0.33333
3,4,4,4,3,3,0.66667
3,4,4,4,3,4,0.16667
3,4,4,4,3,5,0.16667
3,4,4,4,4,2,0.13514
3,4,4,4,4,3,0.16216
3,4,4,4,4,4,0.64865
3,4,4,4,4,6,0.054054
3,4,4,4,5,3,1
3,4,4,4,6,1,0.14286
3,4,4,4,6,2,0.28571
3,4,4,4,6,3,0.14286
3,4,4,4,6,4,0.42857
3,4,4,4,10,10,1
3,4,4,5,3,4,1
3,4,4,5,4,3,1
3,4,4,6,1,4,1
3,4,4,6,2,6,1
3,4,4,6,3,3,0.33333
3,4,4,6,3,4,0.66667
3,4,4,6,4,3,0.4
3,4,4,6,4,4,0.4
3,4,4,6,4,6,0.2
3,4,4,6,5,6,1
3,4,4,6,6,3,1
3,4,4,8,10,10,1
3,4,4,10,10,4,1
3,4,5,1,6,4,1
3,4,5,1,8,2,1
3,4,5,2,4,4,1
3,4,5,3,3,4,1
3,4,5,4,4,3,0.25
3,4,5,4,4,4,0.25
3,4,5,4,4,5,0.25
3,4,5,4,4,6,0.25
3,4,5,4,8,2,1
3,4,5,5,1,3,1
3,4,5,5,4,4,1
3,4,5,5,5,4,0.5
3,4,5,5,5,7,0.5
3,4,5,5,6,3,1
3,4,5,5,9,8,1
3,4,6,1,3,4,0.5
3,4,6,1,3,6,0.5
3,4,6,1,5,6,1
3,4,6,2,2,2,1
3,4,6,2,3,2,0.5
3,4,6,2,3,3,0.5
3,4,6,2,4,4,1
3,4,6,2,5,4,1
3,4,6,2,7,3,1
3,4,6,3,3,2,0.16667
3,4,6,3,3,3,0.16667
3,4,6,3,3,4,0.33333
3,4,6,3,3,6,0.33333
3,4,6,3,4,1,0.14286
3,4,6,3,4,2,0.14286
3,4,6,3,4,4,0.71429
3,4,6,4,4,4,0.57143
3,4,6,4,4,6,0.28571
3,4,6,4,4,10,0.14286
3,4,6,4,5,4,0.5
3,4,6,4,5,6,0.5
3,4,6,4,6,4,1
3,4,6,5,6,4,1
3,4,6,6,6,6,1
3,4,6,6,8,7,1
3,4,6,7,9,4,1
3,4,6,9,10,10,1
3,4,7,3,6,4,1
3,4,8,4,3,2,1
3,4,8,7,6,2,1
3,4,10,2,3,1,1
3,5,1,4,4,4,1
3,5,1,5,3,2,1
3,5,2,2,1,3,1
3,5,2,3,4,1,1
3,5,2,4,6,2,1
3,5,3,2,2,3,1
3,5,3,3,2,2,1
3,5,3,3,4,3,1
3,5,3,4,4,1,0.5
3,5,3,4,4,6,0.5
3,5,3,4,6,2,1
3,5,3,5,3,4,1
3,5,3,5,4,3,1
3,5,3,6,1,4,1
3,5,3,6,3,3,1
3,5,4,3,4,4,1
3,5,4,3,5,4,1
3,5,4,3,6,6,1
3,5,4,4,3,4,0.5
3,5,4,4,3,6,0.5
3,5,4,4,4,4,1
3,5,4,4,5,5,1
3,5,4,4,6,3,0.5
3,5,4,4,6,6,0.5
3,5,4,6,4,6,1
3,5,5,4,6,2,1
3,5,5,6,4,4,1
3,5,6,1,4,4,1
3,5,6,3,6,4,1
3,5,6,4,6,2,0.5
3,5,6,4,6,4,0.5
3,5,6,5,6,6,1
3,5,7,10,6,7,1
3,5,10,3,6,6,1
3,5,10,10,10,10,1
3,6,1,2,2,2,1
3,6,1,3,4,3,1
3,6,1,3,7,3,1
3,6,1,4,3,3,1
3,6,1,4,4,2,0.4
3,6,1,4,4,4,0.6
3,6,1,5,4,6,1
3,6,1,6,2,3,1
3,6,1,6,3,4,1
3,6,2,2,3,2,1
3,6,2,3,4,2,1
3,6,2,5,4,4,1
3,6,2,6,2,4,1
3,6,2,6,3,3,1
3,6,2,8,2,6,1
3,6,3,1,4,3,0.5
3,6,3,1,4,4,0.5
3,6,3,2,2,3,1
3,6,3,2,3,3,1
3,6,3,2,4,4,1
3,6,3,3,3,3,1
3,6,3,3,4,2,0.25
3,6,3,3,4,3,0.25
3,6,3,3,4,4,0.25
3,6,3,3,4,7,0.25
3,6,3,3,5,4,1
3,6,3,3,6,3,1
3,6,3,3,7,4,1
3,6,3,4,1,4,1
3,6,3,4,2,4,1
3,6,3,4,3,4,0.25
3,6,3,4,3,5,0.5
3,6,3,4,3,6,0.25
3,6,3,4,4,3,0.18182
3,6,3,4,4,4,0.63636
3,6,3,4,4,6,0.18182
3,6,3,4,5,3,0.5
3,6,3,4,5,5,0.5
3,6,3,4,6,4,1
3,6,3,5,1,4,1
3,6,3,5,3,3,1
3,6,3,5,6,4,1
3,6,3,6,3,4,0.66667
3,6,3,6,3,6,0.33333
3,6,3,6,4,4,0.33333
3,6,3,6,4,6,0.33333
3,6,3,6,4,7,0.33333
3,6,4,1,4,6,1
3,6,4,4,3,3,0.5
3,6,4,4,3,4,0.5
3,6,4,4,5,1,0.5
3,6,4,4,5,4,0.5
3,6,4,4,6,4,0.66667
3,6,4,4,6,6,0.33333
3,6,4,5,3,4,1
3,6,4,5,4,6,1
3,6,4,5,6,3,0.5
3,6,4,5,6,6,0.5
3,6,4,6,4,4,0.33333
3,6,4,6,4,6,0.66667
3,6,4,6,6,4,1
3,6,4,6,7,7,1
3,6,4,7,4,3,1
3,6,4,7,5,5,1
3,6,4,7,8,7,1
3,6,4,8,2,8,1
3,6,4,10,10,8,1
3,6,5,3,6,3,0.5
3,6,5,3,6,6,0.5
3,6,5,4,3,4,0.5
3,6,5,4,3,5,0.5
3,6,5,4,4,4,1
3,6,5,5,4,6,1
3,6,5,7,10,10,1
3,6,6,1,4,4,1
3,6,6,4,4,3,1
3,6,6,4,6,6,1
3,6,6,5,1,5,1
3,6,6,5,6,7,1
3,6,6,5,8,6,1
3,6,6,6,10,10,1
3,6,6,7,7,6,1
3,6,7,8,8,10,1
3,6,7,10,10,10,1
3,6,8,10,4,6,1
3,6,9,6,6,5,1
3,6,9,10,10,10,1
3,6,10,10,10,9,1
3,7,1,6,4,6,1
3,7,2,1,6,4,1
3,7,2,8,2,2,1
3,7,3,3,6,1,1
3,7,3,4,6,2,0.5
3,7,3,4,6,3,0.5
3,7,3,6,4,6,1
3,7,3,7,1,6,1
3,7,3,7,2,1,1
3,7,3,7,3,3,0.041667
3,7,3,7,3,6,0.041667
3,7,3,7,3,7,0.91667
3,7,3,7,4,6,1
3,7,3,7,7,8,1
3,7,3,8,8,8,1
3,7,4,4,4,2,0.5
3,7,4,4,4,4,0.5
3,7,4,6,4,6,0.5
3,7,4,6,4,8,0.5
3,7,6,3,5,4,1
3,7,7,8,8,7,1
3,8,2,8,2,8,1
3,8,8,8,6,4,1
3,10,4,6,1,4,1
3,10,5,3,4,3,1
3,10,10,10,2,6,1
3,10,10,10,10,2,0.16667
3,10,10,10,10,8,0.16667
3,10,10,10,10,10,0.66667
4,1,1,2,2,4,1
4,1,2,2,5,1,1
4,1,2,3,1,2,1
4,1,3,1,3,2,1
4,1,3,2,2,2,1
4,1,3,2,4,2,1
4,1,3,3,3,3,1
4,1,3,3,4,4,1
4,1,3,3,6,3,1
4,1,3,4,3,3,1
4,1,3,4,4,2,0.5
4,1,3,4,4,8,0.5
4,1,3,6,3,4,1
4,1,3,6,4,1,0.5
4,1,3,6,4,4,0.5
4,1,4,2,4,2,0.5
4,1,4,2,4,4,0.5
4,1,4,3,3,2,0.25
4,1,4,3,3,3,0.25
4,1,4,3,3,4,0.5
4,1,4,3,4,1,1
4,1,4,4,2,2,0.5
4,1,4,4,2,4,0.5
4,1,4,4,4,4,0.75
4,1,4,4,4,6,0.25
4,1,4,4,6,3,1
4,1,4,5,4,3,0.5
4,1,4,5,4,4,0.5
4,1,4,6,1,3,0.5
4,1,4,6,1,5,0.5
4,1,4,6,2,4,1
4,1,4,6,3,1,0.5
4,1,4,6,3,4,0.5
4,1,4,6,5,3,1
4,1,5,1,2,4,1
4,1,5,3,2,4,1
4,1,5,4,1,3,0.5
4,1,5,4,1,4,0.5
4,1,6,1,2,4,1
4,1,6,3,2,2,1
4,1,6,4,1,4,1
4,1,6,4,5,6,1
4,1,6,6,5,5,1
4,1,7,3,6,4,1
4,2,1,2,3,2,1
4,2,1,4,3,4,1
4,2,2,1,3,2,0.5
4,2,2,1,3,4,0.5
4,2,2,1,6,1,1
4,2,2,2,1,3,1
4,2,2,2,2,1,0.0074074
4,2,2,2,2,2,0.82222
4,2,2,2,2,3,0.014815
4,2,2,2,2,4,0.13333
4,2,2,2,2,6,0.022222
4,2,2,2,3,2,0.5
4,2,2,2,3,3,0.5
4,2,2,2,4,1,0.023256
4,2,2,2,4,2,0.7907
4,2,2,2,4,3,0.023256
4,2,2,2,4,4,0.16279
4,2,2,2,6,1,0.5
4,2,2,2,6,4,0.5
4,2,2,2,7,1,1
4,2,2,3,2,2,0.5
4,2,2,3,2,3,0.5
4,2,2,3,3,2,0.44444
4,2,2,3,3,3,0.11111
4,2,2,3,3,4,0.22222
4,2,2,3,3,5,0.11111
4,2,2,3,3,6,0.11111
4,2,2,3,5,1,0.5
4,2,2,3,5,3,0.5
4,2,2,4,1,3,1
4,2,2,4,2,2,0.76667
4,2,2,4,2,3,0.1
4,2,2,4,2,4,0.13333
4,2,2,4,3,1,1
4,2,2,4,4,2,0.66667
4,2,2,4,4,4,0.33333
4,2,2,6,1,2,1
4,2,2,6,2,1,1
4,2,2,6,4,2,1
4,2,2,6,6,4,1
4,2,3,1,3,3,1
4,2,3,1,4,2,1
4,2,3,1,6,1,1
4,2,3,2,1,3,1
4,2,3,2,2,2,0.5
4,2,3,2,2,3,0.5
4,2,3,2,3,2,0.5
4,2,3,2,3,3,0.5
4,2,3,2,4,3,1
4,2,3,3,1,3,1
4,2,3,3,2,3,0.75
4,2,3,3,2,4,0.25
4,2,3,3,3,2,0.16667
4,2,3,3,3,3,0.5
4,2,3,3,3,4,0.33333
4,2,3,3,4,3,0.2
4,2,3,3,4,4,0.6
4,2,3,3,4,5,0.2
4,2,3,3,6,1,1
4,2,3,4,1,4,1
4,2,3,4,3,2,0.25
4,2,3,4,3,4,0.25
4,2,3,4,3,5,0.25
4,2,3,4,3,6,0.25
4,2,3,4,6,4,1
4,2,3,5,4,4,1
4,2,3,6,3,4,1
4,2,4,1,6,3,1
4,2,4,2,2,2,0.67568
4,2,4,2,2,3,0.054054
4,2,4,2,2,4,0.27027
4,2,4,2,3,3,0.5
4,2,4,2,3,4,0.5
4,2,4,2,4,2,0.375
4,2,4,2,4,3,0.1875
4,2,4,2,4,4,0.4375
4,2,4,3,1,4,1
4,2,4,3,2,3,1
4,2,4,3,3,3,0.8
4,2,4,3,3,4,0.2
4,2,4,3,4,1,0.28571
4,2,4,3,4,2,0.14286
4,2,4,3,4,3,0.28571
4,2,4,3,4,4,0.14286
4,2,4,3,4,5,0.14286
4,2,4,3,5,4,1
4,2,4,4,1,3,1
4,2,4,4,2,2,0.18182
4,2,4,4,2,3,0.030303
4,2,4,4,2,4,0.78788
4,2,4,4,3,3,0.625
4,2,4,4,3,4,0.25
4,2,4,4,3,6,0.125
4,2,4,4,4,1,0.021277
4,2,4,4,4,2,0.19149
4,2,4,4,4,3,0.085106
4,2,4,4,4,4,0.68085
4,2,4,4,4,6,0.021277
4,2,4,4,6,1,0.6
4,2,4,4,6,3,0.2
4,2,4,4,6,4,0.2
4,2,4,4,8,4,1
4,2,4,5,1,4,0.66667
4,2,4,5,1,6,0.33333
4,2,4,6,2,4,1
4,2,4,6,3,1,0.5
4,2,4,6,3,6,0.5
4,2,4,6,4,4,1
4,2,4,6,6,4,1
4,2,4,9,4,4,1
4,2,5,1,4,4,1
4,2,6,1,1,4,1
4,2,6,1,2,4,1
4,2,6,2,2,2,1
4,2,6,2,4,2,1
4,2,6,2,6,3,1
4,2,6,3,4,1,1
4,2,6,4,4,2,0.25
4,2,6,4,4,3,0.25
4,2,6,4,4,6,0.5
4,2,6,4,5,3,1
4,2,6,9,5,6,1
4,2,7,3,7,3,1
4,3,1,2,2,2,1
4,3,1,3,2,3,1
4,3,1,3,3,3,0.5
4,3,1,3,3,4,0.5
4,3,1,4,2,4,1
4,3,1,4,4,1,0.33333
4,3,1,4,4,4,0.66667
4,3,1,7,3,7,1
4,3,2,1,2,4,1
4,3,2,1,3,5,1
4,3,2,1,5,1,1
4,3,2,2,2,2,0.33333
4,3,2,2,2,3,0.33333
4,3,2,2,2,5,0.33333
4,3,2,2,3,2,1
4,3,2,2,4,2,1
4,3,2,3,2,3,1
4,3,2,3,3,3,1
4,3,2,4,1,4,1
4,3,2,4,3,4,1
4,3,2,4,4,2,0.33333
4,3,2,4,4,3,0.33333
4,3,2,4,4,4,0.33333
4,3,2,6,3,3,1
4,3,3,1,2,3,1
4,3,3,1,3,3,1
4,3,3,2,2,2,0.63636
4,3,3,2,2,3,0.27273
4,3,3,2,2,4,0.090909
4,3,3,2,3,2,0.27273
4,3,3,2,3,3,0.63636
4,3,3,2,3,4,0.090909
4,3,3,2,4,3,0.5
4,3,3,2,4,4,0.25
4,3,3,2,4,6,0.25
4,3,3,3,1,2,0.5
4,3,3,3,1,4,0.5
4,3,3,3,2,2,0.33333
4,3,3,3,2,3,0.66667
4,3,3,3,3,2,0.15152
4,3,3,3,3,3,0.72727
4,3,3,3,3,4,0.12121
4,3,3,3,4,1,0.25
4,3,3,3,4,3,0.75
4,3,3,3,6,1,0.66667
4,3,3,3,6,8,0.33333
4,3,3,4,2,3,0.33333
4,3,3,4,2,4,0.66667
4,3,3,4,3,1,0.1
4,3,3,4,3,3,0.6
4,3,3,4,3,4,0.2
4,3,3,4,3,5,0.1
4,3,3,4,4,2,0.090909
4,3,3,4,4,3,0.36364
4,3,3,4,4,4,0.5
4,3,3,4,4,6,0.045455
4,3,3,4,5,4,0.5
4,3,3,4,5,5,0.5
4,3,3,4,6,2,0.5
4,3,3,4,6,3,0.5
4,3,3,5,4,4,1
4,3,3,6,1,3,1
4,3,3,6,2,6,0.5
4,3,3,6,2,8,0.5
4,3,3,6,3,4,0.5
4,3,3,6,3,6,0.5
4,3,3,6,4,6,1
4,3,3,6,6,5,1
4,3,4,1,3,3,1
4,3,4,1,4,2,0.33333
4,3,4,1,4,6,0.66667
4,3,4,2,2,4,1
4,3,4,2,3,2,0.6
4,3,4,2,3,3,0.2
4,3,4,2,3,4,0.2
4,3,4,2,4,5,1
4,3,4,3,1,7,1
4,3,4,3,2,2,1
4,3,4,3,3,2,0.42857
4,3,4,3,3,4,0.57143
4,3,4,3,4,2,0.125
4,3,4,3,4,3,0.25
4,3,4,3,4,4,0.4375
4,3,4,3,4,5,0.0625
4,3,4,3,4,6,0.125
4,3,4,3,5,3,0.5
4,3,4,3,5,10,0.5
4,3,4,3,6,3,0.5
4,3,4,3,6,6,0.5
4,3,4,3,10,10,1
4,3,4,4,1,2,0.5
4,3,4,4,1,5,0.5
4,3,4,4,2,2,0.25
4,3,4,4,2,4,0.5
4,3,4,4,2,6,0.25
4,3,4,4,3,3,0.28571
4,3,4,4,3,4,0.57143
4,3,4,4,3,6,0.14286
4,3,4,4,4,2,0.066667
4,3,4,4,4,3,0.066667
4,3,4,4,4,4,0.66667
4,3,4,4,4,5,0.066667
4,3,4,4,4,6,0.13333
4,3,4,4,5,3,0.5
4,3,4,4,5,4,0.5
4,3,4,4,6,1,0.33333
4,3,4,4,6,4,0.33333
4,3,4,4,6,6,0.33333
4,3,4,4,10,10,1
4,3,4,5,1,8,1
4,3,4,5,2,4,1
4,3,4,5,4,4,1
4,3,4,5,5,1,0.25
4,3,4,5,5,5,0.5
4,3,4,5,5,9,0.25
4,3,4,6,1,3,1
4,3,4,6,3,3,0.2
4,3,4,6,3,4,0.8
4,3,4,6,4,4,1
4,3,4,6,6,6,0.5
4,3,4,6,6,8,0.5
4,3,4,6,7,9,1
4,3,4,10,2,3,1
4,3,5,3,4,6,1
4,3,5,3,5,3,1
4,3,5,3,6,1,0.5
4,3,5,3,6,3,0.5
4,3,5,4,3,6,1
4,3,5,4,4,3,0.11111
4,3,5,4,4,4,0.66667
4,3,5,4,4,5,0.11111
4,3,5,4,4,6,0.11111
4,3,5,4,6,4,1
4,3,5,5,4,6,1
4,3,5,6,1,4,1
4,3,5,6,4,6,1
4,3,5,6,5,6,1
4,3,5,10,3,6,1
4,3,5,10,10,10,1
4,3,6,1,4,4,1
4,3,6,2,5,4,1
4,3,6,3,3,4,0.66667
4,3,6,3,3,6,0.33333
4,3,6,3,4,2,0.076923
4,3,6,3,4,3,0.30769
4,3,6,3,4,4,0.61538
4,3,6,3,5,3,0.5
4,3,6,3,5,6,0.5
4,3,6,3,6,3,1
4,3,6,4,5,4,1
4,3,6,4,7,5,1
4,3,6,5,3,6,1
4,3,6,5,4,3,1
4,3,6,5,7,10,1
4,3,6,6,4,4,0.5
4,3,6,6,4,6,0.5
4,3,6,7,8,8,1
4,3,6,7,10,10,1
4,3,6,9,10,10,1
4,3,6,10,10,10,1
4,3,7,3,4,6,1
4,3,7,3,7,3,1
4,3,7,3,8,8,1
4,3,10,10,10,10,1
4,4,1,1,2,2,1
4,4,1,2,3,1,1
4,4,1,3,2,2,1
4,4,1,3,4,3,0.5
4,4,1,3,4,4,0.5
4,4,1,3,6,4,1
4,4,1,4,3,3,1
4,4,1,4,4,2,1
4,4,1,4,6,2,0.33333
4,4,1,4,6,3,0.33333
4,4,1,4,6,5,0.33333
4,4,1,5,4,1,1
4,4,1,6,4,1,0.5
4,4,1,6,4,5,0.5
4,4,1,6,6,5,1
4,4,2,2,1,3,1
4,4,2,2,2,2,0.69444
4,4,2,2,2,4,0.27778
4,4,2,2,2,6,0.027778
4,4,2,2,3,2,0.2
4,4,2,2,3,3,0.6
4,4,2,2,3,5,0.2
4,4,2,2,4,2,0.66667
4,4,2,2,4,4,0.33333
4,4,2,2,6,1,0.5
4,4,2,2,6,2,0.5
4,4,2,3,1,4,1
4,4,2,3,3,1,0.16667
4,4,2,3,3,2,0.16667
4,4,2,3,3,3,0.16667
4,4,2,3,3,4,0.5
4,4,2,3,4,3,1
4,4,2,3,5,4,1
4,4,2,3,6,3,1
4,4,2,4,1,6,1
4,4,2,4,2,2,0.53333
4,4,2,4,2,4,0.46667
4,4,2,4,3,1,0.125
4,4,2,4,3,2,0.125
4,4,2,4,3,3,0.25
4,4,2,4,3,4,0.5
4,4,2,4,4,1,0.013158
4,4,2,4,4,2,0.34211
4,4,2,4,4,3,0.039474
4,4,2,4,4,4,0.52632
4,4,2,4,4,6,0.065789
4,4,2,4,4,8,0.013158
4,4,2,4,5,1,1
4,4,2,4,6,2,0.2
4,4,2,4,6,3,0.2
4,4,2,4,6,4,0.4
4,4,2,4,6,6,0.2
4,4,2,5,1,4,1
4,4,2,6,1,1,1
4,4,2,6,2,2,0.33333
4,4,2,6,2,4,0.33333
4,4,2,6,2,6,0.33333
4,4,2,6,3,4,1
4,4,2,6,4,4,0.75
4,4,2,6,4,5,0.25
4,4,2,6,9,5,1
4,4,2,7,3,7,1
4,4,3,1,3,3,1
4,4,3,2,4,1,0.5
4,4,3,2,4,3,0.5
4,4,3,3,1,3,1
4,4,3,3,2,2,0.33333
4,4,3,3,2,3,0.66667
4,4,3,3,3,2,0.10526
4,4,3,3,3,3,0.73684
4,4,3,3,3,4,0.10526
4,4,3,3,3,6,0.052632
4,4,3,3,4,2,0.058824
4,4,3,3,4,3,0.29412
4,4,3,3,4,4,0.58824
4,4,3,3,4,5,0.058824
4,4,3,3,6,2,0.4
4,4,3,3,6,3,0.4
4,4,3,3,6,6,0.2
4,4,3,4,2,3,1
4,4,3,4,3,2,0.076923
4,4,3,4,3,3,0.076923
4,4,3,4,3,4,0.61538
4,4,3,4,3,5,0.15385
4,4,3,4,3,10,0.076923
4,4,3,4,4,1,0.083333
4,4,3,4,4,2,0.083333
4,4,3,4,4,3,0.16667
4,4,3,4,4,4,0.5
4,4,3,4,4,5,0.16667
4,4,3,4,5,2,0.2
4,4,3,4,5,4,0.2
4,4,3,4,5,5,0.6
4,4,3,4,6,3,0.5
4,4,3,4,6,4,0.33333
4,4,3,4,6,6,0.16667
4,4,3,5,4,3,0.16667
4,4,3,5,4,4,0.83333
4,4,3,5,6,1,1
4,4,3,5,10,10,1
4,4,3,6,1,4,1
4,4,3,6,2,5,1
4,4,3,6,3,3,0.14286
4,4,3,6,3,4,0.64286
4,4,3,6,3,5,0.071429
4,4,3,6,3,6,0.14286
4,4,3,6,4,7,1
4,4,3,6,5,3,0.33333
4,4,3,6,5,4,0.66667
4,4,3,6,7,8,1
4,4,3,6,9,10,1
4,4,3,6,10,10,1
4,4,3,7,3,4,0.5
4,4,3,7,3,8,0.5
4,4,3,10,10,10,1
4,4,4,1,1,2,1
4,4,4,1,3,2,0.33333
4,4,4,1,3,4,0.66667
4,4,4,1,4,3,0.5
4,4,4,1,4,6,0.5
4,4,4,1,5,4,1
4,4,4,2,2,2,0.66667
4,4,4,2,2,3,0.11111
4,4,4,2,2,4,0.22222
4,4,4,2,3,3,0.5
4,4,4,2,3,5,0.16667
4,4,4,2,3,6,0.33333
4,4,4,2,4,2,0.12281
4,4,4,2,4,3,0.052632
4,4,4,2,4,4,0.77193
4,4,4,2,4,6,0.052632
4,4,4,2,5,1,1
4,4,4,2,6,2,0.33333
4,4,4,2,6,3,0.16667
4,4,4,2,6,4,0.33333
4,4,4,2,6,9,0.16667
4,4,4,3,2,4,1
4,4,4,3,3,2,0.20833
4,4,4,3,3,3,0.25
4,4,4,3,3,4,0.41667
4,4,4,3,3,6,0.125
4,4,4,3,4,2,0.055556
4,4,4,3,4,3,0.33333
4,4,4,3,4,4,0.27778
4,4,4,3,4,5,0.16667
4,4,4,3,4,6,0.16667
4,4,4,3,5,4,1
4,4,4,3,6,3,0.73333
4,4,4,3,6,4,0.066667
4,4,4,3,6,5,0.13333
4,4,4,3,6,9,0.066667
4,4,4,3,7,3,1
4,4,4,4,1,1,0.33333
4,4,4,4,1,4,0.33333
4,4,4,4,1,5,0.33333
4,4,4,4,2,2,0.058824
4,4,4,4,2,3,0.058824
4,4,4,4,2,4,0.80392
4,4,4,4,2,5,0.019608
4,4,4,4,2,6,0.058824
4,4,4,4,3,2,0.02439
4,4,4,4,3,3,0.34146
4,4,4,4,3,4,0.21951
4,4,4,4,3,5,0.04878
4,4,4,4,3,6,0.34146
4,4,4,4,3,7,0.02439
4,4,4,4,4,1,0.0027663
4,4,4,4,4,2,0.04426
4,4,4,4,4,3,0.038728
4,4,4,4,4,4,0.79945
4,4,4,4,4,5,0.02213
4,4,4,4,4,6,0.092669
4,4,4,4,5,1,0.33333
4,4,4,4,5,3,0.11111
4,4,4,4,5,4,0.22222
4,4,4,4,5,5,0.11111
4,4,4,4,5,6,0.22222
4,4,4,4,6,1,0.058824
4,4,4,4,6,2,0.058824
4,4,4,4,6,3,0.023529
4,4,4,4,6,4,0.68235
4,4,4,4,6,5,0.023529
4,4,4,4,6,6,0.15294
4,4,4,5,1,3,0.090909
4,4,4,5,1,4,0.81818
4,4,4,5,1,6,0.090909
4,4,4,5,3,4,0.83333
4,4,4,5,3,5,0.16667
4,4,4,5,4,4,0.75
4,4,4,5,4,5,0.25
4,4,4,5,5,4,0.5
4,4,4,5,5,6,0.5
4,4,4,5,6,3,0.5
4,4,4,5,6,4,0.25
4,4,4,5,6,6,0.25
4,4,4,6,1,3,0.125
4,4,4,6,1,4,0.75
4,4,4,6,1,5,0.125
4,4,4,6,2,4,0.72727
4,4,4,6,2,5,0.090909
4,4,4,6,2,6,0.18182
4,4,4,6,3,1,0.33333
4,4,4,6,3,6,0.66667
4,4,4,6,4,2,0.012987
4,4,4,6,4,3,0.012987
4,4,4,6,4,4,0.85714
4,4,4,6,4,6,0.11688
4,4,4,6,5,1,1
4,4,4,6,6,4,0.78571
4,4,4,6,6,6,0.21429
4,4,4,7,1,4,1
4,4,4,10,10,10,1
4,4,5,1,3,4,1
4,4,5,1,4,2,0.090909
4,4,5,1,4,4,0.81818
4,4,5,1,4,5,0.090909
4,4,5,1,5,1,1
4,4,5,1,6,1,0.5
4,4,5,1,6,4,0.5
4,4,5,3,4,4,0.71429
4,4,5,3,4,5,0.14286
4,4,5,3,4,6,0.14286
4,4,5,3,5,3,1
4,4,5,3,6,4,1
4,4,5,4,1,4,1
4,4,5,4,3,5,1
4,4,5,4,4,1,0.33333
4,4,5,4,4,4,0.33333
4,4,5,4,4,5,0.33333
4,4,5,4,5,5,1
4,4,5,5,4,6,1
4,4,5,5,5,6,1
4,4,5,5,6,3,0.5
4,4,5,5,6,6,0.5
4,4,5,6,3,4,1
4,4,5,6,4,4,1
4,4,5,6,6,2,1
4,4,6,1,3,5,0.5
4,4,6,1,3,6,0.5
4,4,6,1,4,4,1
4,4,6,1,5,1,1
4,4,6,1,6,1,1
4,4,6,2,4,3,0.1
4,4,6,2,4,4,0.7
4,4,6,2,4,6,0.2
4,4,6,2,5,4,1
4,4,6,2,6,2,0.33333
4,4,6,2,6,4,0.66667
4,4,6,3,1,4,1
4,4,6,3,3,4,1
4,4,6,3,4,3,0.4
4,4,6,3,4,4,0.6
4,4,6,3,6,3,0.5
4,4,6,3,6,5,0.5
4,4,6,3,7,3,1
4,4,6,4,2,2,1
4,4,6,4,3,3,0.33333
4,4,6,4,3,6,0.66667
4,4,6,4,4,2,0.024691
4,4,6,4,4,3,0.012346
4,4,6,4,4,4,0.82716
4,4,6,4,4,5,0.012346
4,4,6,4,4,6,0.12346
4,4,6,4,6,4,0.83333
4,4,6,4,6,5,0.16667
4,4,6,4,7,1,0.5
4,4,6,4,7,3,0.5
4,4,6,5,1,4,0.5
4,4,6,5,1,6,0.5
4,4,6,5,6,2,0.5
4,4,6,5,6,7,0.5
4,4,6,6,3,4,1
4,4,6,6,4,4,0.92857
4,4,6,6,4,6,0.071429
4,4,6,6,6,4,0.5
4,4,6,6,6,5,0.16667
4,4,6,6,6,6,0.33333
4,4,6,6,10,10,1
4,4,6,7,8,7,1
4,4,6,8,10,10,1
4,4,7,1,4,4,1
4,4,7,7,7,7,1
4,4,8,4,4,4,1
4,4,8,10,10,6,0.5
4,4,8,10,10,10,0.5
4,4,10,10,4,6,1
4,4,10,10,10,10,1
4,5,1,3,4,2,1
4,5,1,4,2,4,1
4,5,1,4,4,2,0.083333
4,5,1,4,4,3,0.083333
4,5,1,4,4,4,0.66667
4,5,1,4,4,5,0.083333
4,5,1,4,4,6,0.083333
4,5,1,4,5,1,1
4,5,1,5,1,4,1
4,5,1,6,1,4,1
4,5,1,6,4,4,0.6
4,5,1,6,4,5,0.4
4,5,1,6,6,6,1
4,5,1,8,2,8,1
4,5,2,4,4,3,0.5
4,5,2,4,4,4,0.5
4,5,3,2,4,6,1
4,5,3,3,4,3,1
4,5,3,4,3,10,1
4,5,3,4,4,3,0.14286
4,5,3,4,4,4,0.71429
4,5,3,4,4,6,0.14286
4,5,3,4,5,4,1
4,5,3,4,6,3,1
4,5,3,5,3,5,1
4,5,3,6,1,6,1
4,5,3,6,4,5,1
4,5,4,1,4,4,0.66667
4,5,4,1,4,6,0.33333
4,5,4,3,4,6,1
4,5,4,3,5,3,0.5
4,5,4,3,5,5,0.5
4,5,4,3,6,3,1
4,5,4,4,1,4,1
4,5,4,4,3,4,0.5
4,5,4,4,3,5,0.5
4,5,4,4,4,3,0.5
4,5,4,4,4,4,0.5
4,5,4,4,5,1,0.5
4,5,4,4,5,5,0.5
4,5,4,4,6,7,1
4,5,4,5,5,1,1
4,5,4,6,3,2,1
4,5,4,6,4,10,1
4,5,4,8,2,10,1
4,5,5,1,3,4,1
4,5,5,1,4,5,1
4,5,5,4,1,7,1
4,5,5,4,4,5,1
4,5,5,4,6,4,1
4,5,5,5,4,3,0.5
4,5,5,5,4,9,0.5
4,5,5,5,6,4,1
4,5,5,5,7,8,1
4,5,5,6,2,2,1
4,5,5,6,3,4,1
4,5,5,6,6,3,0.66667
4,5,5,6,6,6,0.33333
4,5,5,9,8,9,1
4,5,6,1,4,6,1
4,5,6,3,4,2,0.33333
4,5,6,3,4,3,0.33333
4,5,6,3,4,4,0.33333
4,5,6,3,6,3,1
4,5,6,4,4,4,1
4,5,6,4,6,6,1
4,5,6,5,4,4,0.5
4,5,6,5,4,6,0.5
4,5,6,5,6,6,1
4,5,6,6,2,6,1
4,5,6,6,9,7,1
4,6,1,2,2,2,1
4,6,1,3,4,3,1
4,6,1,3,5,2,1
4,6,1,3,6,3,0.66667
4,6,1,3,6,4,0.33333
4,6,1,4,2,4,1
4,6,1,4,4,2,0.2
4,6,1,4,4,3,0.1
4,6,1,4,4,4,0.6
4,6,1,4,4,6,0.1
4,6,1,5,1,4,1
4,6,1,5,5,1,1
4,6,1,5,6,3,1
4,6,1,6,1,4,1
4,6,2,2,2,2,1
4,6,2,2,5,4,1
4,6,2,3,2,2,1
4,6,2,3,3,3,1
4,6,2,3,4,3,0.5
4,6,2,3,4,4,0.5
4,6,2,3,6,1,1
4,6,2,4,3,3,0.66667
4,6,2,4,3,4,0.33333
4,6,2,4,4,3,0.090909
4,6,2,4,4,4,0.72727
4,6,2,4,4,5,0.090909
4,6,2,4,4,6,0.090909
4,6,2,4,5,3,1
4,6,2,4,6,4,0.5
4,6,2,4,6,5,0.5
4,6,2,5,4,4,1
4,6,2,6,2,4,1
4,6,2,6,4,4,0.5
4,6,2,6,4,5,0.5
4,6,2,7,3,4,1
4,6,3,1,3,4,0.5
4,6,3,1,3,5,0.5
4,6,3,1,4,4,0.83333
4,6,3,1,4,6,0.16667
4,6,3,2,4,4,1
4,6,3,3,2,3,1
4,6,3,3,3,3,1
4,6,3,3,4,4,0.4
4,6,3,3,4,6,0.6
4,6,3,3,6,3,1
4,6,3,4,1,4,0.5
4,6,3,4,1,5,0.5
4,6,3,4,2,4,1
4,6,3,4,3,2,0.5
4,6,3,4,3,4,0.5
4,6,3,4,4,2,0.125
4,6,3,4,4,3,0.375
4,6,3,4,4,4,0.375
4,6,3,4,4,6,0.125
4,6,3,6,3,3,1
4,6,3,6,4,6,1
4,6,3,6,5,3,1
4,6,3,7,3,4,1
4,6,3,7,4,4,1
4,6,4,2,2,6,1
4,6,4,3,3,1,0.5
4,6,4,3,3,5,0.5
4,6,4,3,4,3,1
4,6,4,3,6,3,1
4,6,4,4,2,2,0.33333
4,6,4,4,2,4,0.33333
4,6,4,4,2,6,0.33333
4,6,4,4,3,6,1
4,6,4,4,4,1,0.011905
4,6,4,4,4,2,0.011905
4,6,4,4,4,3,0.035714
4,6,4,4,4,4,0.75
4,6,4,4,4,6,0.15476
4,6,4,4,4,7,0.035714
4,6,4,4,5,1,0.5
4,6,4,4,5,3,0.5
4,6,4,4,6,1,0.125
4,6,4,4,6,2,0.0625
4,6,4,4,6,3,0.0625
4,6,4,4,6,4,0.5
4,6,4,4,6,6,0.1875
4,6,4,4,6,8,0.0625
4,6,4,4,7,7,1
4,6,4,4,10,10,1
4,6,4,5,3,4,1
4,6,4,5,4,1,0.5
4,6,4,5,4,3,0.5
4,6,4,5,5,5,0.33333
4,6,4,5,5,6,0.66667
4,6,4,5,6,3,0.5
4,6,4,5,6,5,0.5
4,6,4,6,2,2,1
4,6,4,6,3,1,0.6
4,6,4,6,3,3,0.2
4,6,4,6,3,7,0.2
4,6,4,6,4,3,0.043478
4,6,4,6,4,4,0.23913
4,6,4,6,4,5,0.065217
4,6,4,6,4,6,0.63043
4,6,4,6,4,8,0.021739
4,6,4,6,5,5,0.5
4,6,4,6,5,6,0.5
4,6,4,6,6,4,0.5
4,6,4,6,6,6,0.5
4,6,4,6,7,6,1
4,6,4,7,1,4,1
4,6,4,7,3,6,1
4,6,4,8,2,6,1
4,6,4,10,10,10,1
4,6,5,1,4,4,1
4,6,5,1,6,5,1
4,6,5,3,4,4,1
4,6,5,5,4,6,1
4,6,5,6,2,4,1
4,6,5,6,3,6,1
4,6,5,6,4,3,0.5
4,6,5,6,4,5,0.5
4,6,5,6,6,3,1
4,6,5,6,7,10,1
4,6,6,3,4,6,1
4,6,6,4,4,4,0.73333
4,6,6,4,4,6,0.26667
4,6,6,4,6,4,0.5
4,6,6,4,6,6,0.5
4,6,6,5,4,4,1
4,6,6,6,3,4,1
4,6,6,6,4,4,0.5
4,6,6,6,4,6,0.25
4,6,6,6,4,7,0.25
4,6,6,6,5,4,1
4,6,6,6,6,4,0.2
4,6,6,6,6,6,0.6
4,6,6,6,6,7,0.2
4,6,6,8,6,6,1
4,6,6,8,7,3,1
4,6,6,10,10,10,1
4,6,7,6,5,6,1
4,6,7,7,8,8,1
4,6,7,8,7,3,1
4,6,7,9,4,4,1
4,6,8,6,8,10,1
4,6,8,10,10,10,1
4,6,9,10,10,10,1
4,6,10,10,10,10,1
4,7,1,4,4,4,1
4,7,3,6,2,6,1
4,7,3,6,4,5,0.5
4,7,3,6,4,7,0.5
4,7,3,7,3,7,1
4,7,4,3,5,3,1
4,7,5,5,6,3,1
4,7,7,7,7,6,1
4,7,8,7,6,6,1
4,8,2,6,4,8,1
4,8,2,6,6,7,1
4,8,2,8,2,7,0.5
4,8,2,8,2,9,0.5
4,8,2,10,10,1,1
4,8,3,6,6,5,1
4,8,4,3,2,2,1
4,8,4,4,4,4,1
4,8,7,6,2,3,1
4,8,10,10,6,4,1
4,8,10,10,10,10,1
4,9,4,4,3,3,1
4,9,9,10,10,9,1
4,10,2,3,1,2,1
4,10,3,3,3,4,1
4,10,8,6,5,3,1
4,10,10,4,6,4,1
4,10,10,8,10,2,1
4,10,10,10,7,9,1
4,10,10,10,10,10,1
5,1,2,3,3,2,1
5,1,2,4,2,2,1
5,1,3,1,2,5,1
5,1,3,4,2,3,1
5,1,3,4,4,6,1
5,1,3,6,1,4,1
5,1,4,2,4,3,1
5,1,4,4,2,4,1
5,1,4,4,3,1,1
5,1,4,4,4,3,0.0625
5,1,4,4,4,4,0.5625
5,1,4,4,4,5,0.25
5,1,4,4,4,6,0.125
5,1,4,4,5,1,1
5,1,4,4,6,2,1
5,1,4,5,1,4,0.5
5,1,4,5,1,6,0.5
5,1,5,1,4,4,1
5,1,5,3,2,2,1
5,1,5,4,6,4,1
5,1,6,1,2,3,1
5,1,6,1,4,4,1
5,1,6,4,4,3,0.33333
5,1,6,4,4,4,0.66667
5,1,6,4,5,4,0.5
5,1,6,4,5,5,0.5
5,1,6,5,5,6,1
5,1,6,6,6,2,1
5,1,8,2,8,2,1
5,2,1,2,4,2,1
5,2,2,1,3,4,1
5,2,2,2,4,1,1
5,2,3,2,2,2,1
5,2,3,4,1,2,1
5,2,4,4,3,5,1
5,2,4,4,4,3,1
5,2,4,6,2,3,1
5,3,2,2,3,3,1
5,3,2,2,4,4,1
5,3,2,4,4,3,1
5,3,2,4,6,6,1
5,3,3,2,2,4,1
5,3,3,4,3,2,0.5
5,3,3,4,3,4,0.5
5,3,3,4,4,3,1
5,3,4,3,4,2,1
5,3,4,3,10,10,1
5,3,4,4,1,6,1
5,3,4,4,2,3,1
5,3,4,4,3,5,1
5,3,4,4,4,2,0.33333
5,3,4,4,4,4,0.33333
5,3,4,4,4,5,0.33333
5,3,4,4,6,3,1
5,3,4,5,4,4,1
5,3,4,6,2,5,1
5,3,4,6,3,3,1
5,3,5,3,4,4,1
5,3,5,3,5,4,1
5,3,5,4,3,4,1
5,3,6,1,4,4,1
5,3,6,1,6,3,1
5,3,6,3,3,4,0.5
5,3,6,3,3,5,0.5
5,3,6,4,5,3,1
5,3,6,6,1,4,1
5,4,1,3,6,4,1
5,4,1,4,3,3,1
5,4,1,4,4,4,1
5,4,1,4,6,2,1
5,4,1,7,3,6,1
5,4,2,2,1,3,1
5,4,3,4,3,4,1
5,4,3,4,4,2,0.5
5,4,3,4,4,4,0.5
5,4,3,4,5,5,1
5,4,3,4,6,3,1
5,4,3,4,10,2,1
5,4,3,5,3,6,1
5,4,3,5,4,4,1
5,4,3,5,5,4,1
5,4,3,6,3,4,1
5,4,3,6,6,4,1
5,4,4,1,4,6,1
5,4,4,2,2,2,1
5,4,4,3,3,1,1
5,4,4,3,4,3,0.2
5,4,4,3,4,4,0.4
5,4,4,3,4,5,0.2
5,4,4,3,4,6,0.2
5,4,4,3,5,10,1
5,4,4,3,6,3,0.5
5,4,4,3,6,5,0.5
5,4,4,4,2,4,1
5,4,4,4,3,4,1
5,4,4,4,4,4,0.81818
5,4,4,4,4,5,0.090909
5,4,4,4,4,6,0.090909
5,4,4,5,1,4,1
5,4,4,5,4,1,1
5,4,4,5,5,5,0.5
5,4,4,5,5,6,0.5
5,4,4,6,3,4,1
5,4,4,6,6,4,1
5,4,4,6,7,8,1
5,4,5,5,1,4,1
5,4,5,6,5,4,1
5,4,6,2,3,4,1
5,4,6,3,2,4,1
5,4,6,4,5,5,1
5,4,6,4,6,4,0.5
5,4,6,4,6,6,0.25
5,4,6,4,6,7,0.25
5,4,6,4,10,10,1
5,4,6,5,1,4,1
5,4,6,5,6,3,1
5,4,8,2,10,10,1
5,4,9,9,10,10,1
5,4,10,10,10,10,1
5,5,1,3,4,4,1
5,5,1,3,6,1,1
5,5,1,4,5,1,1
5,5,4,1,7,3,1
5,5,4,3,4,10,1
5,5,4,4,3,3,0.5
5,5,4,4,3,4,0.5
5,5,4,4,4,4,1
5,5,4,4,5,4,1
5,5,4,6,2,3,1
5,5,4,6,4,5,0.5
5,5,4,6,4,6,0.5
5,5,4,6,5,1,1
5,5,4,9,9,10,1
5,5,4,10,10,10,1
5,5,5,4,3,4,1
5,5,5,4,9,9,1
5,5,5,6,4,4,1
5,5,5,7,8,10,1
5,5,6,2,2,3,1
5,5,6,3,4,4,0.75
5,5,6,3,4,6,0.25
5,5,6,4,4,4,1
5,5,6,4,10,10,1
5,5,6,5,5,4,1
5,5,6,6,3,3,0.5
5,5,6,6,3,6,0.5
5,5,6,6,6,6,1
5,5,7,8,10,10,1
5,5,7,10,10,10,1
5,5,9,8,9,3,1
5,6,1,4,4,4,1
5,6,1,4,6,6,1
5,6,2,2,3,3,1
5,6,2,4,3,2,1
5,6,3,4,2,4,1
5,6,3,4,3,4,1
5,6,3,4,4,3,0.5
5,6,3,4,4,4,0.5
5,6,3,4,6,5,1
5,6,3,5,7,10,1
5,6,3,6,1,6,1
5,6,3,6,3,6,1
5,6,3,6,4,4,1
5,6,3,6,5,5,1
5,6,4,3,4,4,1
5,6,4,4,4,2,0.33333
5,6,4,4,4,3,0.33333
5,6,4,4,4,4,0.33333
5,6,4,5,6,4,1
5,6,4,6,2,3,1
5,6,4,6,4,3,0.5
5,6,4,6,4,4,0.5
5,6,4,6,6,6,1
5,6,4,10,10,10,1
5,6,5,4,4,4,1
5,6,5,4,5,6,1
5,6,5,4,6,4,1
5,6,5,5,4,4,1
5,6,5,5,6,3,1
5,6,5,5,7,10,1
5,6,5,6,6,6,1
5,6,6,2,6,3,1
5,6,6,3,3,4,1
5,6,6,3,4,5,1
5,6,6,3,6,3,1
5,6,6,6,1,6,1
5,6,6,6,6,6,1
5,6,6,6,9,7,1
5,6,6,9,7,8,1
5,6,7,7,6,6,1
5,6,7,7,9,7,1
5,6,7,10,10,10,1
5,7,3,8,2,8,1
5,7,5,6,5,5,1
5,7,6,5,7,5,1
5,7,6,6,3,7,1
5,7,8,10,10,10,1
5,7,10,6,7,7,1
5,7,10,10,10,9,0.33333
5,7,10,10,10,10,0.66667
5,8,6,4,6,6,1
5,9,8,9,3,10,1
5,10,3,6,6,6,1
5,10,6,6,2,3,1
5,10,10,10,10,6,1
6,1,1,4,4,2,1
6,1,2,1,5,2,1
6,1,2,2,2,2,0.5
6,1,2,2,2,3,0.5
6,1,2,3,1,2,1
6,1,2,3,3,2,1
6,1,2,3,4,3,1
6,1,2,4,2,2,1
6,1,2,4,4,2,1
6,1,3,2,3,3,1
6,1,3,4,3,1,0.5
6,1,3,4,3,3,0.5
6,1,3,5,2,4,1
6,1,3,6,3,1,0.5
6,1,3,6,3,5,0.5
6,1,3,6,4,4,1
6,1,3,7,3,7,1
6,1,4,2,4,2,1
6,1,4,3,3,4,1
6,1,4,4,2,2,0.25
6,1,4,4,2,3,0.5
6,1,4,4,2,5,0.25
6,1,4,4,3,4,1
6,1,4,4,4,2,0.083333
6,1,4,4,4,3,0.083333
6,1,4,4,4,4,0.75
6,1,4,4,4,5,0.083333
6,1,4,4,6,4,1
6,1,4,6,6,4,1
6,1,5,1,4,4,1
6,1,5,2,3,2,1
6,1,5,4,6,5,1
6,1,5,5,1,3,1
6,1,5,6,3,6,1
6,1,6,1,4,3,1
6,1,6,2,3,3,1
6,1,6,3,4,4,1
6,1,6,3,6,4,1
6,1,6,4,6,2,1
6,2,1,6,3,4,1
6,2,2,2,2,2,1
6,2,2,2,4,2,0.5
6,2,2,2,4,4,0.5
6,2,2,3,2,4,1
6,2,2,3,3,3,1
6,2,2,5,4,1,1
6,2,2,6,4,6,1
6,2,3,2,2,3,1
6,2,3,2,3,3,1
6,2,3,3,3,3,1
6,2,3,3,4,4,1
6,2,3,4,2,3,1
6,2,3,4,3,3,0.5
6,2,3,4,3,4,0.5
6,2,3,4,4,6,1
6,2,3,6,1,4,1
6,2,4,1,3,3,1
6,2,4,2,2,2,1
6,2,4,2,6,2,1
6,2,4,3,2,4,1
6,2,4,3,3,3,0.33333
6,2,4,3,3,4,0.66667
6,2,4,3,4,3,0.5
6,2,4,3,4,4,0.5
6,2,4,4,3,6,1
6,2,4,4,4,2,0.11111
6,2,4,4,4,4,0.66667
6,2,4,4,4,6,0.22222
6,2,4,4,5,1,1
6,2,4,4,6,3,1
6,2,4,5,3,6,1
6,2,4,6,4,4,1
6,2,4,6,5,6,1
6,2,5,4,4,3,0.33333
6,2,5,4,4,4,0.66667
6,2,6,2,4,3,0.5
6,2,6,2,4,4,0.5
6,2,6,3,3,5,1
6,2,6,3,4,2,0.5
6,2,6,3,4,4,0.5
6,2,6,4,4,6,1
6,2,6,4,5,3,1
6,2,6,6,4,5,1
6,2,7,3,4,6,1
6,2,7,3,7,4,1
6,2,8,2,6,4,1
6,3,1,3,4,3,1
6,3,1,3,5,3,1
6,3,1,4,3,2,1
6,3,1,4,4,2,0.33333
6,3,1,4,4,4,0.16667
6,3,1,4,4,5,0.33333
6,3,1,4,4,6,0.16667
6,3,1,4,6,2,1
6,3,2,2,3,3,1
6,3,2,2,4,2,1
6,3,2,2,6,2,1
6,3,2,3,3,3,1
6,3,2,3,4,3,1
6,3,2,4,4,2,0.5
6,3,2,4,4,3,0.5
6,3,3,2,3,3,1
6,3,3,2,4,5,1
6,3,3,3,2,3,1
6,3,3,3,3,3,1
6,3,3,4,2,1,0.5
6,3,3,4,2,4,0.5
6,3,3,4,3,3,1
6,3,3,4,4,4,1
6,3,3,4,6,3,0.66667
6,3,3,4,6,4,0.33333
6,3,3,4,7,3,1
6,3,3,5,4,3,1
6,3,3,5,6,3,1
6,3,3,6,3,2,0.33333
6,3,3,6,3,4,0.66667
6,3,3,7,4,4,1
6,3,4,1,4,3,0.2
6,3,4,1,4,4,0.4
6,3,4,1,4,5,0.4
6,3,4,1,5,3,1
6,3,4,2,4,2,0.25
6,3,4,2,4,4,0.75
6,3,4,3,2,4,1
6,3,4,3,3,3,1
6,3,4,3,4,4,0.66667
6,3,4,3,4,6,0.33333
6,3,4,3,5,3,0.5
6,3,4,3,5,4,0.5
6,3,4,3,6,3,1
6,3,4,4,2,4,1
6,3,4,4,3,3,0.14286
6,3,4,4,3,4,0.71429
6,3,4,4,3,6,0.14286
6,3,4,4,4,3,0.076923
6,3,4,4,4,4,0.69231
6,3,4,4,4,6,0.23077
6,3,4,4,6,3,0.25
6,3,4,4,6,4,0.75
6,3,4,5,1,6,1
6,3,4,5,3,3,1
6,3,4,5,5,6,1
6,3,4,6,4,4,1
6,3,4,6,5,6,1
6,3,5,1,4,4,1
6,3,5,3,3,2,1
6,3,5,4,4,4,1
6,3,5,6,4,6,1
6,3,5,7,10,6,1
6,3,6,1,6,2,1
6,3,6,3,3,7,1
6,3,6,3,4,4,0.33333
6,3,6,3,4,5,0.66667
6,3,6,3,6,3,0.33333
6,3,6,3,6,4,0.66667
6,3,6,4,4,5,0.5
6,3,6,4,4,6,0.5
6,3,6,4,5,6,1
6,3,6,4,6,4,1
6,3,6,4,7,8,1
6,3,6,5,3,6,1
6,3,6,5,4,4,1
6,3,6,5,5,4,1
6,3,6,9,6,6,1
6,3,7,3,4,6,1
6,3,7,4,4,4,1
6,3,7,6,3,5,1
6,4,1,4,6,1,1
6,4,2,2,2,2,1
6,4,2,2,4,2,1
6,4,2,2,6,6,1
6,4,3,3,1,2,1
6,4,3,3,4,4,1
6,4,3,3,5,4,1
6,4,3,4,3,1,0.33333
6,4,3,4,3,4,0.33333
6,4,3,4,3,6,0.33333
6,4,3,4,4,4,1
6,4,3,6,3,4,0.5
6,4,3,6,3,5,0.5
6,4,4,2,2,2,0.75
6,4,4,2,2,4,0.25
6,4,4,2,4,3,0.5
6,4,4,2,4,4,0.5
6,4,4,2,6,4,1
6,4,4,3,3,3,0.66667
6,4,4,3,3,4,0.33333
6,4,4,3,4,3,1
6,4,4,3,6,2,0.5
6,4,4,3,6,10,0.5
6,4,4,4,1,3,1
6,4,4,4,2,3,0.33333
6,4,4,4,2,4,0.33333
6,4,4,4,2,6,0.33333
6,4,4,4,3,3,0.2
6,4,4,4,3,4,0.4
6,4,4,4,3,5,0.4
6,4,4,4,4,2,0.012987
6,4,4,4,4,3,0.051948
6,4,4,4,4,4,0.79221
6,4,4,4,4,6,0.14286
6,4,4,4,5,3,1
6,4,4,4,6,1,0.066667
6,4,4,4,6,2,0.13333
6,4,4,4,6,4,0.73333
6,4,4,4,6,6,0.066667
6,4,4,4,7,1,1
6,4,4,4,10,10,1
6,4,4,5,1,4,0.5
6,4,4,5,1,6,0.5
6,4,4,5,3,6,1
6,4,4,5,4,3,1
6,4,4,6,1,4,0.5
6,4,4,6,1,6,0.5
6,4,4,6,2,4,1
6,4,4,6,3,4,0.66667
6,4,4,6,3,7,0.33333
6,4,4,6,4,4,0.71429
6,4,4,6,4,6,0.14286
6,4,4,6,4,7,0.14286
6,4,4,6,6,4,0.33333
6,4,4,6,6,6,0.5
6,4,4,6,6,10,0.16667
6,4,4,6,8,10,1
6,4,4,7,7,7,1
6,4,4,10,10,10,1
6,4,5,1,6,6,1
6,4,5,3,2,4,1
6,4,5,3,4,3,0.33333
6,4,5,3,4,4,0.66667
6,4,5,4,1,4,1
6,4,5,4,3,6,1
6,4,5,4,4,3,1
6,4,5,4,6,3,0.5
6,4,5,4,6,4,0.5
6,4,5,5,5,4,1
6,4,5,5,6,2,0.33333
6,4,5,5,6,6,0.66667
6,4,5,6,1,4,1
6,4,5,6,3,4,0.5
6,4,5,6,3,6,0.5
6,4,5,6,4,6,1
6,4,5,6,5,4,0.5
6,4,5,6,5,6,0.5
6,4,5,6,6,9,1
6,4,6,2,2,5,1
6,4,6,2,3,4,1
6,4,6,2,4,3,1
6,4,6,3,1,3,0.66667
6,4,6,3,1,4,0.33333
6,4,6,3,3,4,1
6,4,6,3,7,4,1
6,4,6,4,3,3,0.33333
6,4,6,4,3,4,0.66667
6,4,6,4,4,4,0.66667
6,4,6,4,4,5,0.066667
6,4,6,4,4,6,0.26667
6,4,6,4,5,4,0.25
6,4,6,4,5,5,0.5
6,4,6,4,5,6,0.25
6,4,6,4,6,2,0.025641
6,4,6,4,6,3,0.12821
6,4,6,4,6,4,0.82051
6,4,6,4,6,6,0.025641
6,4,6,4,8,2,1
6,4,6,5,5,4,1
6,4,6,5,6,4,1
6,4,6,6,4,4,0.5
6,4,6,6,4,6,0.5
6,4,6,6,5,4,1
6,4,6,6,6,3,0.25
6,4,6,6,6,4,0.25
6,4,6,6,6,6,0.5
6,4,6,6,8,6,1
6,4,6,7,6,5,1
6,4,6,7,7,8,1
6,4,6,9,10,10,1
6,4,6,10,10,10,1
6,4,7,1,4,4,1
6,4,7,3,6,2,0.5
6,4,7,3,6,4,0.5
6,4,7,3,7,3,1
6,4,7,4,3,5,1
6,4,7,5,5,6,1
6,4,7,8,7,6,1
6,4,8,2,6,4,0.5
6,4,8,2,6,6,0.5
6,4,8,2,8,2,1
6,4,10,10,8,10,1
6,4,10,10,10,7,0.5
6,4,10,10,10,10,0.5
6,5,1,4,4,4,1
6,5,1,5,4,6,1
6,5,1,6,5,5,1
6,5,3,4,4,2,0.5
6,5,3,4,4,4,0.5
6,5,3,6,3,3,1
6,5,3,6,6,1,1
6,5,4,3,4,3,0.5
6,5,4,3,4,5,0.5
6,5,4,3,5,4,1
6,5,4,4,3,4,1
6,5,4,4,4,2,0.33333
6,5,4,4,4,3,0.66667
6,5,4,5,6,5,1
6,5,4,6,4,6,1
6,5,5,4,4,3,0.66667
6,5,5,4,4,4,0.33333
6,5,5,4,6,4,0.5
6,5,5,4,6,5,0.5
6,5,5,4,10,10,1
6,5,5,6,3,4,1
6,5,5,6,4,10,1
6,5,5,6,5,5,1
6,5,5,6,6,6,1
6,5,5,7,10,10,1
6,5,6,2,4,3,1
6,5,6,3,6,5,1
6,5,6,4,3,4,1
6,5,6,4,5,6,1
6,5,6,5,5,7,1
6,5,6,6,3,6,1
6,5,6,6,6,1,0.5
6,5,6,6,6,9,0.5
6,5,6,7,7,6,0.5
6,5,6,7,7,9,0.5
6,5,6,7,10,10,1
6,5,7,5,6,5,1
6,5,7,6,6,3,1
6,5,7,10,10,10,1
6,5,8,6,4,6,1
6,6,1,4,4,4,1
6,6,1,6,4,6,1
6,6,2,3,3,4,1
6,6,2,6,3,4,1
6,6,2,7,3,7,1
6,6,3,2,2,6,1
6,6,3,3,4,2,1
6,6,3,4,3,3,1
6,6,3,4,5,1,1
6,6,3,4,6,4,1
6,6,3,6,3,4,0.5
6,6,3,6,3,6,0.5
6,6,3,6,5,4,1
6,6,3,7,6,3,1
6,6,4,3,3,4,1
6,6,4,4,3,3,1
6,6,4,4,4,2,0.066667
6,6,4,4,4,3,0.066667
6,6,4,4,4,4,0.73333
6,6,4,4,4,6,0.13333
6,6,4,4,6,4,0.8
6,6,4,4,6,6,0.2
6,6,4,5,1,6,1
6,6,4,6,4,4,0.25
6,6,4,6,4,6,0.75
6,6,4,6,6,6,0.66667
6,6,4,6,6,8,0.33333
6,6,4,7,3,6,0.5
6,6,4,7,3,7,0.5
6,6,5,1,5,4,1
6,6,5,4,4,3,0.5
6,6,5,4,4,4,0.5
6,6,5,5,4,4,1
6,6,5,5,6,5,1
6,6,5,6,7,7,1
6,6,5,7,6,6,1
6,6,5,7,10,10,1
6,6,5,8,6,4,1
6,6,6,1,6,4,1
6,6,6,2,7,3,1
6,6,6,3,4,3,1
6,6,6,3,6,5,1
6,6,6,4,4,4,0.8
6,6,6,4,4,6,0.2
6,6,6,4,6,4,1
6,6,6,4,7,3,1
6,6,6,5,4,4,1
6,6,6,5,5,4,1
6,6,6,5,6,7,1
6,6,6,5,7,6,1
6,6,6,6,3,6,1
6,6,6,6,4,4,0.75
6,6,6,6,4,6,0.25
6,6,6,6,5,5,1
6,6,6,6,6,4,0.21429
6,6,6,6,6,5,0.071429
6,6,6,6,6,6,0.5
6,6,6,6,6,7,0.14286
6,6,6,6,6,10,0.071429
6,6,6,6,7,3,0.25
6,6,6,6,7,5,0.25
6,6,6,6,7,6,0.5
6,6,6,6,10,6,1
6,6,6,7,3,6,1
6,6,6,7,5,6,1
6,6,6,7,6,6,0.66667
6,6,6,7,6,9,0.33333
6,6,6,9,7,6,1
6,6,6,10,6,7,1
6,6,6,10,10,10,1
6,6,7,1,7,2,1
6,6,7,3,6,6,1
6,6,7,5,6,5,1
6,6,7,6,6,6,1
6,6,7,6,9,5,1
6,6,7,7,6,8,1
6,6,8,6,6,6,1
6,6,8,7,3,6,1
6,6,9,7,6,7,1
6,6,9,7,8,9,1
6,6,10,6,7,7,1
6,6,10,10,2,10,1
6,6,10,10,10,6,0.33333
6,6,10,10,10,10,0.66667
6,7,1,7,2,7,1
6,7,3,6,2,2,1
6,7,3,6,6,7,1
6,7,5,6,5,4,1
6,7,5,7,6,5,1
6,7,6,5,6,5,1
6,7,6,6,6,5,0.5
6,7,6,6,6,6,0.5
6,7,6,7,8,8,1
6,7,6,9,5,10,1
6,7,7,6,6,4,0.5
6,7,7,6,6,6,0.5
6,7,7,6,8,6,1
6,7,7,8,8,8,0.5
6,7,7,8,8,9,0.5
6,7,7,9,7,9,1
6,7,7,9,8,7,1
6,7,8,7,3,6,1
6,7,8,8,5,7,1
6,7,8,8,10,1,1
6,7,9,4,4,4,1
6,7,10,10,10,10,1
6,8,6,6,6,6,1
6,8,6,7,7,6,1
6,8,6,8,10,10,1
6,8,7,3,6,4,1
6,8,7,6,7,6,1
6,8,10,4,6,4,1
6,8,10,10,10,10,1
6,9,5,6,4,6,1
6,9,5,10,6,6,1
6,9,6,6,5,7,1
6,9,7,3,4,6,1
6,9,7,6,7,5,1
6,9,7,8,9,8,1
6,9,10,10,10,7,0.33333
6,9,10,10,10,10,0.66667
6,10,6,7,7,8,1
6,10,10,2,10,10,1
6,10,10,10,6,10,1
6,10,10,10,9,1,1
6,10,10,10,10,6,0.4
6,10,10,10,10,10,0.6
7,1,2,2,2,2,1
7,1,4,4,4,4,0.75
7,1,4,4,4,6,0.25
7,1,6,4,6,4,1
7,1,7,2,7,4,1
7,2,1,6,4,6,1
7,2,7,3,6,4,1
7,2,7,4,6,8,1
7,2,8,2,2,2,1
7,3,2,3,2,3,1
7,3,3,3,2,2,1
7,3,3,6,1,3,1
7,3,4,5,1,6,1
7,3,4,6,1,3,0.5
7,3,4,6,1,5,0.5
7,3,4,6,2,3,1
7,3,4,6,3,4,1
7,3,5,5,6,4,1
7,3,6,2,2,3,1
7,3,6,2,6,2,1
7,3,6,4,4,3,0.33333
7,3,6,4,4,5,0.33333
7,3,6,4,4,6,0.33333
7,3,6,4,5,6,1
7,3,6,4,6,4,0.75
7,3,6,4,6,7,0.25
7,3,6,4,7,4,1
7,3,6,4,8,2,1
7,3,6,6,7,7,1
7,3,7,1,6,4,1
7,3,7,2,1,6,1
7,3,7,2,8,2,1
7,3,7,3,3,6,1
7,3,7,3,6,4,1
7,3,7,3,7,2,0.04
7,3,7,3,7,3,0.88
7,3,7,3,7,4,0.04
7,3,7,3,7,7,0.04
7,3,7,4,6,4,1
7,3,7,7,8,8,1
7,3,8,2,8,2,1
7,3,8,8,8,6,1
7,4,3,5,3,5,1
7,4,4,4,2,4,1
7,4,4,4,4,4,1
7,4,6,4,6,4,1
7,4,6,4,8,2,1
7,4,6,8,6,8,1
7,4,8,3,6,6,1
7,5,5,6,3,4,1
7,5,6,5,4,5,1
7,5,6,5,5,6,1
7,5,7,6,5,7,1
7,6,1,6,3,6,1
7,6,2,3,2,3,1
7,6,3,5,4,4,1
7,6,5,6,5,5,1
7,6,5,7,5,6,1
7,6,6,3,7,6,1
7,6,6,4,7,3,1
7,6,6,6,5,6,0.5
7,6,6,6,5,7,0.5
7,6,6,6,6,3,0.33333
7,6,6,6,6,6,0.33333
7,6,6,6,6,7,0.33333
7,6,6,6,7,6,1
7,6,7,5,7,6,1
7,6,7,6,7,8,1
7,6,7,8,8,5,1
7,6,8,6,7,7,1
7,6,8,7,6,7,1
7,6,9,5,10,6,1
7,6,10,10,10,10,1
7,7,6,1,6,3,1
7,7,6,6,4,7,1
7,7,6,6,6,5,0.33333
7,7,6,6,6,6,0.33333
7,7,6,6,6,7,0.33333
7,7,6,8,6,7,1
7,7,6,8,7,6,1
7,7,7,6,1,6,1
7,7,7,7,6,1,1
7,7,8,8,7,7,1
7,7,8,8,8,9,1
7,7,8,8,9,9,1
7,7,9,7,9,9,1
7,7,9,8,7,7,1
7,7,10,10,10,9,1
7,8,7,3,6,4,1
7,8,7,6,6,6,1
7,8,8,5,7,3,1
7,8,8,7,7,10,1
7,8,8,8,9,9,1
7,8,8,9,9,2,1
7,8,8,10,1,7,1
7,8,9,8,7,7,1
7,8,10,10,10,10,1
7,9,4,4,4,1,1
7,9,6,4,5,6,1
7,9,7,9,9,10,1
7,9,8,7,7,6,1
7,9,9,10,10,10,1
7,9,10,10,10,6,1
7,10,6,7,7,9,1
7,10,8,10,10,10,1
7,10,10,10,9,6,0.5
7,10,10,10,9,10,0.5
7,10,10,10,10,10,1
8,2,2,2,3,3,1
8,2,6,4,6,4,1
8,2,6,4,8,2,1
8,2,6,6,7,1,1
8,2,7,3,4,5,1
8,2,7,3,5,5,1
8,2,7,3,6,4,1
8,2,8,2,7,3,1
8,2,8,2,8,2,0.95833
8,2,8,2,8,7,0.041667
8,2,8,2,9,1,1
8,2,8,7,7,6,1
8,2,9,1,8,2,1
8,2,9,1,9,1,1
8,2,9,9,10,10,1
8,2,10,10,1,10,1
8,3,6,6,5,8,1
8,4,3,2,2,2,1
8,4,4,4,4,4,1
8,5,7,3,8,2,1
8,6,4,5,4,4,1
8,6,4,6,6,5,1
8,6,5,3,4,4,1
8,6,5,5,4,4,0.5
8,6,5,5,4,10,0.5
8,6,6,6,6,6,1
8,6,7,7,6,6,1
8,6,8,10,10,10,1
8,7,3,6,4,4,0.5
8,7,3,6,4,6,0.5
8,7,6,2,3,2,1
8,7,6,6,6,6,1
8,7,6,7,6,7,1
8,7,7,6,6,6,1
8,7,7,6,8,7,1
8,7,7,10,10,10,1
8,8,5,7,3,8,1
8,8,6,4,5,4,1
8,8,6,5,5,4,1
8,8,7,7,10,10,1
8,8,8,6,4,5,1
8,8,8,9,9,9,1
8,8,9,9,2,8,1
8,8,9,9,9,10,1
8,8,10,1,7,2,1
8,9,3,10,4,6,1
8,9,8,7,7,6,1
8,9,9,2,8,2,1
8,9,9,9,10,9,1
8,10,1,7,2,7,1
8,10,2,10,10,3,1
8,10,4,6,4,5,1
8,10,10,6,4,4,1
8,10,10,10,10,3,0.2
8,10,10,10,10,10,0.8
9,1,3,4,3,7,1
9,1,4,4,1,4,1
9,1,8,2,7,3,1
9,1,9,1,4,4,1
9,1,9,1,9,1,1
9,1,9,1,10,1,1
9,1,10,1,9,1,1
9,1,10,1,10,1,1
9,2,8,2,7,3,1
9,3,10,4,6,1,1
9,4,3,3,2,4,1
9,4,4,3,3,3,1
9,4,4,4,1,3,1
9,5,6,4,6,4,1
9,5,10,6,6,2,1
9,6,3,6,9,6,1
9,6,4,4,4,10,1
9,6,4,5,6,5,1
9,6,4,6,10,10,1
9,6,6,5,7,10,1
9,7,3,4,6,1,1
9,7,4,8,3,6,1
9,7,6,7,5,7,1
9,7,8,9,8,7,1
9,7,9,9,10,10,1
9,8,7,7,6,6,0.5
9,8,7,7,6,8,0.5
9,8,9,3,10,4,1
9,9,2,8,2,7,1
9,9,9,10,9,10,1
9,9,10,9,10,10,1
9,9,10,10,9,10,1
9,9,10,10,10,10,1
9,10,9,10,10,1,0.5
9,10,9,10,10,8,0.5
9,10,10,1,9,6,1
9,10,10,8,6,5,1
9,10,10,9,10,9,1
9,10,10,10,6,4,1
9,10,10,10,7,3,1
9,10,10,10,8,2,1
9,10,10,10,10,6,0.25
9,10,10,10,10,8,0.25
9,10,10,10,10,10,0.5
10,1,7,2,7,3,1
10,1,9,1,3,4,1
10,1,9,1,9,1,1
10,1,9,1,10,1,1
10,1,9,6,4,4,1
10,1,10,1,9,1,1
10,1,10,9,6,4,1
10,2,3,1,2,3,1
10,2,6,2,6,6,1
10,2,10,10,3,3,1
10,2,10,10,10,9,0.33333
10,2,10,10,10,10,0.66667
10,3,3,2,2,3,1
10,3,3,2,3,3,1
10,3,3,3,4,8,1
10,3,4,2,3,3,1
10,3,5,4,3,4,1
10,3,6,6,6,10,1
10,3,7,3,7,3,1
10,4,3,3,2,2,1
10,4,4,2,3,4,1
10,4,4,4,3,4,1
10,4,6,1,4,2,1
10,4,6,4,4,4,1
10,4,6,4,5,3,1
10,5,3,3,4,4,1
10,5,3,4,3,4,1
10,5,4,4,3,4,1
10,5,6,3,5,7,1
10,6,1,3,2,3,1
10,6,2,4,3,4,1
10,6,3,2,3,4,1
10,6,3,3,2,4,1
10,6,3,6,4,5,1
10,6,4,3,4,3,0.5
10,6,4,3,4,4,0.5
10,6,4,4,2,4,1
10,6,4,4,4,5,1
10,6,4,6,9,10,1
10,6,5,4,3,4,1
10,6,5,5,6,4,1
10,6,6,2,3,3,1
10,6,6,3,2,2,1
10,6,6,10,10,2,0.5
10,6,6,10,10,10,0.5
10,6,7,7,8,8,1
10,6,7,7,9,8,1
10,6,9,7,3,4,1
10,6,10,10,10,10,1
10,7,3,2,3,2,1
10,7,3,6,4,6,1
10,7,3,7,3,7,1
10,7,6,10,10,10,1
10,7,9,6,4,5,1
10,7,9,10,10,10,1
10,7,10,8,10,10,1
10,8,2,8,2,8,1
10,8,2,9,9,10,1
10,8,6,5,3,4,1
10,8,6,5,5,4,1
10,8,8,6,5,5,1
10,8,10,2,10,10,1
10,8,10,10,10,10,1
10,9,1,9,1,9,1
10,9,4,3,3,2,1
10,9,6,3,6,9,1
10,9,6,4,6,10,1
10,9,7,4,8,3,1
10,9,10,9,10,10,1
10,9,10,10,1,9,1
10,9,10,10,8,6,1
10,9,10,10,10,8,1
10,10,1,9,6,4,1
10,10,1,10,9,6,1
10,10,2,6,2,6,1
10,10,2,10,10,10,1
10,10,3,3,2,2,0.5
10,10,3,3,2,3,0.5
10,10,3,4,2,3,1
10,10,3,5,4,3,1
10,10,3,7,3,7,1
10,10,4,3,3,2,1
10,10,4,4,2,3,1
10,10,4,4,4,3,1
10,10,4,6,4,4,1
10,10,5,3,3,4,1
10,10,5,4,4,3,1
10,10,5,6,3,5,1
10,10,6,1,3,2,1
10,10,6,2,4,3,1
10,10,6,3,2,3,1
10,10,6,3,3,2,1
10,10,6,3,6,4,1
10,10,6,4,3,4,1
10,10,6,4,4,2,0.5
10,10,6,4,4,4,0.5
10,10,6,4,6,9,1
10,10,6,5,4,3,1
10,10,6,5,5,6,1
10,10,6,6,3,2,1
10,10,6,6,10,10,1
10,10,6,9,7,3,1
10,10,6,10,10,10,1
10,10,7,3,2,3,1
10,10,7,3,6,4,1
10,10,7,3,7,3,1
10,10,7,6,10,10,1
10,10,7,9,6,4,1
10,10,7,9,10,10,1
10,10,7,10,8,10,1
10,10,8,2,8,2,1
10,10,8,2,9,9,1
10,10,8,6,5,5,1
10,10,8,8,6,5,1
10,10,8,10,2,10,1
10,10,9,1,9,1,1
10,10,9,4,3,3,1
10,10,9,6,3,6,1
10,10,9,7,4,8,1
10,10,9,10,9,10,1
10,10,9,10,10,10,1
10,10,10,2,6,2,1
10,10,10,2,10,10,1
10,10,10,3,3,2,1
10,10,10,3,4,2,1
10,10,10,3,5,4,1
10,10,10,3,7,3,1
10,10,10,4,3,3,1
10,10,10,4,4,2,0.5
10,10,10,4,4,4,0.5
10,10,10,5,3,3,1
10,10,10,5,4,4,1
10,10,10,5,6,3,1
10,10,10,6,1,3,1
10,10,10,6,2,4,1
10,10,10,6,3,2,0.33333
10,10,10,6,3,3,0.33333
10,10,10,6,3,6,0.33333
10,10,10,6,4,3,0.5
10,10,10,6,4,4,0.25
10,10,10,6,4,6,0.25
10,10,10,6,5,4,0.5
10,10,10,6,5,5,0.5
10,10,10,6,6,3,0.33333
10,10,10,6,6,10,0.66667
10,10,10,6,9,7,1
10,10,10,6,10,10,1
10,10,10,7,3,2,0.33333
10,10,10,7,3,6,0.33333
10,10,10,7,3,7,0.33333
10,10,10,7,6,10,1
10,10,10,7,9,6,0.5
10,10,10,7,9,10,0.5
10,10,10,7,10,8,1
10,10,10,8,2,8,0.5
10,10,10,8,2,9,0.5
10,10,10,8,8,6,1
10,10,10,9,1,9,1
10,10,10,9,4,3,1
10,10,10,9,6,3,1
10,10,10,9,7,4,1
10,10,10,9,10,10,1
10,10,10,10,2,10,1
10,10,10,10,3,3,0.25
10,10,10,10,3,4,0.25
10,10,10,10,3,5,0.25
10,10,10,10,3,7,0.25
10,10,10,10,4,3,0.33333
10,10,10,10,4,4,0.66667
10,10,10,10,5,3,0.33333
10,10,10,10,5,4,0.33333
10,10,10,10,5,6,0.33333
10,10,10,10,6,1,0.071429
10,10,10,10,6,2,0.071429
10,10,10,10,6,3,0.21429
10,10,10,10,6,4,0.21429
10,10,10,10,6,5,0.14286
10,10,10,10,6,6,0.21429
10,10,10,10,6,9,0.071429
10,10,10,10,7,3,0.4
10,10,10,10,7,6,0.2
10,10,10,10,7,9,0.2
10,10,10,10,7,10,0.2
10,10,10,10,8,2,0.5
10,10,10,10,8,8,0.5
10,10,10,10,9,4,1
10,10,10,10,10,2,0.0019493
10,10,10,10,10,3,0.005848
10,10,10,10,10,4,0.005848
10,10,10,10,10,5,0.0038986
10,10,10,10,10,6,0.019493
10,10,10,10,10,7,0.0097466
10,10,10,10,10,9,0.0019493
10,10,10,10,10,10,0.95127
