1,1,5,8,5,0.00010144
1,1,5,8,13,0.00010144
1,1,6,7,10,0.00010144
1,3,14,15,7,0.00010144
1,5,1,6,11,0.00010144
1,5,6,5,7,0.00010144
1,5,6,5,12,0.00010144
1,5,6,7,5,0.00010144
1,5,8,5,5,0.00010144
1,5,8,13,10,0.00010144
1,5,10,5,12,0.00010144
1,5,10,7,10,0.00010144
1,5,10,9,8,0.00010144
1,5,12,1,5,0.00010144
1,5,12,5,10,0.00010144
1,5,12,9,40,0.00010144
1,5,12,13,10,0.00010144
1,5,14,5,7,0.00020288
1,5,14,5,24,0.00010144
1,5,14,15,6,0.00010144
1,5,16,5,5,0.00010144
1,5,16,5,14,0.00010144
1,6,1,1,5,0.00010144
1,6,5,1,1,0.00010144
1,6,5,5,6,0.00010144
1,6,7,10,5,0.00010144
1,6,11,1,6,0.00010144
1,6,13,8,5,0.00010144
1,7,1,10,5,0.00010144
1,7,2,18,5,0.00010144
1,7,6,9,6,0.00020288
1,7,10,1,5,0.00010144
1,7,14,13,8,0.00010144
1,8,5,5,10,0.00010144
1,8,5,10,5,0.00010144
1,9,2,5,5,0.00010144
1,9,2,9,8,0.00010144
1,9,6,5,7,0.00020288
1,9,8,5,10,0.00010144
1,9,10,11,10,0.00010144
1,9,10,15,10,0.00010144
1,9,10,15,14,0.00020288
1,9,12,9,10,0.00010144
1,9,12,9,15,0.00010144
1,9,16,5,10,0.00010144
1,9,16,9,22,0.00010144
1,9,16,13,22,0.00010144
1,9,19,7,15,0.00010144
1,9,22,11,18,0.00010144
1,9,22,24,18,0.00010144
1,10,5,7,14,0.00010144
1,10,5,10,7,0.00010144
1,10,11,14,13,0.00010144
1,10,15,6,13,0.00010144
1,10,20,7,10,0.00010144
1,11,2,5,18,0.00010144
1,11,6,13,6,0.00010144
1,11,7,9,7,0.00010144
1,11,10,9,10,0.00010144
1,11,14,13,8,0.00010144
1,12,1,5,10,0.00010144
1,12,1,22,1,0.00010144
1,12,5,1,6,0.00010144
1,12,5,11,9,0.00010144
1,12,9,10,9,0.00010144
1,12,22,9,4,0.00010144
1,14,5,16,9,0.00010144
1,14,5,16,13,0.00010144
1,14,9,12,13,0.00020288
1,14,11,10,5,0.00010144
1,14,11,10,13,0.00010144
1,14,11,14,1,0.00010144
1,14,13,4,22,0.00010144
1,14,13,8,9,0.00010144
1,14,13,8,13,0.00010144
1,14,13,16,13,0.00071008
1,14,13,16,18,0.00010144
1,14,15,6,9,0.00010144
1,14,15,22,9,0.00010144
1,14,20,1,22,0.00010144
1,14,24,1,9,0.00010144
1,14,24,5,14,0.00010144
1,14,24,9,2,0.00010144
1,14,24,18,9,0.00010144
1,15,13,16,13,0.00010144
1,15,15,15,23,0.00010144
1,16,5,5,6,0.00010144
1,16,5,5,10,0.00010144
1,16,5,14,9,0.00010144
1,16,9,11,15,0.00010144
1,16,9,14,15,0.00010144
1,16,13,10,11,0.00010144
1,16,13,10,15,0.00010144
1,16,13,14,11,0.00020288
1,16,13,14,15,0.0013187
1,16,13,14,20,0.00010144
1,16,13,14,24,0.00030432
1,16,13,15,20,0.00010144
1,16,13,22,7,0.00010144
1,16,18,1,16,0.00010144
1,16,18,13,12,0.00010144
1,16,18,13,16,0.00010144
1,16,22,5,16,0.00010144
1,16,22,24,13,0.00010144
1,18,1,11,2,0.00010144
1,18,1,16,13,0.00030432
1,18,24,9,22,0.00010144
1,20,5,10,5,0.00010144
1,20,9,6,13,0.00010144
1,20,13,24,13,0.00010144
1,20,22,24,9,0.00010144
1,22,1,5,12,0.00010144
1,22,1,7,2,0.00010144
1,22,3,7,14,0.00010144
1,22,11,14,13,0.00010144
1,22,11,22,15,0.00010144
1,22,15,14,9,0.00010144
1,22,15,14,13,0.00010144
1,22,16,22,5,0.00010144
1,22,24,22,5,0.00010144
1,24,1,5,10,0.00010144
1,24,1,14,13,0.00010144
1,24,9,14,15,0.00010144
1,24,18,20,22,0.00010144
1,26,7,26,11,0.00010144
1,28,5,26,15,0.00010144
1,32,5,32,5,0.00010144
1,36,23,15,15,0.00010144
1,40,34,24,14,0.00010144
2,5,5,8,5,0.00010144
2,5,12,5,7,0.00010144
2,5,18,15,6,0.00010144
2,9,1,12,1,0.00010144
2,9,8,1,9,0.00020288
2,9,8,5,5,0.00010144
2,9,8,5,10,0.00010144
2,9,8,9,6,0.00010144
2,9,10,11,10,0.00010144
2,9,10,24,9,0.00010144
2,9,14,7,5,0.00010144
2,9,14,11,10,0.00020288
2,9,16,1,9,0.00010144
2,9,18,11,14,0.00010144
2,9,22,11,14,0.00010144
2,9,22,16,13,0.00010144
2,11,6,5,5,0.00010144
2,11,14,13,32,0.00010144
2,11,22,16,1,0.00010144
2,13,10,11,14,0.00010144
2,13,12,5,1,0.00010144
2,13,12,7,1,0.00010144
2,13,12,9,10,0.00010144
2,13,14,7,14,0.00010144
2,13,16,5,14,0.00010144
2,13,16,22,15,0.00010144
2,13,24,5,14,0.00020288
2,13,24,9,14,0.00010144
2,15,6,13,6,0.00010144
2,18,5,7,6,0.00010144
2,18,15,2,9,0.00010144
2,20,1,5,14,0.00010144
2,20,9,7,6,0.00010144
2,20,13,2,13,0.00010144
2,22,1,7,14,0.00010144
2,24,9,6,5,0.00010144
2,24,14,20,22,0.00010144
2,24,15,24,15,0.00010144
2,28,12,28,5,0.00010144
3,5,6,5,5,0.00020288
3,5,10,1,5,0.00010144
3,5,10,5,12,0.00010144
3,6,13,6,7,0.00010144
3,7,10,9,8,0.00010144
3,7,14,15,7,0.00010144
3,9,11,9,12,0.00010144
3,9,14,11,1,0.00010144
3,10,9,6,7,0.00010144
3,10,13,12,9,0.00010144
3,10,23,15,15,0.00010144
3,10,27,12,27,0.00010144
3,14,5,11,3,0.00010144
3,14,5,16,5,0.00010144
3,14,13,8,18,0.00010144
3,14,13,12,1,0.00010144
3,14,13,16,13,0.00020288
3,14,13,16,18,0.00020288
3,14,13,20,1,0.00010144
3,14,13,24,13,0.00010144
3,14,15,7,14,0.00010144
3,14,15,7,26,0.00010144
3,14,23,4,18,0.00010144
3,15,9,12,23,0.00010144
3,15,13,16,5,0.00010144
3,16,13,7,6,0.00020288
3,18,13,24,18,0.00010144
3,22,5,12,9,0.00010144
3,22,15,3,14,0.00010144
3,22,15,14,13,0.00010144
3,22,16,18,13,0.00010144
3,22,16,18,20,0.00010144
3,23,1,16,9,0.00010144
3,30,7,26,11,0.00010144
4,7,5,18,3,0.00010144
4,9,22,3,16,0.00010144
4,11,14,12,28,0.00010144
4,13,14,3,16,0.00010144
4,13,14,15,14,0.00030432
4,13,14,20,9,0.00010144
4,13,14,20,13,0.00010144
4,13,15,15,23,0.00010144
4,18,19,4,9,0.00010144
4,22,16,24,16,0.00010144
4,22,24,18,20,0.00010144
4,26,11,22,15,0.00010144
4,34,4,11,14,0.00010144
4,35,4,13,14,0.00010144
4,36,4,36,4,0.0010144
4,36,4,40,4,0.00040576
4,40,4,34,4,0.00010144
4,40,4,36,4,0.00030432
4,40,4,40,4,0.00020288
5,1,1,6,7,0.00010144
5,1,6,1,1,0.00010144
5,1,6,11,1,0.00010144
5,1,6,13,8,0.00010144
5,1,8,5,5,0.00010144
5,1,10,5,7,0.00010144
5,1,10,15,6,0.00010144
5,1,12,1,5,0.00010144
5,1,12,5,1,0.00010144
5,1,12,9,10,0.00010144
5,1,16,9,14,0.00010144
5,1,18,1,11,0.00010144
5,2,9,1,12,0.00010144
5,2,9,8,1,0.00010144
5,2,9,8,5,0.00020288
5,2,9,8,9,0.00010144
5,2,9,16,1,0.00010144
5,3,6,13,6,0.00010144
5,4,22,16,24,0.00010144
5,5,2,9,8,0.00040576
5,5,2,9,16,0.00010144
5,5,6,5,7,0.0087239
5,5,6,5,12,0.00030432
5,5,6,5,16,0.0014202
5,5,6,5,20,0.00010144
5,5,6,5,24,0.00010144
5,5,6,7,5,0.0082167
5,5,6,7,10,0.00020288
5,5,6,7,14,0.00081152
5,5,6,7,22,0.00010144
5,5,6,9,8,0.0005072
5,5,6,9,12,0.00030432
5,5,6,11,6,0.00040576
5,5,6,11,14,0.00010144
5,5,6,15,2,0.00010144
5,5,6,15,6,0.0013187
5,5,6,15,10,0.00030432
5,5,6,15,14,0.00060864
5,5,6,15,40,0.00010144
5,5,6,24,5,0.00030432
5,5,6,24,13,0.00010144
5,5,7,5,7,0.00020288
5,5,7,7,5,0.00010144
5,5,7,7,14,0.00010144
5,5,7,7,15,0.00010144
5,5,8,5,1,0.00010144
5,5,8,5,5,0.0080138
5,5,8,5,10,0.00020288
5,5,8,5,14,0.001623
5,5,8,5,15,0.00010144
5,5,8,13,6,0.0013187
5,5,8,13,14,0.00010144
5,5,10,1,7,0.00020288
5,5,10,5,7,0.00020288
5,5,10,5,12,0.00040576
5,5,10,7,5,0.00010144
5,5,10,7,10,0.00010144
5,5,10,7,14,0.00010144
5,5,10,11,6,0.00020288
5,5,10,11,10,0.00010144
5,5,10,11,14,0.00010144
5,5,10,15,22,0.00010144
5,5,10,20,9,0.00010144
5,5,10,40,40,0.00010144
5,5,12,5,5,0.00060864
5,5,12,5,10,0.00020288
5,5,12,9,6,0.00010144
5,5,12,9,10,0.00010144
5,5,14,1,11,0.00010144
5,5,14,7,5,0.0013187
5,5,14,7,10,0.00010144
5,5,14,7,14,0.00020288
5,5,14,7,22,0.00010144
5,5,14,11,1,0.00010144
5,5,14,15,6,0.00030432
5,5,14,15,14,0.00020288
5,5,14,40,40,0.00010144
5,5,16,5,5,0.0020288
5,5,16,5,10,0.00010144
5,5,16,5,14,0.00020288
5,5,16,9,14,0.00010144
5,5,16,13,6,0.00030432
5,5,22,3,5,0.00010144
5,5,24,1,5,0.00010144
5,5,24,13,6,0.00020288
5,6,1,9,8,0.00010144
5,6,5,5,8,0.0081152
5,6,5,5,12,0.00010144
5,6,5,5,16,0.00071008
5,6,5,7,6,0.0077095
5,6,5,7,10,0.00020288
5,6,5,7,14,0.00091296
5,6,5,10,7,0.00010144
5,6,5,12,5,0.00020288
5,6,5,12,9,0.00020288
5,6,5,16,5,0.0021302
5,6,5,16,9,0.00010144
5,6,5,16,13,0.00040576
5,6,5,20,1,0.00010144
5,6,5,24,13,0.00010144
5,6,7,5,6,0.0074052
5,6,7,5,10,0.00010144
5,6,7,5,14,0.00081152
5,6,7,10,5,0.00020288
5,6,7,14,5,0.0005072
5,6,7,14,13,0.00030432
5,6,7,22,5,0.00010144
5,6,9,1,8,0.00010144
5,6,9,6,7,0.00020288
5,6,9,6,11,0.00010144
5,6,9,8,1,0.00010144
5,6,9,8,5,0.00030432
5,6,9,8,9,0.00010144
5,6,9,12,5,0.00010144
5,6,9,12,9,0.00030432
5,6,9,12,13,0.00010144
5,6,9,16,5,0.00010144
5,6,11,6,5,0.00030432
5,6,11,6,22,0.00010144
5,6,11,14,5,0.00010144
5,6,13,8,5,0.00020288
5,6,13,8,13,0.00010144
5,6,13,8,22,0.00010144
5,6,13,16,5,0.0005072
5,6,15,2,22,0.00010144
5,6,15,6,5,0.0012173
5,6,15,6,13,0.00010144
5,6,15,10,5,0.00010144
5,6,15,10,9,0.00020288
5,6,15,14,5,0.00040576
5,6,15,14,13,0.00020288
5,6,15,40,9,0.00010144
5,6,24,5,5,0.00030432
5,6,24,13,14,0.00010144
5,7,2,9,14,0.00010144
5,7,2,13,12,0.00010144
5,7,5,5,8,0.00010144
5,7,5,7,6,0.00010144
5,7,5,7,7,0.00010144
5,7,6,5,5,0.0089268
5,7,6,5,10,0.00040576
5,7,6,5,14,0.0013187
5,7,6,9,6,0.00010144
5,7,6,13,2,0.00010144
5,7,6,13,6,0.0013187
5,7,6,13,16,0.00020288
5,7,6,18,5,0.00010144
5,7,6,26,3,0.00010144
5,7,7,5,5,0.00020288
5,7,7,5,7,0.00010144
5,7,7,5,14,0.00010144
5,7,7,14,5,0.00010144
5,7,7,15,5,0.00010144
5,7,10,1,5,0.00010144
5,7,10,5,5,0.00020288
5,7,10,5,10,0.00030432
5,7,10,5,24,0.00010144
5,7,10,9,10,0.00020288
5,7,10,9,16,0.00010144
5,7,10,9,24,0.00010144
5,7,13,8,13,0.00010144
5,7,14,5,1,0.00010144
5,7,14,5,5,0.00081152
5,7,14,5,10,0.00010144
5,7,14,5,16,0.0005072
5,7,14,9,12,0.00020288
5,7,14,13,8,0.00020288
5,7,14,13,16,0.00010144
5,7,14,13,40,0.00010144
5,8,5,1,10,0.00010144
5,8,5,5,2,0.00010144
5,8,5,5,6,0.0067965
5,8,5,5,7,0.00010144
5,8,5,5,10,0.00010144
5,8,5,5,14,0.00091296
5,8,5,5,22,0.00010144
5,8,5,10,5,0.00010144
5,8,5,10,9,0.00010144
5,8,5,14,1,0.00010144
5,8,5,14,5,0.0010144
5,8,5,14,15,0.0005072
5,8,5,15,5,0.00010144
5,8,9,10,9,0.00010144
5,8,13,6,5,0.0010144
5,8,13,6,15,0.00030432
5,8,13,10,20,0.00010144
5,8,13,14,15,0.00010144
5,8,18,13,4,0.00010144
5,10,1,5,12,0.00020288
5,10,1,5,16,0.00010144
5,10,1,7,1,0.00010144
5,10,1,7,6,0.00020288
5,10,1,16,5,0.00010144
5,10,1,20,22,0.00010144
5,10,1,24,1,0.00010144
5,10,5,1,8,0.00010144
5,10,5,1,12,0.00020288
5,10,5,5,8,0.00020288
5,10,5,5,12,0.00030432
5,10,5,7,6,0.00020288
5,10,5,7,10,0.00020288
5,10,5,7,14,0.00030432
5,10,5,12,5,0.00081152
5,10,5,12,9,0.00020288
5,10,5,12,13,0.00010144
5,10,7,5,6,0.0005072
5,10,7,5,10,0.00060864
5,10,7,10,5,0.00010144
5,10,7,10,9,0.00030432
5,10,7,10,13,0.00010144
5,10,7,14,9,0.00010144
5,10,9,8,5,0.00020288
5,10,9,8,9,0.00071008
5,10,9,8,13,0.00020288
5,10,9,12,9,0.00020288
5,10,9,12,13,0.00020288
5,10,9,16,13,0.00030432
5,10,9,16,22,0.00010144
5,10,9,20,5,0.00010144
5,10,9,24,1,0.00010144
5,10,11,6,5,0.00020288
5,10,11,6,9,0.00020288
5,10,11,6,13,0.00020288
5,10,11,10,5,0.00020288
5,10,11,10,9,0.0005072
5,10,11,14,13,0.00010144
5,10,11,14,18,0.00010144
5,10,11,40,40,0.00010144
5,10,13,8,5,0.00010144
5,10,13,8,9,0.00010144
5,10,13,24,13,0.00020288
5,10,15,2,9,0.00010144
5,10,15,10,13,0.00010144
5,10,15,14,24,0.00010144
5,10,15,22,5,0.00010144
5,10,15,22,9,0.00010144
5,10,15,22,36,0.00010144
5,10,20,9,6,0.00010144
5,10,40,40,40,0.00020288
5,11,3,9,11,0.00010144
5,11,5,16,5,0.00010144
5,11,7,11,5,0.00010144
5,11,9,12,9,0.00010144
5,11,9,16,9,0.00010144
5,12,1,5,14,0.00010144
5,12,5,1,6,0.00010144
5,12,5,5,2,0.00010144
5,12,5,5,6,0.0005072
5,12,5,5,10,0.00071008
5,12,5,5,14,0.00030432
5,12,5,7,2,0.00010144
5,12,5,10,1,0.00010144
5,12,5,10,5,0.00030432
5,12,5,10,9,0.00030432
5,12,5,14,40,0.00010144
5,12,5,22,28,0.00010144
5,12,9,6,1,0.00010144
5,12,9,6,5,0.00010144
5,12,9,6,9,0.00040576
5,12,9,6,13,0.00010144
5,12,9,10,5,0.00030432
5,12,9,10,9,0.00071008
5,12,9,10,15,0.00010144
5,12,9,14,15,0.00010144
5,12,9,22,3,0.00010144
5,12,9,22,16,0.00010144
5,12,9,40,18,0.00010144
5,12,13,6,15,0.00010144
5,12,13,10,5,0.00010144
5,14,1,11,6,0.00010144
5,14,1,11,14,0.00010144
5,14,5,7,6,0.0022317
5,14,5,7,10,0.00030432
5,14,5,7,14,0.00020288
5,14,5,16,5,0.00020288
5,14,5,16,13,0.00030432
5,14,5,24,1,0.00010144
5,14,5,24,5,0.00010144
5,14,7,5,6,0.0022317
5,14,7,5,14,0.00040576
5,14,7,10,5,0.00010144
5,14,7,10,9,0.00010144
5,14,7,14,5,0.00091296
5,14,7,22,15,0.00010144
5,14,9,8,5,0.00010144
5,14,9,12,5,0.00020288
5,14,9,12,9,0.00010144
5,14,9,16,1,0.00010144
5,14,11,1,6,0.00010144
5,14,11,6,13,0.00010144
5,14,11,10,5,0.00010144
5,14,11,10,13,0.00010144
5,14,15,3,22,0.00010144
5,14,15,6,5,0.0011158
5,14,15,6,9,0.00010144
5,14,15,6,13,0.0005072
5,14,15,10,9,0.00010144
5,14,15,10,13,0.00010144
5,14,15,10,22,0.00010144
5,14,15,14,5,0.0005072
5,14,15,14,9,0.00020288
5,14,15,14,13,0.0015216
5,14,15,14,22,0.00010144
5,14,15,14,24,0.00010144
5,14,15,22,1,0.00010144
5,14,20,9,22,0.00010144
5,14,20,18,13,0.00010144
5,14,24,13,14,0.00010144
5,14,40,30,24,0.00010144
5,14,40,40,40,0.00010144
5,15,5,7,7,0.00020288
5,15,15,15,13,0.00010144
5,16,1,9,10,0.00010144
5,16,5,5,6,0.0035504
5,16,5,5,7,0.00010144
5,16,5,5,10,0.00010144
5,16,5,5,14,0.0011158
5,16,5,5,24,0.00010144
5,16,5,10,1,0.00010144
5,16,5,14,5,0.00071008
5,16,5,14,9,0.00010144
5,16,5,14,15,0.00040576
5,16,5,15,5,0.00010144
5,16,9,6,1,0.00010144
5,16,9,10,9,0.00020288
5,16,9,10,15,0.00010144
5,16,9,11,15,0.00010144
5,16,9,14,1,0.00010144
5,16,9,14,11,0.00030432
5,16,9,14,15,0.00020288
5,16,13,6,5,0.00071008
5,16,13,6,9,0.00010144
5,16,13,6,15,0.00071008
5,16,13,6,24,0.00010144
5,16,13,7,5,0.00010144
5,16,13,10,11,0.00020288
5,16,13,14,7,0.00040576
5,16,13,14,11,0.00010144
5,16,13,14,15,0.00091296
5,16,13,14,24,0.00010144
5,16,13,15,15,0.00010144
5,16,13,22,11,0.00010144
5,16,34,15,14,0.00010144
5,18,3,7,10,0.00010144
5,18,15,6,5,0.00010144
5,20,1,22,1,0.00010144
5,20,13,14,15,0.00010144
5,22,1,20,5,0.00010144
5,22,3,5,10,0.00010144
5,22,7,5,6,0.00010144
5,22,7,22,24,0.00010144
5,22,11,10,18,0.00010144
5,22,11,14,13,0.00010144
5,22,15,14,9,0.00010144
5,22,24,26,1,0.00010144
5,22,28,9,22,0.00010144
5,24,1,5,14,0.00020288
5,24,5,5,6,0.00010144
5,24,5,10,15,0.00010144
5,24,5,14,5,0.00010144
5,24,9,10,11,0.00010144
5,24,9,14,7,0.00010144
5,24,13,6,5,0.00020288
5,24,13,14,7,0.00010144
5,24,13,14,24,0.00010144
5,24,22,15,10,0.00010144
5,26,11,14,18,0.00010144
5,26,15,22,32,0.00010144
5,28,9,14,24,0.00010144
5,28,9,28,13,0.00010144
5,32,5,5,6,0.00010144
5,32,5,26,11,0.00010144
5,32,5,32,5,0.00020288
5,32,5,32,26,0.00010144
5,32,26,28,22,0.00010144
5,40,40,9,10,0.00010144
5,40,40,40,34,0.00010144
6,1,1,5,8,0.00010144
6,1,5,10,7,0.00010144
6,1,5,12,1,0.00010144
6,1,5,16,5,0.00010144
6,1,9,8,5,0.00010144
6,1,9,16,9,0.00010144
6,1,16,5,5,0.00010144
6,5,1,1,6,0.00010144
6,5,1,10,15,0.00010144
6,5,1,12,5,0.00010144
6,5,5,6,7,0.0091296
6,5,5,6,11,0.00030432
6,5,5,6,15,0.0005072
6,5,5,6,24,0.00040576
6,5,5,8,5,0.0077095
6,5,5,8,13,0.00040576
6,5,5,10,7,0.00030432
6,5,5,10,11,0.00010144
6,5,5,10,15,0.00010144
6,5,5,12,5,0.00020288
6,5,5,16,5,0.0018259
6,5,5,16,13,0.00030432
6,5,7,2,9,0.00010144
6,5,7,6,5,0.0084196
6,5,7,6,9,0.00010144
6,5,7,6,13,0.00081152
6,5,7,10,1,0.00010144
6,5,7,10,5,0.00010144
6,5,7,10,9,0.00010144
6,5,7,14,5,0.0011158
6,5,7,14,9,0.00020288
6,5,7,14,13,0.00010144
6,5,10,5,7,0.00040576
6,5,10,5,12,0.00010144
6,5,10,7,5,0.00010144
6,5,10,11,10,0.00010144
6,5,10,15,22,0.00010144
6,5,12,5,1,0.00010144
6,5,12,5,5,0.00030432
6,5,12,5,10,0.00010144
6,5,12,5,14,0.00010144
6,5,12,9,6,0.00030432
6,5,12,9,10,0.00010144
6,5,12,9,22,0.00010144
6,5,14,7,5,0.0012173
6,5,14,7,10,0.00010144
6,5,14,7,14,0.00071008
6,5,14,11,10,0.00010144
6,5,14,15,6,0.00030432
6,5,16,5,5,0.0021302
6,5,16,5,14,0.00040576
6,5,16,9,6,0.00010144
6,5,16,13,6,0.0005072
6,5,20,1,22,0.00010144
6,5,24,5,10,0.00010144
6,5,24,13,14,0.00010144
6,7,5,2,9,0.00010144
6,7,5,6,5,0.0077095
6,7,5,6,9,0.00040576
6,7,5,6,13,0.00040576
6,7,5,7,13,0.00010144
6,7,5,10,5,0.00010144
6,7,5,10,13,0.00010144
6,7,5,14,5,0.0005072
6,7,5,14,9,0.00010144
6,7,5,14,15,0.00040576
6,7,5,22,1,0.00010144
6,7,10,5,5,0.00020288
6,7,10,5,10,0.00020288
6,7,10,9,6,0.00010144
6,7,14,5,5,0.00071008
6,7,14,5,10,0.00010144
6,7,14,5,16,0.00010144
6,7,14,13,8,0.00040576
6,7,22,5,7,0.00010144
6,9,1,8,5,0.00010144
6,9,6,5,12,0.00020288
6,9,6,7,5,0.00020288
6,9,6,11,6,0.00020288
6,9,6,11,10,0.00010144
6,9,6,11,14,0.00010144
6,9,6,15,2,0.00010144
6,9,6,20,13,0.00010144
6,9,8,1,9,0.00010144
6,9,8,5,5,0.00030432
6,9,8,9,6,0.00010144
6,9,10,7,10,0.00010144
6,9,10,11,10,0.00030432
6,9,10,15,10,0.00010144
6,9,10,15,14,0.00020288
6,9,12,1,9,0.00010144
6,9,12,5,5,0.00020288
6,9,12,5,10,0.00010144
6,9,12,9,10,0.00071008
6,9,12,13,10,0.00010144
6,9,14,11,22,0.00010144
6,9,16,5,5,0.00010144
6,9,16,9,18,0.00010144
6,9,24,9,14,0.00010144
6,11,1,6,5,0.00010144
6,11,6,5,5,0.0005072
6,11,6,5,10,0.00020288
6,11,6,5,14,0.00010144
6,11,6,13,6,0.00010144
6,11,6,22,7,0.00010144
6,11,6,26,11,0.00010144
6,11,10,5,10,0.00020288
6,11,10,9,6,0.00010144
6,11,10,9,10,0.00020288
6,11,10,9,16,0.00010144
6,11,10,13,12,0.00010144
6,11,14,1,14,0.00010144
6,11,14,5,5,0.00010144
6,11,14,5,10,0.00010144
6,11,14,9,6,0.00010144
6,11,14,13,12,0.00010144
6,11,19,2,20,0.00010144
6,13,2,20,1,0.00010144
6,13,6,7,5,0.0012173
6,13,6,7,10,0.00010144
6,13,6,7,14,0.00040576
6,13,6,11,6,0.00010144
6,13,6,11,14,0.00010144
6,13,6,15,6,0.00030432
6,13,6,15,10,0.00010144
6,13,8,5,5,0.00010144
6,13,8,5,10,0.00020288
6,13,8,7,1,0.00010144
6,13,8,9,6,0.00010144
6,13,8,13,6,0.00010144
6,13,8,22,5,0.00010144
6,13,10,15,10,0.00010144
6,13,10,15,14,0.00010144
6,13,10,15,18,0.00010144
6,13,12,13,14,0.00010144
6,13,12,13,22,0.00010144
6,13,16,5,5,0.0005072
6,13,16,5,10,0.00010144
6,13,16,5,14,0.0005072
6,13,16,9,10,0.00020288
6,13,16,9,22,0.00010144
6,13,16,13,6,0.00020288
6,13,16,13,14,0.00040576
6,13,16,22,1,0.00010144
6,13,16,22,20,0.00010144
6,13,24,1,5,0.00010144
6,13,24,5,14,0.00010144
6,15,2,13,10,0.00010144
6,15,2,13,14,0.00010144
6,15,2,22,1,0.00010144
6,15,6,5,5,0.0013187
6,15,6,5,14,0.00060864
6,15,6,9,10,0.00010144
6,15,6,13,6,0.00010144
6,15,6,13,16,0.00010144
6,15,10,5,24,0.00010144
6,15,10,9,6,0.00020288
6,15,10,9,10,0.00040576
6,15,10,13,6,0.00010144
6,15,10,18,15,0.00010144
6,15,14,5,5,0.00040576
6,15,14,5,16,0.00060864
6,15,14,9,12,0.00040576
6,15,14,9,16,0.00010144
6,15,14,13,2,0.00010144
6,15,14,13,8,0.00020288
6,15,14,13,12,0.00010144
6,15,14,13,16,0.00081152
6,15,14,24,13,0.00010144
6,15,15,5,16,0.00010144
6,15,15,6,24,0.00010144
6,15,18,1,16,0.00010144
6,15,22,9,4,0.00010144
6,15,22,9,24,0.00010144
6,15,22,16,13,0.00010144
6,15,40,9,10,0.00010144
6,18,5,3,6,0.00010144
6,20,13,14,7,0.00010144
6,22,7,6,22,0.00010144
6,22,11,14,1,0.00010144
6,22,15,22,15,0.00010144
6,24,1,3,14,0.00010144
6,24,5,5,6,0.00030432
6,24,5,14,5,0.00010144
6,24,7,1,22,0.00010144
6,24,13,14,7,0.00010144
6,26,3,5,6,0.00010144
6,26,11,10,9,0.00010144
7,1,10,5,10,0.00010144
7,1,10,20,7,0.00010144
7,1,22,3,7,0.00010144
7,1,22,11,14,0.00010144
7,2,9,14,7,0.00010144
7,2,13,12,7,0.00010144
7,2,18,5,7,0.00010144
7,5,2,9,1,0.00010144
7,5,5,7,7,0.00020288
7,5,5,8,5,0.00010144
7,5,5,16,5,0.00010144
7,5,6,1,9,0.00010144
7,5,6,5,5,0.0087239
7,5,6,5,10,0.00010144
7,5,6,5,16,0.0012173
7,5,6,9,1,0.00010144
7,5,6,9,6,0.00030432
7,5,6,9,12,0.00020288
7,5,6,9,16,0.00010144
7,5,6,13,8,0.00040576
7,5,6,13,16,0.0005072
7,5,7,5,5,0.00010144
7,5,7,6,5,0.00010144
7,5,7,7,5,0.00010144
7,5,7,13,8,0.00010144
7,5,10,5,1,0.00010144
7,5,10,5,12,0.00020288
7,5,10,9,8,0.00020288
7,5,10,9,16,0.00010144
7,5,10,13,8,0.00010144
7,5,10,13,24,0.00020288
7,5,10,40,40,0.00010144
7,5,14,5,7,0.00081152
7,5,14,5,16,0.00010144
7,5,14,7,5,0.00010144
7,5,14,9,12,0.00010144
7,5,14,15,3,0.00010144
7,5,14,15,6,0.00020288
7,5,14,15,14,0.00020288
7,5,15,15,15,0.00010144
7,5,16,5,5,0.00010144
7,5,16,13,7,0.00010144
7,5,18,3,7,0.00010144
7,5,22,1,20,0.00010144
7,5,24,22,15,0.00010144
7,6,5,5,6,0.0079124
7,6,5,5,10,0.00020288
7,6,5,5,16,0.00081152
7,6,5,10,5,0.00030432
7,6,5,10,11,0.00010144
7,6,5,14,7,0.0011158
7,6,5,14,15,0.00020288
7,6,9,6,5,0.00010144
7,6,9,6,11,0.00020288
7,6,9,6,15,0.00010144
7,6,11,10,5,0.00010144
7,6,11,19,2,0.00010144
7,6,13,2,20,0.00010144
7,6,13,6,7,0.0012173
7,6,13,6,15,0.00010144
7,6,13,8,7,0.00010144
7,6,13,16,5,0.00020288
7,6,15,15,6,0.00010144
7,6,18,5,3,0.00010144
7,6,22,15,22,0.00010144
7,6,24,7,1,0.00010144
7,6,26,3,5,0.00010144
7,7,5,5,7,0.00010144
7,7,5,5,16,0.00010144
7,7,5,7,5,0.00010144
7,7,5,14,7,0.00010144
7,7,14,5,16,0.00010144
7,7,15,5,5,0.00010144
7,9,7,11,15,0.00010144
7,10,1,5,1,0.00010144
7,10,1,5,6,0.00010144
7,10,5,5,6,0.00020288
7,10,5,5,12,0.00030432
7,10,5,10,1,0.00010144
7,10,5,10,7,0.00060864
7,10,5,10,11,0.00010144
7,10,5,24,5,0.00010144
7,10,9,6,7,0.00010144
7,10,9,8,7,0.00010144
7,10,9,10,3,0.00010144
7,10,9,10,11,0.00060864
7,10,9,16,5,0.00030432
7,10,9,16,13,0.00010144
7,10,9,24,9,0.00010144
7,10,13,4,7,0.00010144
7,10,13,6,11,0.00010144
7,10,13,12,9,0.00010144
7,10,13,12,13,0.00010144
7,10,13,16,30,0.00010144
7,11,5,5,7,0.00010144
7,11,15,9,16,0.00010144
7,11,19,15,15,0.00010144
7,11,23,3,14,0.00010144
7,13,7,15,11,0.00010144
7,13,8,13,7,0.00010144
7,14,5,1,16,0.00010144
7,14,5,5,8,0.0019274
7,14,5,5,16,0.00030432
7,14,5,10,7,0.00010144
7,14,5,10,11,0.00020288
7,14,5,16,5,0.00071008
7,14,5,16,13,0.00020288
7,14,5,16,34,0.00010144
7,14,9,1,16,0.00010144
7,14,9,12,5,0.00020288
7,14,9,16,9,0.00010144
7,14,9,16,13,0.00010144
7,14,13,2,11,0.00010144
7,14,13,8,5,0.00040576
7,14,13,8,13,0.0005072
7,14,13,12,18,0.00010144
7,14,13,16,5,0.00020288
7,14,13,16,13,0.00040576
7,14,13,20,1,0.00010144
7,14,13,24,1,0.00010144
7,14,13,24,9,0.00010144
7,14,13,32,13,0.00010144
7,14,13,40,40,0.00010144
7,14,15,7,6,0.00020288
7,14,15,7,14,0.00010144
7,14,18,3,14,0.00010144
7,14,18,3,22,0.00010144
7,14,24,13,14,0.00010144
7,14,24,18,24,0.00010144
7,14,24,22,15,0.00010144
7,15,5,5,8,0.00010144
7,15,5,16,9,0.00010144
7,15,11,9,11,0.00010144
7,15,15,13,12,0.00010144
7,15,23,7,11,0.00010144
7,18,13,16,9,0.00010144
7,19,13,16,13,0.00010144
7,22,5,7,6,0.00010144
7,22,5,16,9,0.00010144
7,22,5,16,13,0.00010144
7,22,5,24,9,0.00010144
7,22,15,14,5,0.00010144
7,22,15,14,24,0.00010144
7,22,15,22,15,0.00010144
7,22,15,30,7,0.00010144
7,22,16,13,22,0.00010144
7,22,16,18,9,0.00010144
7,22,24,14,20,0.00010144
7,26,11,22,15,0.00020288
7,26,11,23,15,0.00010144
7,26,11,28,11,0.00010144
7,27,11,19,20,0.00010144
7,30,7,22,15,0.00010144
7,30,7,26,11,0.00010144
7,30,7,27,11,0.00010144
7,30,7,34,3,0.00010144
7,34,3,30,7,0.00010144
7,34,36,40,40,0.00010144
7,40,40,1,40,0.00010144
8,1,9,2,5,0.00010144
8,1,9,6,5,0.00020288
8,5,1,10,5,0.00010144
8,5,5,2,9,0.00020288
8,5,5,6,5,0.0063907
8,5,5,6,9,0.00040576
8,5,5,6,15,0.00081152
8,5,5,7,5,0.00010144
8,5,5,10,1,0.00020288
8,5,5,14,7,0.00091296
8,5,5,14,15,0.00020288
8,5,5,22,3,0.00010144
8,5,5,24,13,0.00010144
8,5,10,1,20,0.00010144
8,5,10,5,1,0.00010144
8,5,10,5,5,0.00020288
8,5,10,5,12,0.00010144
8,5,10,9,8,0.00020288
8,5,10,9,16,0.00010144
8,5,10,9,20,0.00010144
8,5,14,1,11,0.00010144
8,5,14,5,7,0.00081152
8,5,14,5,16,0.00020288
8,5,14,9,8,0.00010144
8,5,14,15,6,0.00030432
8,5,14,15,14,0.00040576
8,5,15,5,7,0.00010144
8,7,1,22,3,0.00010144
8,7,5,14,15,0.00010144
8,9,6,1,5,0.00010144
8,9,6,5,12,0.00020288
8,9,6,13,12,0.00010144
8,9,6,13,24,0.00010144
8,9,10,5,12,0.00020288
8,9,10,9,3,0.00020288
8,9,10,9,12,0.00030432
8,9,10,9,24,0.00010144
8,9,10,15,10,0.00020288
8,9,10,15,14,0.00010144
8,9,14,11,14,0.00010144
8,9,14,24,14,0.00010144
8,9,22,11,10,0.00010144
8,9,22,11,14,0.00010144
8,13,2,24,9,0.00010144
8,13,6,5,7,0.0014202
8,13,6,5,16,0.00020288
8,13,6,15,6,0.00030432
8,13,6,15,14,0.00020288
8,13,6,15,22,0.00010144
8,13,7,5,16,0.00010144
8,13,10,5,12,0.00010144
8,13,10,15,10,0.00010144
8,13,10,15,14,0.00010144
8,13,10,20,13,0.00010144
8,13,14,7,5,0.00010144
8,13,14,7,14,0.00060864
8,13,14,11,10,0.00010144
8,13,14,15,6,0.00010144
8,13,14,15,10,0.00010144
8,13,14,15,14,0.00030432
8,13,24,13,14,0.00010144
8,13,24,23,15,0.00010144
8,18,1,16,13,0.00020288
8,18,13,4,13,0.00010144
8,22,5,7,6,0.00010144
8,22,5,16,1,0.00010144
8,22,36,18,24,0.00010144
8,23,15,19,9,0.00010144
8,32,8,32,8,0.0021302
8,32,8,35,4,0.00010144
8,35,4,35,4,0.00010144
8,40,40,40,40,0.00020288
9,1,8,5,10,0.00010144
9,1,10,11,14,0.00010144
9,1,12,1,22,0.00010144
9,1,16,5,14,0.00010144
9,1,16,13,14,0.00010144
9,2,5,5,8,0.00010144
9,2,9,8,1,0.00010144
9,2,13,12,5,0.00010144
9,2,13,16,5,0.00010144
9,2,13,16,22,0.00010144
9,3,10,9,6,0.00010144
9,3,14,5,11,0.00010144
9,3,14,15,7,0.00010144
9,3,15,9,12,0.00010144
9,4,13,14,15,0.00010144
9,4,13,14,20,0.00020288
9,6,1,5,12,0.00010144
9,6,1,5,16,0.00010144
9,6,1,9,16,0.00010144
9,6,1,16,5,0.00010144
9,6,5,5,12,0.00010144
9,6,5,7,2,0.00010144
9,6,5,7,10,0.00010144
9,6,5,12,5,0.00040576
9,6,5,12,9,0.00030432
9,6,5,16,5,0.00020288
9,6,5,24,5,0.00010144
9,6,7,5,6,0.00020288
9,6,7,5,7,0.00010144
9,6,7,5,10,0.00010144
9,6,7,5,14,0.00010144
9,6,7,10,5,0.00010144
9,6,9,12,5,0.00020288
9,6,9,12,9,0.00040576
9,6,11,6,5,0.00030432
9,6,11,6,13,0.00010144
9,6,11,6,26,0.00010144
9,6,11,10,5,0.00010144
9,6,11,10,9,0.00030432
9,6,11,10,13,0.00010144
9,6,11,14,5,0.00010144
9,6,11,14,13,0.00010144
9,6,13,8,9,0.00010144
9,6,13,12,13,0.00020288
9,6,13,16,9,0.00010144
9,6,13,16,22,0.00010144
9,6,13,24,1,0.00010144
9,6,15,2,13,0.00020288
9,6,15,6,9,0.00010144
9,6,15,10,9,0.00030432
9,6,15,14,9,0.00020288
9,6,15,14,13,0.00010144
9,6,15,22,16,0.00010144
9,6,20,13,14,0.00010144
9,7,6,15,15,0.00010144
9,7,11,15,9,0.00010144
9,8,1,9,2,0.00010144
9,8,1,9,6,0.00020288
9,8,5,5,2,0.00010144
9,8,5,5,6,0.0005072
9,8,5,10,1,0.00010144
9,8,5,10,5,0.00010144
9,8,5,10,9,0.00010144
9,8,5,14,9,0.00010144
9,8,7,5,14,0.00010144
9,8,9,6,1,0.00010144
9,8,9,6,5,0.00020288
9,8,9,6,13,0.00010144
9,8,9,10,5,0.00020288
9,8,9,10,9,0.0005072
9,8,9,10,15,0.00010144
9,8,9,14,11,0.00010144
9,8,9,22,11,0.00010144
9,8,13,6,5,0.00010144
9,8,13,6,15,0.00010144
9,8,13,10,15,0.00020288
9,8,13,14,7,0.00010144
9,8,13,14,11,0.00010144
9,8,13,24,23,0.00010144
9,8,22,5,16,0.00010144
9,10,1,11,10,0.00010144
9,10,1,16,13,0.00010144
9,10,3,5,6,0.00010144
9,10,3,5,10,0.00010144
9,10,5,7,6,0.00010144
9,10,5,7,10,0.00030432
9,10,5,7,14,0.00010144
9,10,5,12,5,0.00020288
9,10,5,12,9,0.00071008
9,10,7,5,10,0.00010144
9,10,7,10,5,0.00020288
9,10,7,10,9,0.00030432
9,10,7,14,9,0.00010144
9,10,9,3,10,0.00010144
9,10,9,3,14,0.00010144
9,10,9,8,5,0.00010144
9,10,9,8,9,0.00040576
9,10,9,8,13,0.00030432
9,10,9,8,22,0.00010144
9,10,9,12,5,0.0005072
9,10,9,12,9,0.0033475
9,10,9,12,13,0.00071008
9,10,9,16,9,0.00010144
9,10,9,16,13,0.00010144
9,10,9,16,22,0.00010144
9,10,9,16,30,0.00010144
9,10,9,24,9,0.00020288
9,10,9,24,30,0.00010144
9,10,11,1,14,0.00010144
9,10,11,6,5,0.00010144
9,10,11,6,9,0.00040576
9,10,11,6,13,0.00020288
9,10,11,10,5,0.00030432
9,10,11,10,9,0.003449
9,10,11,10,13,0.00030432
9,10,11,10,22,0.00010144
9,10,11,14,9,0.00030432
9,10,11,14,13,0.00010144
9,10,11,14,24,0.00010144
9,10,15,2,9,0.00020288
9,10,15,6,1,0.00010144
9,10,15,10,1,0.00010144
9,10,15,10,5,0.00030432
9,10,15,10,9,0.0005072
9,10,15,10,13,0.00020288
9,10,15,14,5,0.00010144
9,10,15,14,9,0.00040576
9,10,15,14,13,0.00040576
9,10,15,18,5,0.00010144
9,10,15,22,5,0.00010144
9,10,15,22,9,0.00010144
9,10,20,9,10,0.00010144
9,10,20,13,14,0.00010144
9,10,24,1,14,0.00010144
9,10,24,9,10,0.00010144
9,11,2,5,12,0.00010144
9,11,9,3,15,0.00010144
9,11,9,12,5,0.00010144
9,11,9,12,13,0.00010144
9,11,11,7,5,0.00010144
9,11,15,7,13,0.00010144
9,11,15,11,1,0.00010144
9,11,15,15,24,0.00010144
9,11,15,22,9,0.00010144
9,12,1,9,22,0.00010144
9,12,5,5,2,0.00010144
9,12,5,5,6,0.00030432
9,12,5,5,10,0.00010144
9,12,5,10,9,0.00071008
9,12,5,10,13,0.00010144
9,12,5,11,5,0.00010144
9,12,5,14,9,0.00010144
9,12,5,14,20,0.00010144
9,12,9,1,10,0.00010144
9,12,9,6,5,0.00010144
9,12,9,6,9,0.00010144
9,12,9,10,1,0.00020288
9,12,9,10,5,0.00020288
9,12,9,10,9,0.0037533
9,12,9,10,15,0.00010144
9,12,9,10,20,0.00010144
9,12,9,11,9,0.00010144
9,12,9,14,11,0.00010144
9,12,9,14,15,0.00010144
9,12,9,14,24,0.00010144
9,12,9,15,11,0.00010144
9,12,9,15,15,0.00010144
9,12,13,6,15,0.00030432
9,12,13,10,1,0.00010144
9,12,13,10,11,0.0005072
9,12,13,14,7,0.00010144
9,12,13,14,11,0.00071008
9,12,13,14,15,0.0005072
9,12,13,15,11,0.00010144
9,12,13,22,16,0.00010144
9,12,13,32,13,0.00010144
9,12,22,9,8,0.00010144
9,12,22,9,16,0.00010144
9,12,22,24,18,0.00010144
9,12,23,15,23,0.00010144
9,14,1,16,18,0.00020288
9,14,1,16,22,0.00010144
9,14,1,20,9,0.00010144
9,14,5,12,9,0.00020288
9,14,7,5,6,0.00010144
9,14,7,14,13,0.00010144
9,14,11,1,14,0.00010144
9,14,11,10,5,0.00010144
9,14,11,10,9,0.00010144
9,14,11,10,13,0.00020288
9,14,11,10,22,0.00010144
9,14,11,14,9,0.00020288
9,14,11,14,13,0.00010144
9,14,11,14,18,0.00010144
9,14,11,14,22,0.00020288
9,14,11,18,40,0.00010144
9,14,11,22,9,0.00020288
9,14,11,40,40,0.00010144
9,14,15,2,18,0.00010144
9,14,15,6,13,0.00030432
9,14,15,10,9,0.00010144
9,14,15,10,13,0.0005072
9,14,15,10,18,0.00010144
9,14,15,14,1,0.00010144
9,14,15,14,5,0.00020288
9,14,15,14,13,0.00071008
9,14,15,22,15,0.00010144
9,14,20,1,22,0.00010144
9,14,20,9,10,0.00010144
9,14,20,13,14,0.00030432
9,14,24,1,18,0.00010144
9,14,24,5,10,0.00010144
9,14,24,9,10,0.00010144
9,14,24,9,14,0.00010144
9,14,24,14,20,0.00010144
9,14,24,18,24,0.00010144
9,15,7,15,5,0.00010144
9,15,11,14,22,0.00010144
9,15,15,10,13,0.00010144
9,15,15,15,13,0.00010144
9,15,24,9,15,0.00010144
9,16,1,9,2,0.00010144
9,16,1,9,10,0.00020288
9,16,1,14,5,0.00010144
9,16,1,14,13,0.00010144
9,16,5,5,6,0.00020288
9,16,5,10,5,0.00010144
9,16,5,10,9,0.00020288
9,16,5,14,15,0.00010144
9,16,5,16,13,0.00010144
9,16,9,6,5,0.00010144
9,16,9,10,5,0.00010144
9,16,9,10,9,0.00030432
9,16,9,10,15,0.00030432
9,16,9,11,9,0.00010144
9,16,9,11,15,0.00010144
9,16,9,14,5,0.00010144
9,16,9,14,11,0.00020288
9,16,9,14,15,0.00010144
9,16,9,18,11,0.00010144
9,16,9,18,15,0.00010144
9,16,9,18,24,0.00010144
9,16,9,22,11,0.00010144
9,16,9,22,20,0.00010144
9,16,9,22,28,0.00010144
9,16,9,40,40,0.00010144
9,16,13,6,9,0.00010144
9,16,13,6,15,0.00020288
9,16,13,10,11,0.00020288
9,16,13,10,24,0.00010144
9,16,13,14,7,0.00010144
9,16,13,14,11,0.00020288
9,16,13,14,15,0.00081152
9,16,13,14,20,0.00010144
9,16,13,14,24,0.00020288
9,16,13,22,7,0.00010144
9,16,13,22,11,0.00030432
9,16,13,24,22,0.00010144
9,16,13,40,40,0.00010144
9,16,18,20,22,0.00010144
9,16,22,5,12,0.00010144
9,16,22,5,28,0.00010144
9,16,22,9,12,0.00010144
9,16,22,9,16,0.00010144
9,16,22,15,14,0.00010144
9,16,30,28,22,0.00010144
9,18,11,14,13,0.00010144
9,18,11,22,1,0.00010144
9,18,15,10,13,0.00020288
9,18,15,14,13,0.00020288
9,18,24,14,24,0.00010144
9,18,24,18,24,0.00010144
9,18,28,40,22,0.00010144
9,19,7,15,23,0.00010144
9,20,5,5,2,0.00010144
9,20,9,10,5,0.00010144
9,20,9,18,15,0.00010144
9,20,13,14,15,0.00020288
9,22,1,24,9,0.00010144
9,22,3,14,13,0.00010144
9,22,3,16,13,0.00010144
9,22,3,18,13,0.00010144
9,22,3,22,5,0.00010144
9,22,7,6,9,0.00010144
9,22,7,22,5,0.00010144
9,22,11,10,9,0.00010144
9,22,11,10,13,0.00020288
9,22,11,10,18,0.00010144
9,22,11,10,22,0.00010144
9,22,11,10,28,0.00010144
9,22,11,14,1,0.00010144
9,22,11,14,9,0.00010144
9,22,11,14,13,0.00030432
9,22,11,18,1,0.00010144
9,22,11,22,16,0.00010144
9,22,15,14,18,0.00010144
9,22,15,18,9,0.00010144
9,22,15,18,24,0.00010144
9,22,15,23,15,0.00010144
9,22,15,26,15,0.00010144
9,22,16,13,11,0.00010144
9,22,16,40,40,0.00010144
9,22,20,9,22,0.00010144
9,22,20,18,13,0.00010144
9,22,20,26,40,0.00010144
9,22,24,18,1,0.00010144
9,22,24,18,32,0.00010144
9,22,24,22,40,0.00010144
9,22,24,26,28,0.00010144
9,22,28,40,40,0.00010144
9,22,36,22,24,0.00010144
9,22,36,40,40,0.00010144
9,23,7,30,7,0.00010144
9,24,1,5,6,0.00010144
9,24,1,14,9,0.00010144
9,24,5,22,11,0.00010144
9,24,9,2,13,0.00010144
9,24,9,6,5,0.00010144
9,24,9,6,9,0.00010144
9,24,9,14,1,0.00010144
9,24,9,14,15,0.00010144
9,24,9,14,20,0.00010144
9,24,9,22,11,0.00010144
9,24,9,24,13,0.00010144
9,24,13,14,20,0.00010144
9,24,13,24,13,0.00010144
9,24,14,20,22,0.00010144
9,24,14,24,13,0.00010144
9,24,14,28,30,0.00010144
9,24,18,9,24,0.00010144
9,24,18,13,12,0.00020288
9,24,22,1,16,0.00010144
9,24,30,40,13,0.00010144
9,24,40,40,40,0.00010144
9,28,9,14,24,0.00020288
9,28,9,22,15,0.00010144
9,28,9,28,9,0.00020288
9,28,13,14,15,0.00010144
9,28,13,24,13,0.00010144
9,28,22,9,20,0.00010144
9,32,5,32,5,0.00010144
9,40,13,22,3,0.00010144
9,40,18,9,16,0.00010144
9,40,40,40,40,0.00010144
10,1,5,1,6,0.00010144
10,1,5,6,7,0.00010144
10,1,5,12,5,0.00010144
10,1,5,12,9,0.00010144
10,1,5,16,5,0.00010144
10,1,7,1,10,0.00010144
10,1,7,6,9,0.00020288
10,1,9,12,9,0.00010144
10,1,11,7,9,0.00010144
10,1,11,10,9,0.00010144
10,1,16,5,5,0.00010144
10,1,16,13,10,0.00010144
10,1,20,22,24,0.00010144
10,1,24,1,5,0.00010144
10,3,5,6,5,0.00010144
10,3,5,10,5,0.00010144
10,5,1,8,5,0.00010144
10,5,1,12,1,0.00010144
10,5,1,12,9,0.00010144
10,5,5,6,7,0.00020288
10,5,5,6,11,0.00020288
10,5,5,8,5,0.00020288
10,5,5,12,5,0.00060864
10,5,5,12,9,0.00020288
10,5,5,16,9,0.00010144
10,5,7,6,5,0.00040576
10,5,7,6,18,0.00010144
10,5,7,10,5,0.0005072
10,5,7,14,5,0.00040576
10,5,7,14,13,0.00010144
10,5,10,1,7,0.00010144
10,5,10,7,5,0.00081152
10,5,10,7,10,0.00020288
10,5,10,11,6,0.00020288
10,5,10,11,10,0.00040576
10,5,10,11,40,0.00010144
10,5,10,15,2,0.00010144
10,5,10,15,22,0.00010144
10,5,12,5,5,0.00071008
10,5,12,5,10,0.00020288
10,5,12,5,22,0.00010144
10,5,12,9,6,0.00030432
10,5,12,9,10,0.00071008
10,5,12,13,6,0.00010144
10,5,14,15,6,0.00010144
10,5,24,5,14,0.00010144
10,5,24,9,10,0.00010144
10,7,5,6,5,0.00030432
10,7,5,6,9,0.00020288
10,7,5,10,5,0.00020288
10,7,5,10,9,0.00020288
10,7,5,10,13,0.00020288
10,7,5,10,40,0.00010144
10,7,10,5,5,0.00010144
10,7,10,5,10,0.00020288
10,7,10,9,10,0.00040576
10,7,10,9,16,0.00020288
10,7,10,13,16,0.00010144
10,7,14,9,16,0.00020288
10,9,3,10,9,0.00010144
10,9,3,14,5,0.00010144
10,9,6,1,16,0.00010144
10,9,6,7,5,0.00030432
10,9,6,7,10,0.00010144
10,9,6,11,6,0.00030432
10,9,6,11,10,0.00040576
10,9,6,11,14,0.00010144
10,9,6,15,6,0.00010144
10,9,6,15,10,0.00030432
10,9,6,15,22,0.00010144
10,9,8,5,5,0.00020288
10,9,8,5,14,0.00010144
10,9,8,7,5,0.00010144
10,9,8,9,6,0.00020288
10,9,8,9,10,0.00081152
10,9,8,9,22,0.00010144
10,9,8,13,6,0.00020288
10,9,8,13,10,0.00020288
10,9,8,13,14,0.00010144
10,9,8,22,5,0.00010144
10,9,10,3,5,0.00020288
10,9,10,7,5,0.00010144
10,9,10,7,10,0.00040576
10,9,10,7,14,0.00010144
10,9,10,11,1,0.00010144
10,9,10,11,6,0.00060864
10,9,10,11,10,0.0036519
10,9,10,11,14,0.0005072
10,9,10,15,2,0.00010144
10,9,10,15,10,0.00020288
10,9,12,5,10,0.00040576
10,9,12,5,14,0.00010144
10,9,12,9,1,0.00010144
10,9,12,9,6,0.00020288
10,9,12,9,10,0.0029418
10,9,12,9,14,0.00030432
10,9,12,13,6,0.00010144
10,9,12,13,10,0.00040576
10,9,12,13,14,0.00020288
10,9,12,13,22,0.00010144
10,9,12,13,32,0.00010144
10,9,16,1,9,0.00010144
10,9,16,5,5,0.00010144
10,9,16,5,10,0.00020288
10,9,16,9,10,0.0005072
10,9,16,9,14,0.00010144
10,9,16,9,22,0.00010144
10,9,16,13,6,0.00010144
10,9,16,13,10,0.00020288
10,9,16,13,14,0.00060864
10,9,16,22,5,0.00020288
10,9,16,30,28,0.00010144
10,9,20,5,5,0.00010144
10,9,24,1,5,0.00010144
10,9,24,1,14,0.00010144
10,9,24,5,22,0.00010144
10,9,24,9,2,0.00010144
10,9,24,9,6,0.00020288
10,9,24,9,24,0.00010144
10,9,24,30,40,0.00010144
10,11,1,14,9,0.00010144
10,11,6,5,5,0.00040576
10,11,6,5,10,0.00010144
10,11,6,5,14,0.00010144
10,11,6,9,6,0.00010144
10,11,6,9,10,0.0005072
10,11,6,13,6,0.00030432
10,11,6,13,16,0.00010144
10,11,10,5,5,0.00010144
10,11,10,5,10,0.00040576
10,11,10,9,6,0.00081152
10,11,10,9,10,0.0032461
10,11,10,9,16,0.00040576
10,11,10,13,2,0.00010144
10,11,10,13,12,0.00020288
10,11,10,22,7,0.00010144
10,11,14,5,10,0.00010144
10,11,14,9,1,0.00010144
10,11,14,9,12,0.00020288
10,11,14,9,16,0.00010144
10,11,14,13,12,0.00010144
10,11,14,13,16,0.0005072
10,11,14,18,15,0.00010144
10,11,14,24,9,0.00010144
10,11,40,40,40,0.00010144
10,13,2,15,6,0.00010144
10,13,4,7,5,0.00010144
10,13,6,7,14,0.00010144
10,13,6,11,6,0.00010144
10,13,6,11,10,0.00010144
10,13,6,11,14,0.00010144
10,13,6,15,18,0.00010144
10,13,8,5,5,0.00010144
10,13,8,9,14,0.00010144
10,13,12,9,6,0.00010144
10,13,12,9,10,0.00030432
10,13,12,9,14,0.00030432
10,13,12,13,10,0.00010144
10,13,12,13,14,0.00020288
10,13,12,18,24,0.00010144
10,13,12,22,16,0.00010144
10,13,12,22,24,0.00010144
10,13,16,5,5,0.00010144
10,13,16,5,22,0.00010144
10,13,16,9,10,0.00010144
10,13,16,9,14,0.00010144
10,13,16,13,14,0.00060864
10,13,16,13,18,0.00010144
10,13,16,13,22,0.00020288
10,13,16,18,9,0.00010144
10,13,16,30,40,0.00010144
10,13,20,18,1,0.00010144
10,13,20,18,13,0.00010144
10,13,20,18,36,0.00010144
10,13,24,9,11,0.00010144
10,13,24,9,14,0.00010144
10,13,24,13,14,0.00010144
10,13,24,13,24,0.00010144
10,13,24,14,20,0.00010144
10,13,24,22,24,0.00010144
10,13,28,9,22,0.00010144
10,15,2,9,10,0.00020288
10,15,2,9,22,0.00010144
10,15,6,1,5,0.00010144
10,15,6,9,6,0.00010144
10,15,6,13,6,0.00010144
10,15,10,1,9,0.00010144
10,15,10,5,5,0.00010144
10,15,10,5,10,0.00010144
10,15,10,5,14,0.00010144
10,15,10,9,6,0.00010144
10,15,10,9,10,0.00040576
10,15,10,9,16,0.00010144
10,15,10,13,6,0.00020288
10,15,10,13,12,0.00010144
10,15,10,13,16,0.00040576
10,15,10,40,40,0.00010144
10,15,12,2,28,0.00010144
10,15,14,5,5,0.00010144
10,15,14,9,6,0.00010144
10,15,14,9,12,0.00030432
10,15,14,9,16,0.00010144
10,15,14,13,8,0.00020288
10,15,14,13,12,0.00010144
10,15,14,13,16,0.00020288
10,15,14,13,40,0.00010144
10,15,14,18,15,0.00010144
10,15,14,22,3,0.00010144
10,15,14,22,16,0.00010144
10,15,14,24,18,0.00010144
10,15,18,1,32,0.00010144
10,15,18,5,16,0.00010144
10,15,18,20,18,0.00010144
10,15,22,5,7,0.00010144
10,15,22,5,16,0.00010144
10,15,22,9,12,0.00020288
10,15,22,9,16,0.00010144
10,15,22,15,14,0.00010144
10,15,22,36,40,0.00010144
10,18,11,18,9,0.00010144
10,18,15,10,18,0.00010144
10,18,15,14,9,0.00010144
10,18,15,14,18,0.00010144
10,18,15,14,24,0.00010144
10,18,15,22,15,0.00010144
10,18,20,13,22,0.00010144
10,18,24,9,24,0.00010144
10,20,7,10,13,0.00010144
10,20,9,6,5,0.00010144
10,20,9,10,15,0.00010144
10,20,9,22,11,0.00010144
10,20,13,14,11,0.00010144
10,20,13,14,15,0.00010144
10,22,3,10,13,0.00010144
10,22,7,10,13,0.00010144
10,22,11,14,13,0.00030432
10,22,11,14,24,0.00010144
10,22,11,22,9,0.00010144
10,22,15,26,20,0.00010144
10,23,15,15,24,0.00010144
10,24,1,14,15,0.00010144
10,24,3,10,27,0.00010144
10,24,9,10,15,0.00010144
10,24,9,14,15,0.00020288
10,24,9,18,24,0.00010144
10,24,9,24,9,0.00010144
10,27,12,27,2,0.00010144
10,28,13,14,15,0.00010144
10,40,40,40,40,0.00030432
11,1,6,5,1,0.00010144
11,1,6,5,5,0.00010144
11,1,9,12,9,0.00010144
11,1,14,9,12,0.00010144
11,1,14,13,4,0.00010144
11,1,15,15,15,0.00010144
11,2,5,12,5,0.00010144
11,2,5,18,15,0.00010144
11,2,9,14,11,0.00010144
11,2,9,18,11,0.00010144
11,2,13,24,5,0.00010144
11,3,9,11,9,0.00010144
11,5,5,7,7,0.00010144
11,5,11,7,11,0.00010144
11,5,16,5,15,0.00010144
11,6,5,5,6,0.00060864
11,6,5,5,10,0.00030432
11,6,5,5,16,0.00010144
11,6,5,10,5,0.00020288
11,6,5,10,15,0.00010144
11,6,5,14,7,0.00010144
11,6,5,14,11,0.00010144
11,6,9,6,11,0.00010144
11,6,9,6,20,0.00010144
11,6,9,10,11,0.00030432
11,6,9,10,15,0.00020288
11,6,13,6,7,0.00020288
11,6,13,6,11,0.00010144
11,6,13,6,15,0.00020288
11,6,13,10,15,0.00010144
11,6,13,16,9,0.00010144
11,6,22,7,6,0.00010144
11,6,26,11,10,0.00010144
11,7,5,5,7,0.00010144
11,7,9,7,11,0.00010144
11,7,11,5,5,0.00010144
11,9,3,15,9,0.00010144
11,9,11,11,7,0.00010144
11,9,12,5,11,0.00010144
11,9,12,9,11,0.00010144
11,9,12,13,15,0.00010144
11,9,16,9,11,0.00010144
11,10,5,5,6,0.00010144
11,10,5,5,12,0.00020288
11,10,5,5,16,0.00010144
11,10,5,10,7,0.00020288
11,10,5,10,11,0.00060864
11,10,5,10,15,0.00020288
11,10,9,6,1,0.00010144
11,10,9,6,7,0.00010144
11,10,9,6,11,0.00071008
11,10,9,6,15,0.00020288
11,10,9,10,7,0.0005072
11,10,9,10,11,0.0033475
11,10,9,10,15,0.00030432
11,10,9,16,1,0.00010144
11,10,9,16,9,0.00030432
11,10,9,16,13,0.00010144
11,10,9,24,1,0.00010144
11,10,13,2,15,0.00010144
11,10,13,12,9,0.00030432
11,10,13,12,18,0.00010144
11,10,13,12,22,0.00010144
11,10,13,16,13,0.00020288
11,10,13,20,18,0.00010144
11,10,13,24,9,0.00010144
11,10,13,24,14,0.00010144
11,10,13,28,9,0.00010144
11,10,18,15,10,0.00010144
11,10,18,24,9,0.00010144
11,10,22,3,10,0.00010144
11,10,22,7,10,0.00010144
11,10,22,11,14,0.00020288
11,10,24,3,10,0.00010144
11,10,28,13,14,0.00010144
11,11,1,9,12,0.00010144
11,11,5,11,7,0.00010144
11,11,7,5,5,0.00010144
11,14,1,14,11,0.00020288
11,14,1,14,15,0.00010144
11,14,1,14,24,0.00010144
11,14,5,5,8,0.00010144
11,14,5,10,7,0.00010144
11,14,5,10,11,0.00020288
11,14,9,1,16,0.00010144
11,14,9,6,15,0.00020288
11,14,9,12,9,0.00010144
11,14,9,12,13,0.00010144
11,14,9,16,1,0.00010144
11,14,9,16,9,0.00010144
11,14,9,16,13,0.00020288
11,14,9,16,22,0.00010144
11,14,12,28,12,0.00010144
11,14,13,2,24,0.00010144
11,14,13,8,13,0.00010144
11,14,13,12,9,0.00010144
11,14,13,12,13,0.00030432
11,14,13,16,5,0.00010144
11,14,13,16,9,0.00020288
11,14,13,16,13,0.00081152
11,14,13,16,18,0.00010144
11,14,13,16,22,0.00020288
11,14,13,24,13,0.00020288
11,14,13,32,40,0.00010144
11,14,18,3,22,0.00010144
11,14,18,7,14,0.00010144
11,14,18,15,14,0.00010144
11,14,18,15,30,0.00010144
11,14,22,3,9,0.00010144
11,14,22,3,10,0.00010144
11,14,22,16,13,0.00010144
11,14,22,24,30,0.00010144
11,14,24,9,10,0.00010144
11,14,24,13,14,0.00020288
11,15,7,13,7,0.00010144
11,15,9,16,9,0.00010144
11,15,11,1,15,0.00010144
11,15,11,19,11,0.00010144
11,15,15,24,13,0.00010144
11,15,22,9,16,0.00010144
11,15,23,7,19,0.00010144
11,18,1,16,13,0.00010144
11,18,9,16,13,0.00010144
11,18,40,9,22,0.00010144
11,18,40,40,40,0.00010144
11,19,2,20,9,0.00010144
11,19,11,15,23,0.00010144
11,19,15,15,24,0.00010144
11,19,20,23,16,0.00010144
11,22,1,16,13,0.00010144
11,22,5,20,13,0.00010144
11,22,9,16,5,0.00010144
11,22,9,16,9,0.00020288
11,22,9,16,13,0.00010144
11,22,9,16,18,0.00010144
11,22,9,20,9,0.00010144
11,22,9,24,14,0.00010144
11,22,15,14,24,0.00010144
11,22,15,22,15,0.00020288
11,22,15,22,28,0.00010144
11,22,15,30,7,0.00010144
11,22,16,1,14,0.00010144
11,22,16,13,24,0.00010144
11,22,20,13,14,0.00010144
11,22,28,30,32,0.00010144
11,23,3,14,13,0.00010144
11,23,15,15,9,0.00010144
11,26,11,26,28,0.00010144
11,26,11,30,32,0.00010144
11,26,28,30,32,0.00010144
11,28,11,10,24,0.00010144
11,28,11,28,11,0.00010144
11,30,32,30,24,0.00010144
11,40,40,40,5,0.00010144
11,40,40,40,40,0.00020288
12,1,5,10,5,0.00010144
12,1,5,14,5,0.00010144
12,1,9,10,15,0.00010144
12,1,9,22,24,0.00010144
12,1,22,1,7,0.00010144
12,2,28,12,28,0.00010144
12,5,1,6,1,0.00010144
12,5,1,6,13,0.00010144
12,5,1,18,1,0.00010144
12,5,5,2,9,0.00020288
12,5,5,6,5,0.0005072
12,5,5,6,9,0.00020288
12,5,5,6,15,0.00010144
12,5,5,10,5,0.0005072
12,5,5,10,11,0.00020288
12,5,5,10,40,0.00010144
12,5,5,14,7,0.00020288
12,5,5,14,40,0.00010144
12,5,7,2,13,0.00010144
12,5,10,1,5,0.00010144
12,5,10,5,5,0.00020288
12,5,10,5,12,0.00010144
12,5,10,9,8,0.0005072
12,5,10,9,12,0.00030432
12,5,10,9,16,0.00010144
12,5,10,9,24,0.00010144
12,5,10,13,8,0.00010144
12,5,11,5,16,0.00010144
12,5,11,9,16,0.00010144
12,5,14,9,12,0.00010144
12,5,14,20,18,0.00010144
12,5,14,40,30,0.00010144
12,5,22,28,9,0.00010144
12,7,1,10,20,0.00010144
12,9,1,10,11,0.00010144
12,9,6,1,9,0.00010144
12,9,6,5,5,0.00010144
12,9,6,5,12,0.00010144
12,9,6,9,12,0.0005072
12,9,6,13,8,0.00010144
12,9,6,13,16,0.00010144
12,9,10,1,11,0.00010144
12,9,10,1,16,0.00010144
12,9,10,5,7,0.00020288
12,9,10,5,12,0.00030432
12,9,10,9,8,0.00081152
12,9,10,9,12,0.0038547
12,9,10,9,16,0.00020288
12,9,10,9,24,0.00010144
12,9,10,15,2,0.00010144
12,9,10,15,10,0.00010144
12,9,10,15,14,0.00010144
12,9,10,15,18,0.00010144
12,9,10,20,9,0.00010144
12,9,10,24,1,0.00010144
12,9,11,9,12,0.00010144
12,9,14,11,10,0.00020288
12,9,14,15,6,0.00010144
12,9,14,15,14,0.00040576
12,9,14,20,13,0.00010144
12,9,14,24,9,0.00010144
12,9,15,11,14,0.00010144
12,9,15,15,15,0.00010144
12,9,22,3,18,0.00010144
12,9,22,16,40,0.00010144
12,9,23,7,30,0.00010144
12,9,40,18,9,0.00010144
12,13,6,15,10,0.00010144
12,13,6,15,14,0.00030432
12,13,10,1,11,0.00010144
12,13,10,5,7,0.00010144
12,13,10,11,10,0.00040576
12,13,10,11,14,0.00020288
12,13,10,15,6,0.00010144
12,13,10,15,14,0.00010144
12,13,14,1,7,0.00010144
12,13,14,7,14,0.00020288
12,13,14,11,10,0.0005072
12,13,14,11,22,0.00010144
12,13,14,11,26,0.00010144
12,13,14,11,40,0.00010144
12,13,14,15,10,0.00010144
12,13,14,15,14,0.0005072
12,13,14,15,22,0.00010144
12,13,15,11,11,0.00010144
12,13,18,20,18,0.00010144
12,13,22,11,14,0.00010144
12,13,22,16,13,0.00010144
12,13,22,28,34,0.00010144
12,13,32,13,10,0.00010144
12,13,40,5,10,0.00010144
12,18,13,12,22,0.00010144
12,18,13,16,13,0.00020288
12,18,24,1,14,0.00010144
12,18,24,13,24,0.00010144
12,22,9,4,13,0.00010144
12,22,9,8,13,0.00010144
12,22,9,12,13,0.00010144
12,22,9,16,1,0.00010144
12,22,9,16,9,0.00010144
12,22,9,16,13,0.00010144
12,22,16,18,13,0.00010144
12,22,24,14,13,0.00010144
12,22,24,14,24,0.00010144
12,22,24,18,24,0.00010144
12,23,15,23,24,0.00010144
12,24,16,24,16,0.00010144
12,27,2,24,15,0.00010144
12,28,5,4,22,0.00010144
12,28,5,32,5,0.00010144
12,28,12,28,5,0.00010144
12,28,12,28,12,0.0021302
12,28,12,28,15,0.00010144
12,28,15,24,15,0.00010144
13,2,11,6,5,0.00010144
13,2,11,14,13,0.00010144
13,2,11,22,16,0.00010144
13,2,13,12,9,0.00010144
13,2,13,24,5,0.00010144
13,2,13,24,9,0.00010144
13,2,15,6,13,0.00010144
13,2,20,1,5,0.00010144
13,2,20,13,2,0.00010144
13,2,24,9,6,0.00010144
13,2,24,14,20,0.00010144
13,4,7,5,18,0.00010144
13,4,13,14,15,0.00020288
13,4,13,15,15,0.00010144
13,4,22,24,18,0.00010144
13,4,26,11,22,0.00010144
13,6,5,1,12,0.00010144
13,6,5,7,6,0.001623
13,6,5,7,14,0.0005072
13,6,5,16,5,0.00020288
13,6,5,16,13,0.00010144
13,6,7,5,2,0.00010144
13,6,7,5,6,0.00091296
13,6,7,5,14,0.00010144
13,6,7,5,22,0.00010144
13,6,7,10,9,0.00010144
13,6,7,14,5,0.00040576
13,6,7,14,13,0.00010144
13,6,9,12,1,0.00010144
13,6,9,16,9,0.00010144
13,6,11,6,5,0.00020288
13,6,11,10,9,0.00010144
13,6,11,14,1,0.00010144
13,6,11,14,9,0.00010144
13,6,15,6,5,0.00071008
13,6,15,6,13,0.00010144
13,6,15,10,9,0.00010144
13,6,15,10,13,0.00010144
13,6,15,10,18,0.00010144
13,6,15,14,5,0.00060864
13,6,15,14,9,0.00030432
13,6,15,14,13,0.00091296
13,6,15,14,24,0.00010144
13,6,15,15,5,0.00010144
13,6,15,18,1,0.00010144
13,6,15,22,9,0.00020288
13,6,24,5,14,0.00010144
13,7,5,16,5,0.00010144
13,7,5,16,13,0.00010144
13,7,5,24,22,0.00010144
13,7,6,11,10,0.00010144
13,7,6,11,19,0.00010144
13,7,15,11,9,0.00010144
13,7,15,15,13,0.00010144
13,8,5,5,6,0.00030432
13,8,5,5,14,0.00020288
13,8,5,5,24,0.00010144
13,8,5,10,5,0.00010144
13,8,5,10,9,0.00020288
13,8,5,14,15,0.00020288
13,8,7,1,22,0.00010144
13,8,9,6,13,0.00010144
13,8,9,10,15,0.00020288
13,8,9,14,24,0.00010144
13,8,9,22,11,0.00010144
13,8,13,2,24,0.00010144
13,8,13,6,5,0.0005072
13,8,13,6,15,0.00020288
13,8,13,7,5,0.00010144
13,8,13,10,5,0.00010144
13,8,13,14,7,0.00060864
13,8,13,14,15,0.00040576
13,8,13,24,13,0.00010144
13,8,18,1,16,0.00020288
13,8,22,5,7,0.00010144
13,8,22,36,18,0.00010144
13,8,23,15,19,0.00010144
13,10,1,11,7,0.00010144
13,10,5,7,6,0.00020288
13,10,5,12,9,0.00010144
13,10,11,6,5,0.00030432
13,10,11,10,9,0.0005072
13,10,11,14,5,0.00010144
13,10,11,14,9,0.00010144
13,10,11,14,13,0.00030432
13,10,15,6,9,0.00010144
13,10,15,10,9,0.00010144
13,10,15,10,13,0.00040576
13,10,15,10,40,0.00010144
13,10,15,14,9,0.00010144
13,10,15,14,13,0.00020288
13,10,15,14,18,0.00010144
13,10,15,14,22,0.00020288
13,10,15,18,1,0.00010144
13,10,15,18,20,0.00010144
13,10,15,22,9,0.00010144
13,10,15,22,15,0.00010144
13,10,20,9,22,0.00010144
13,10,20,13,14,0.00010144
13,10,24,9,14,0.00020288
13,10,24,9,18,0.00010144
13,10,24,9,24,0.00010144
13,11,15,11,19,0.00010144
13,12,1,9,10,0.00010144
13,12,5,1,18,0.00010144
13,12,7,1,10,0.00010144
13,12,9,6,13,0.00010144
13,12,9,10,9,0.00040576
13,12,9,10,15,0.00020288
13,12,9,10,24,0.00010144
13,12,9,14,11,0.00010144
13,12,9,14,15,0.00030432
13,12,9,14,20,0.00010144
13,12,9,23,7,0.00010144
13,12,13,10,11,0.00010144
13,12,13,10,15,0.00020288
13,12,13,14,1,0.00010144
13,12,13,14,7,0.00010144
13,12,13,14,11,0.00010144
13,12,13,14,15,0.00020288
13,12,13,18,20,0.00010144
13,12,13,22,11,0.00010144
13,12,13,22,28,0.00010144
13,12,13,40,5,0.00010144
13,12,18,13,12,0.00010144
13,12,18,13,16,0.00020288
13,12,18,24,1,0.00010144
13,12,18,24,13,0.00010144
13,12,22,9,12,0.00010144
13,12,22,9,16,0.00020288
13,12,22,16,18,0.00010144
13,12,22,24,14,0.00020288
13,14,1,7,10,0.00010144
13,14,3,16,13,0.00010144
13,14,7,5,6,0.00030432
13,14,7,5,10,0.00010144
13,14,7,5,15,0.00010144
13,14,7,10,9,0.00010144
13,14,7,10,13,0.00010144
13,14,7,14,5,0.00020288
13,14,7,14,9,0.00010144
13,14,7,14,13,0.0010144
13,14,7,14,18,0.00020288
13,14,7,14,24,0.00020288
13,14,7,22,5,0.00010144
13,14,7,22,15,0.00010144
13,14,11,10,5,0.00040576
13,14,11,10,9,0.00060864
13,14,11,10,22,0.00010144
13,14,11,14,5,0.00010144
13,14,11,14,18,0.00010144
13,14,11,14,24,0.00010144
13,14,11,18,40,0.00010144
13,14,11,22,5,0.00010144
13,14,11,22,9,0.00030432
13,14,11,22,28,0.00010144
13,14,11,26,11,0.00010144
13,14,11,40,40,0.00010144
13,14,15,2,9,0.00010144
13,14,15,6,5,0.00010144
13,14,15,6,9,0.00010144
13,14,15,6,13,0.00071008
13,14,15,6,22,0.00010144
13,14,15,10,9,0.00081152
13,14,15,10,13,0.00060864
13,14,15,10,18,0.00010144
13,14,15,10,22,0.00020288
13,14,15,14,1,0.00010144
13,14,15,14,5,0.00060864
13,14,15,14,9,0.00071008
13,14,15,14,13,0.013187
13,14,15,14,18,0.00040576
13,14,15,14,22,0.00020288
13,14,15,14,24,0.00060864
13,14,15,15,13,0.00030432
13,14,15,18,20,0.00010144
13,14,15,22,1,0.00030432
13,14,15,22,5,0.00030432
13,14,15,22,15,0.00091296
13,14,15,22,24,0.00020288
13,14,15,26,1,0.00020288
13,14,20,1,14,0.00030432
13,14,20,9,14,0.00030432
13,14,20,9,22,0.00010144
13,14,20,13,2,0.00010144
13,14,20,13,10,0.00010144
13,14,24,1,14,0.00010144
13,14,24,5,14,0.00020288
13,14,24,9,22,0.00010144
13,14,24,9,28,0.00010144
13,14,24,13,10,0.00010144
13,14,24,13,14,0.0015216
13,14,24,13,24,0.00020288
13,14,24,13,28,0.00020288
13,14,24,22,15,0.00030432
13,14,24,22,24,0.00020288
13,14,24,26,32,0.00010144
13,15,7,11,19,0.00010144
13,15,11,11,1,0.00010144
13,15,11,11,5,0.00010144
13,15,15,14,13,0.00010144
13,15,15,15,13,0.00081152
13,15,15,23,15,0.00030432
13,15,20,1,15,0.00010144
13,16,1,14,24,0.00020288
13,16,5,5,6,0.00060864
13,16,5,5,10,0.00010144
13,16,5,10,1,0.00010144
13,16,5,11,9,0.00010144
13,16,5,14,5,0.00030432
13,16,5,14,15,0.0013187
13,16,5,22,7,0.00010144
13,16,5,22,15,0.00010144
13,16,9,6,13,0.00010144
13,16,9,10,5,0.00020288
13,16,9,10,9,0.00010144
13,16,9,10,15,0.00010144
13,16,9,14,11,0.00020288
13,16,9,14,15,0.00020288
13,16,9,14,20,0.00010144
13,16,9,15,24,0.00010144
13,16,9,18,15,0.00010144
13,16,9,22,3,0.00010144
13,16,9,22,11,0.00040576
13,16,9,22,36,0.00010144
13,16,9,28,9,0.00010144
13,16,13,2,13,0.00010144
13,16,13,6,15,0.0010144
13,16,13,7,15,0.00010144
13,16,13,10,15,0.00071008
13,16,13,10,24,0.00010144
13,16,13,14,7,0.00060864
13,16,13,14,11,0.0005072
13,16,13,14,15,0.0098397
13,16,13,14,20,0.00020288
13,16,13,14,24,0.0010144
13,16,13,15,15,0.00071008
13,16,13,18,11,0.00020288
13,16,13,18,15,0.00010144
13,16,13,18,24,0.00010144
13,16,13,22,3,0.00010144
13,16,13,22,7,0.00020288
13,16,13,24,5,0.00010144
13,16,13,24,13,0.0014202
13,16,13,24,18,0.00010144
13,16,13,24,22,0.00030432
13,16,18,1,9,0.00010144
13,16,18,1,16,0.00040576
13,16,18,1,24,0.00010144
13,16,18,9,16,0.00010144
13,16,18,9,20,0.00010144
13,16,18,13,4,0.00010144
13,16,18,13,16,0.00010144
13,16,19,1,16,0.00010144
13,16,22,1,16,0.00010144
13,16,22,15,14,0.0019274
13,16,22,15,22,0.00020288
13,16,22,20,1,0.00010144
13,16,22,20,22,0.00010144
13,16,22,24,13,0.00010144
13,16,23,24,13,0.00010144
13,16,30,40,40,0.00010144
13,18,11,14,13,0.00020288
13,18,15,14,18,0.00010144
13,18,20,1,14,0.00010144
13,18,20,18,28,0.00010144
13,18,24,9,14,0.00010144
13,20,1,18,1,0.00020288
13,20,9,14,15,0.00010144
13,20,13,18,20,0.00010144
13,20,18,1,9,0.00010144
13,20,18,13,16,0.00010144
13,20,18,36,30,0.00010144
13,20,22,24,5,0.00010144
13,20,23,9,16,0.00010144
13,22,3,14,5,0.00010144
13,22,3,14,13,0.00010144
13,22,7,10,13,0.00010144
13,22,7,14,13,0.00010144
13,22,7,14,24,0.00010144
13,22,7,22,16,0.00020288
13,22,11,2,9,0.00020288
13,22,11,2,13,0.00010144
13,22,11,10,13,0.00020288
13,22,11,14,9,0.00020288
13,22,11,14,13,0.00020288
13,22,16,9,14,0.00010144
13,22,16,13,40,0.00010144
13,22,16,18,9,0.00010144
13,22,16,18,20,0.00020288
13,22,16,22,28,0.00010144
13,22,28,34,15,0.00010144
13,24,1,5,6,0.00010144
13,24,1,9,19,0.00010144
13,24,1,14,13,0.00010144
13,24,1,18,1,0.00010144
13,24,5,14,11,0.00010144
13,24,5,14,15,0.0005072
13,24,9,2,13,0.00010144
13,24,9,6,15,0.00010144
13,24,9,10,15,0.00010144
13,24,9,11,15,0.00010144
13,24,9,14,1,0.00020288
13,24,9,22,20,0.00010144
13,24,9,28,13,0.00010144
13,24,13,7,5,0.00010144
13,24,13,14,7,0.00010144
13,24,13,14,11,0.00010144
13,24,13,14,15,0.0024346
13,24,13,14,20,0.00010144
13,24,13,14,24,0.00081152
13,24,13,15,15,0.00010144
13,24,13,22,11,0.00020288
13,24,13,22,16,0.00010144
13,24,13,24,9,0.00010144
13,24,13,24,13,0.00071008
13,24,13,24,18,0.00020288
13,24,13,24,22,0.00010144
13,24,13,32,5,0.00010144
13,24,14,20,13,0.00010144
13,24,14,40,40,0.00010144
13,24,18,1,16,0.00010144
13,24,18,1,24,0.00010144
13,24,18,20,13,0.00010144
13,24,18,24,9,0.00010144
13,24,18,24,14,0.00010144
13,24,22,9,16,0.00010144
13,24,22,15,14,0.0005072
13,24,22,16,13,0.00010144
13,24,22,24,13,0.00010144
13,24,22,24,22,0.00010144
13,24,22,40,40,0.00010144
13,24,23,15,23,0.00010144
13,24,30,40,40,0.00010144
13,28,1,14,13,0.00020288
13,28,9,22,7,0.00010144
13,28,9,22,15,0.00020288
13,28,9,28,9,0.00010144
13,28,26,28,26,0.00010144
13,32,5,22,24,0.00010144
13,32,9,22,24,0.00010144
13,32,13,10,5,0.00010144
13,32,13,14,15,0.00010144
13,32,40,40,40,0.00010144
13,36,34,40,40,0.00010144
13,40,5,10,1,0.00010144
13,40,40,13,24,0.00010144
13,40,40,40,40,0.0005072
14,1,1,5,8,0.00010144
14,1,7,10,1,0.00010144
14,1,11,6,13,0.00010144
14,1,11,14,13,0.00010144
14,1,14,11,10,0.00020288
14,1,14,11,14,0.00010144
14,1,14,15,22,0.00010144
14,1,14,24,9,0.00010144
14,1,16,18,13,0.00020288
14,1,16,22,5,0.00010144
14,1,20,9,6,0.00010144
14,3,16,13,7,0.00010144
14,5,1,16,9,0.00010144
14,5,5,8,5,0.0018259
14,5,5,8,13,0.0010144
14,5,5,16,5,0.00040576
14,5,5,24,1,0.00010144
14,5,7,6,5,0.0015216
14,5,7,6,13,0.00060864
14,5,7,6,26,0.00010144
14,5,7,10,9,0.00030432
14,5,7,14,13,0.00020288
14,5,10,7,5,0.00010144
14,5,10,7,10,0.00010144
14,5,10,11,6,0.00020288
14,5,10,11,10,0.00010144
14,5,10,11,14,0.00010144
14,5,11,3,9,0.00010144
14,5,12,9,10,0.00010144
14,5,12,9,22,0.00010144
14,5,16,5,5,0.00060864
14,5,16,5,14,0.0005072
14,5,16,9,10,0.00010144
14,5,16,9,14,0.00030432
14,5,16,13,6,0.00081152
14,5,16,13,10,0.00010144
14,5,16,13,14,0.0010144
14,5,16,34,15,0.00010144
14,5,24,1,5,0.00010144
14,5,24,5,5,0.00010144
14,5,24,13,14,0.00010144
14,7,5,6,1,0.00010144
14,7,5,6,5,0.0020288
14,7,5,6,9,0.00010144
14,7,5,6,13,0.00040576
14,7,5,10,9,0.00010144
14,7,5,14,5,0.00040576
14,7,5,15,15,0.00010144
14,7,10,5,10,0.00010144
14,7,10,9,10,0.00010144
14,7,10,9,16,0.00010144
14,7,10,13,12,0.00010144
14,7,14,5,5,0.00071008
14,7,14,5,10,0.00010144
14,7,14,5,16,0.00030432
14,7,14,9,1,0.00010144
14,7,14,13,2,0.00010144
14,7,14,13,8,0.00020288
14,7,14,13,16,0.0005072
14,7,14,13,24,0.00020288
14,7,14,13,32,0.00010144
14,7,14,18,3,0.00020288
14,7,14,24,13,0.00010144
14,7,14,24,22,0.00010144
14,7,22,5,24,0.00010144
14,7,22,15,14,0.00020288
14,9,1,16,5,0.00010144
14,9,1,16,13,0.00010144
14,9,6,15,2,0.00010144
14,9,6,15,14,0.00020288
14,9,8,5,10,0.00010144
14,9,12,5,5,0.00030432
14,9,12,5,10,0.00030432
14,9,12,9,10,0.00060864
14,9,12,13,6,0.00010144
14,9,12,13,10,0.00010144
14,9,12,13,14,0.00091296
14,9,12,22,24,0.00010144
14,9,16,1,9,0.00010144
14,9,16,1,14,0.00010144
14,9,16,9,6,0.00010144
14,9,16,9,10,0.00010144
14,9,16,9,14,0.00020288
14,9,16,13,6,0.00010144
14,9,16,13,14,0.00010144
14,9,16,13,24,0.00010144
14,9,16,13,40,0.00010144
14,9,16,22,9,0.00010144
14,9,20,13,14,0.00010144
14,9,24,18,9,0.00010144
14,9,24,18,13,0.00020288
14,9,24,40,40,0.00010144
14,11,1,6,5,0.00010144
14,11,1,14,13,0.00010144
14,11,6,13,10,0.00010144
14,11,10,5,5,0.00030432
14,11,10,5,10,0.00040576
14,11,10,9,6,0.00010144
14,11,10,9,10,0.0005072
14,11,10,9,24,0.00010144
14,11,10,13,12,0.00020288
14,11,10,13,20,0.00010144
14,11,10,13,24,0.00010144
14,11,10,22,3,0.00010144
14,11,10,22,11,0.00010144
14,11,14,1,14,0.00010144
14,11,14,5,10,0.00010144
14,11,14,9,16,0.00020288
14,11,14,13,12,0.00010144
14,11,14,18,7,0.00010144
14,11,14,18,15,0.00010144
14,11,14,22,16,0.00010144
14,11,14,22,24,0.00010144
14,11,14,24,13,0.00010144
14,11,18,40,9,0.00010144
14,11,18,40,40,0.00010144
14,11,22,5,20,0.00010144
14,11,22,9,16,0.00040576
14,11,22,9,20,0.00010144
14,11,22,28,30,0.00010144
14,11,26,11,30,0.00010144
14,11,40,40,40,0.00020288
14,12,28,12,28,0.00010144
14,13,2,11,6,0.00010144
14,13,2,11,14,0.00010144
14,13,2,11,22,0.00010144
14,13,2,20,13,0.00010144
14,13,2,24,14,0.00010144
14,13,4,22,24,0.00010144
14,13,8,5,5,0.00040576
14,13,8,5,10,0.00010144
14,13,8,5,14,0.00020288
14,13,8,9,10,0.00020288
14,13,8,9,22,0.00010144
14,13,8,13,2,0.00010144
14,13,8,13,6,0.00060864
14,13,8,13,10,0.00010144
14,13,8,13,14,0.0010144
14,13,8,13,24,0.00010144
14,13,8,18,1,0.00020288
14,13,8,22,36,0.00010144
14,13,8,23,15,0.00010144
14,13,12,1,9,0.00010144
14,13,12,9,10,0.00030432
14,13,12,9,14,0.00020288
14,13,12,13,10,0.00010144
14,13,12,13,14,0.00020288
14,13,12,13,18,0.00010144
14,13,12,18,13,0.00020288
14,13,12,18,24,0.00010144
14,13,12,22,9,0.00030432
14,13,16,5,5,0.00010144
14,13,16,5,14,0.0010144
14,13,16,5,22,0.00010144
14,13,16,9,6,0.00010144
14,13,16,9,10,0.00010144
14,13,16,9,14,0.00010144
14,13,16,9,18,0.00010144
14,13,16,9,22,0.00040576
14,13,16,9,28,0.00010144
14,13,16,13,2,0.00010144
14,13,16,13,6,0.00081152
14,13,16,13,10,0.00071008
14,13,16,13,14,0.01055
14,13,16,13,18,0.00030432
14,13,16,13,22,0.00010144
14,13,16,13,24,0.001623
14,13,16,18,1,0.00060864
14,13,16,18,9,0.00010144
14,13,16,18,13,0.00010144
14,13,16,22,15,0.0020288
14,13,16,22,20,0.00010144
14,13,16,22,24,0.00010144
14,13,20,1,18,0.00020288
14,13,20,9,14,0.00010144
14,13,20,13,18,0.00010144
14,13,20,22,24,0.00010144
14,13,24,1,14,0.00010144
14,13,24,1,18,0.00010144
14,13,24,5,14,0.00020288
14,13,24,9,2,0.00010144
14,13,24,9,10,0.00010144
14,13,24,9,22,0.00010144
14,13,24,13,14,0.0015216
14,13,24,13,24,0.00020288
14,13,24,22,15,0.00030432
14,13,28,1,14,0.00010144
14,13,32,13,14,0.00010144
14,13,32,40,40,0.00010144
14,13,40,40,40,0.00020288
14,15,2,9,14,0.00010144
14,15,2,18,15,0.00010144
14,15,3,22,15,0.00010144
14,15,6,5,5,0.00091296
14,15,6,5,14,0.00030432
14,15,6,9,10,0.00010144
14,15,6,9,14,0.00010144
14,15,6,9,24,0.00010144
14,15,6,13,6,0.00010144
14,15,6,13,10,0.00020288
14,15,6,13,16,0.0011158
14,15,6,13,24,0.00010144
14,15,6,22,11,0.00010144
14,15,7,6,13,0.00010144
14,15,7,6,24,0.00010144
14,15,7,14,15,0.00020288
14,15,7,26,11,0.00010144
14,15,10,9,6,0.00010144
14,15,10,9,10,0.00030432
14,15,10,9,16,0.00040576
14,15,10,9,24,0.00020288
14,15,10,13,6,0.00010144
14,15,10,13,12,0.00030432
14,15,10,13,16,0.0005072
14,15,10,13,20,0.00020288
14,15,10,13,24,0.00010144
14,15,10,18,15,0.00020288
14,15,10,22,11,0.00020288
14,15,10,22,15,0.00010144
14,15,14,1,1,0.00010144
14,15,14,1,14,0.00010144
14,15,14,5,5,0.00040576
14,15,14,5,16,0.00091296
14,15,14,9,12,0.00060864
14,15,14,9,20,0.00010144
14,15,14,9,24,0.00020288
14,15,14,13,2,0.00010144
14,15,14,13,8,0.0013187
14,15,14,13,12,0.0005072
14,15,14,13,16,0.011666
14,15,14,13,20,0.00020288
14,15,14,13,24,0.001623
14,15,14,18,3,0.00010144
14,15,14,18,15,0.00010144
14,15,14,18,20,0.00010144
14,15,14,18,24,0.00010144
14,15,14,22,3,0.00010144
14,15,14,22,7,0.00020288
14,15,14,24,13,0.0005072
14,15,14,24,22,0.00020288
14,15,15,13,16,0.00030432
14,15,18,20,22,0.00010144
14,15,22,1,12,0.00010144
14,15,22,1,16,0.00030432
14,15,22,5,16,0.00030432
14,15,22,9,4,0.00010144
14,15,22,15,10,0.00010144
14,15,22,15,14,0.00071008
14,15,22,15,22,0.00020288
14,15,22,24,13,0.00010144
14,15,22,24,22,0.00010144
14,15,26,1,16,0.00020288
14,18,3,14,13,0.00030432
14,18,3,22,15,0.00010144
14,18,3,22,16,0.00020288
14,18,7,14,13,0.00010144
14,18,15,10,18,0.00010144
14,18,15,14,9,0.00010144
14,18,15,14,13,0.00010144
14,18,15,30,7,0.00010144
14,18,20,13,22,0.00010144
14,18,20,18,24,0.00010144
14,18,20,22,9,0.00010144
14,18,24,14,13,0.00010144
14,20,1,14,5,0.00010144
14,20,1,14,13,0.00020288
14,20,1,22,15,0.00020288
14,20,1,22,24,0.00010144
14,20,9,10,15,0.00010144
14,20,9,14,15,0.00020288
14,20,9,14,20,0.00010144
14,20,9,22,1,0.00010144
14,20,9,22,15,0.00010144
14,20,13,2,13,0.00010144
14,20,13,10,20,0.00010144
14,20,13,10,24,0.00010144
14,20,13,14,11,0.00010144
14,20,13,14,15,0.00010144
14,20,13,14,20,0.00010144
14,20,13,14,24,0.00010144
14,20,18,13,4,0.00010144
14,20,22,1,16,0.00010144
14,20,22,16,22,0.00010144
14,20,22,20,13,0.00010144
14,20,22,24,34,0.00010144
14,22,3,9,14,0.00010144
14,22,3,10,23,0.00010144
14,22,3,14,13,0.00020288
14,22,7,18,13,0.00010144
14,22,7,22,5,0.00010144
14,22,16,9,10,0.00010144
14,22,16,13,24,0.00010144
14,22,24,30,28,0.00010144
14,23,4,18,19,0.00010144
14,24,1,9,22,0.00010144
14,24,1,14,13,0.00010144
14,24,1,18,24,0.00010144
14,24,5,10,5,0.00010144
14,24,5,10,15,0.00010144
14,24,5,14,15,0.00010144
14,24,5,14,20,0.00010144
14,24,5,14,24,0.00010144
14,24,9,2,13,0.00010144
14,24,9,10,5,0.00010144
14,24,9,10,9,0.00010144
14,24,9,14,15,0.00030432
14,24,9,22,11,0.00010144
14,24,9,28,9,0.00010144
14,24,13,10,24,0.00010144
14,24,13,14,15,0.002536
14,24,13,14,24,0.00030432
14,24,13,22,11,0.00010144
14,24,13,24,13,0.00020288
14,24,13,28,1,0.00010144
14,24,13,28,9,0.00010144
14,24,14,20,22,0.00010144
14,24,18,9,16,0.00010144
14,24,18,24,5,0.00010144
14,24,18,24,13,0.00010144
14,24,18,24,22,0.00010144
14,24,22,15,14,0.00040576
14,24,22,15,22,0.00020288
14,24,22,24,13,0.00020288
14,24,22,24,18,0.00010144
14,24,22,24,22,0.00010144
14,24,22,32,22,0.00010144
14,24,26,32,26,0.00010144
14,24,40,40,40,0.00010144
14,28,30,28,22,0.00010144
14,40,30,24,18,0.00010144
14,40,40,40,26,0.00010144
14,40,40,40,40,0.00020288
15,2,9,10,11,0.00010144
15,2,9,10,24,0.00010144
15,2,9,14,11,0.00010144
15,2,9,22,11,0.00010144
15,2,9,22,16,0.00010144
15,2,13,10,11,0.00010144
15,2,13,14,7,0.00010144
15,2,18,15,2,0.00010144
15,2,22,1,7,0.00010144
15,3,14,23,4,0.00010144
15,3,22,15,3,0.00010144
15,5,5,8,5,0.00010144
15,5,7,7,5,0.00020288
15,5,16,9,11,0.00010144
15,5,16,13,15,0.00010144
15,6,1,5,10,0.00010144
15,6,5,1,10,0.00010144
15,6,5,5,6,0.0017245
15,6,5,5,16,0.0005072
15,6,5,14,7,0.00081152
15,6,5,14,15,0.00010144
15,6,9,6,5,0.00010144
15,6,9,10,7,0.00010144
15,6,9,10,15,0.00010144
15,6,9,14,11,0.00010144
15,6,9,24,9,0.00010144
15,6,13,6,7,0.00020288
15,6,13,6,11,0.00010144
15,6,13,6,15,0.00010144
15,6,13,10,15,0.00020288
15,6,13,16,5,0.00040576
15,6,13,16,9,0.00010144
15,6,13,16,13,0.00060864
15,6,13,16,22,0.00010144
15,6,13,24,5,0.00010144
15,6,22,11,14,0.00010144
15,6,24,1,3,0.00010144
15,7,6,13,8,0.00010144
15,7,6,24,7,0.00010144
15,7,11,19,15,0.00010144
15,7,13,7,15,0.00010144
15,7,14,15,7,0.00020288
15,7,15,5,16,0.00010144
15,7,26,11,28,0.00010144
15,9,12,9,15,0.00010144
15,9,12,23,15,0.00010144
15,9,16,9,11,0.00010144
15,10,1,9,12,0.00010144
15,10,5,5,6,0.00010144
15,10,5,10,7,0.00010144
15,10,5,14,15,0.00010144
15,10,5,24,9,0.00010144
15,10,9,6,7,0.00010144
15,10,9,6,11,0.00010144
15,10,9,6,15,0.00030432
15,10,9,10,3,0.00010144
15,10,9,10,7,0.00010144
15,10,9,10,11,0.00091296
15,10,9,16,9,0.00030432
15,10,9,16,13,0.00030432
15,10,9,24,5,0.00010144
15,10,9,24,9,0.00010144
15,10,13,6,7,0.00010144
15,10,13,6,11,0.00020288
15,10,13,6,15,0.00010144
15,10,13,12,9,0.00020288
15,10,13,12,13,0.00020288
15,10,13,12,22,0.00010144
15,10,13,16,5,0.00020288
15,10,13,16,9,0.00020288
15,10,13,16,13,0.00071008
15,10,13,16,18,0.00010144
15,10,13,20,18,0.00020288
15,10,13,24,9,0.00010144
15,10,13,24,22,0.00010144
15,10,18,11,18,0.00010144
15,10,18,15,14,0.00030432
15,10,18,15,22,0.00010144
15,10,18,20,13,0.00010144
15,10,22,11,14,0.00020288
15,10,22,11,22,0.00010144
15,10,22,15,26,0.00010144
15,10,40,40,40,0.00010144
15,11,1,15,15,0.00010144
15,11,9,11,11,0.00010144
15,11,11,1,9,0.00010144
15,11,11,5,11,0.00010144
15,11,14,22,3,0.00010144
15,11,19,11,15,0.00010144
15,12,2,28,12,0.00010144
15,13,12,9,23,0.00010144
15,13,16,5,11,0.00010144
15,13,16,9,15,0.00010144
15,13,16,13,7,0.00010144
15,13,16,13,14,0.00030432
15,13,16,13,15,0.00060864
15,13,16,13,24,0.00030432
15,13,16,19,1,0.00010144
15,13,16,23,24,0.00010144
15,13,20,23,9,0.00010144
15,13,24,1,9,0.00010144
15,13,40,40,40,0.00010144
15,14,1,1,5,0.00010144
15,14,1,14,11,0.00010144
15,14,5,5,8,0.00081152
15,14,5,5,16,0.00010144
15,14,5,5,24,0.00010144
15,14,5,16,5,0.00010144
15,14,5,16,9,0.00030432
15,14,5,16,13,0.0013187
15,14,5,24,13,0.00010144
15,14,9,6,15,0.00010144
15,14,9,12,5,0.00020288
15,14,9,12,9,0.00040576
15,14,9,12,13,0.00081152
15,14,9,12,22,0.00010144
15,14,9,16,9,0.00020288
15,14,9,16,13,0.00010144
15,14,9,20,13,0.00010144
15,14,9,24,18,0.00030432
15,14,9,24,40,0.00010144
15,14,13,2,11,0.00020288
15,14,13,2,20,0.00010144
15,14,13,8,5,0.00030432
15,14,13,8,9,0.00020288
15,14,13,8,13,0.0012173
15,14,13,8,18,0.00010144
15,14,13,8,22,0.00010144
15,14,13,8,23,0.00010144
15,14,13,12,9,0.00030432
15,14,13,12,13,0.00010144
15,14,13,12,18,0.00020288
15,14,13,12,22,0.00030432
15,14,13,16,5,0.00091296
15,14,13,16,9,0.00060864
15,14,13,16,13,0.01197
15,14,13,16,18,0.00040576
15,14,13,16,22,0.0020288
15,14,13,20,9,0.00010144
15,14,13,20,13,0.00010144
15,14,13,20,22,0.00010144
15,14,13,24,1,0.00010144
15,14,13,24,5,0.00020288
15,14,13,24,9,0.00020288
15,14,13,24,13,0.0014202
15,14,13,24,22,0.00030432
15,14,13,28,1,0.00010144
15,14,13,40,40,0.00010144
15,14,18,3,14,0.00020288
15,14,18,3,22,0.00010144
15,14,18,15,10,0.00010144
15,14,18,15,14,0.00010144
15,14,18,20,13,0.00010144
15,14,18,20,18,0.00010144
15,14,18,20,22,0.00010144
15,14,18,24,14,0.00010144
15,14,22,3,14,0.00020288
15,14,22,7,18,0.00010144
15,14,22,7,22,0.00010144
15,14,22,16,9,0.00010144
15,14,24,9,14,0.00020288
15,14,24,13,14,0.00091296
15,14,24,18,24,0.00010144
15,14,24,22,15,0.00020288
15,14,24,22,24,0.00020288
15,15,5,16,13,0.00010144
15,15,6,24,1,0.00010144
15,15,9,12,9,0.00010144
15,15,10,13,24,0.00010144
15,15,13,12,9,0.00010144
15,15,13,16,9,0.00010144
15,15,13,16,13,0.0012173
15,15,13,16,19,0.00010144
15,15,13,16,23,0.00010144
15,15,13,20,23,0.00010144
15,15,13,24,1,0.00010144
15,15,13,40,40,0.00010144
15,15,14,13,16,0.00010144
15,15,15,13,16,0.00081152
15,15,15,13,20,0.00010144
15,15,15,13,24,0.00010144
15,15,15,23,3,0.00010144
15,15,23,3,15,0.00010144
15,15,23,3,23,0.00010144
15,15,23,15,15,0.00030432
15,15,24,13,14,0.00010144
15,15,24,13,15,0.00010144
15,15,24,23,15,0.00010144
15,18,1,16,13,0.00010144
15,18,1,32,5,0.00010144
15,18,5,16,13,0.00010144
15,18,9,16,13,0.00010144
15,18,20,18,13,0.00010144
15,18,20,22,24,0.00010144
15,18,24,9,24,0.00010144
15,18,24,18,15,0.00010144
15,18,24,18,24,0.00010144
15,19,9,8,13,0.00010144
15,19,13,4,13,0.00010144
15,20,1,15,13,0.00010144
15,20,19,24,22,0.00010144
15,22,1,12,22,0.00010144
15,22,1,16,13,0.00030432
15,22,5,7,6,0.00010144
15,22,5,8,18,0.00010144
15,22,5,16,9,0.00010144
15,22,5,16,13,0.00030432
15,22,9,4,13,0.00020288
15,22,9,12,22,0.00020288
15,22,9,16,5,0.00010144
15,22,9,16,13,0.00010144
15,22,9,24,14,0.00010144
15,22,15,10,22,0.00010144
15,22,15,14,13,0.0013187
15,22,15,14,24,0.00010144
15,22,15,22,5,0.00010144
15,22,15,22,15,0.00060864
15,22,15,22,16,0.00020288
15,22,15,22,24,0.00010144
15,22,15,30,7,0.00010144
15,22,16,13,24,0.00010144
15,22,16,13,28,0.00010144
15,22,16,22,16,0.00010144
15,22,24,13,14,0.00010144
15,22,24,18,13,0.00010144
15,22,24,22,15,0.00010144
15,22,24,22,24,0.00020288
15,22,28,26,32,0.00010144
15,22,32,22,32,0.00010144
15,22,36,40,40,0.00020288
15,23,3,15,13,0.00010144
15,23,3,23,1,0.00010144
15,23,7,11,23,0.00010144
15,23,7,19,13,0.00010144
15,23,15,15,13,0.00030432
15,23,15,15,23,0.00010144
15,23,15,23,15,0.00010144
15,23,15,23,16,0.00010144
15,23,16,23,15,0.00010144
15,23,24,15,24,0.00010144
15,24,9,3,14,0.00010144
15,24,9,15,15,0.00010144
15,24,13,14,15,0.00010144
15,24,13,15,15,0.00010144
15,24,15,20,19,0.00010144
15,24,15,24,9,0.00010144
15,24,15,24,15,0.00020288
15,24,23,15,15,0.00010144
15,24,23,24,23,0.00010144
15,26,1,16,13,0.00020288
15,26,15,10,18,0.00010144
15,26,20,18,24,0.00010144
15,30,7,22,15,0.00010144
15,30,7,30,7,0.00020288
15,30,7,40,40,0.00010144
15,40,9,10,9,0.00010144
16,1,9,2,9,0.00010144
16,1,9,10,11,0.00010144
16,1,9,10,15,0.00020288
16,1,14,5,16,0.00010144
16,1,14,13,16,0.00010144
16,1,14,24,1,0.00010144
16,1,14,24,5,0.00010144
16,1,14,24,18,0.00010144
16,5,5,6,5,0.0033475
16,5,5,6,9,0.00010144
16,5,5,6,15,0.0010144
16,5,5,7,5,0.00010144
16,5,5,10,5,0.00010144
16,5,5,10,11,0.00010144
16,5,5,10,20,0.00010144
16,5,5,14,1,0.00010144
16,5,5,14,7,0.00060864
16,5,5,14,11,0.00010144
16,5,5,14,15,0.00030432
16,5,5,24,13,0.00010144
16,5,10,1,16,0.00010144
16,5,10,1,24,0.00010144
16,5,10,5,1,0.00010144
16,5,10,9,8,0.00010144
16,5,10,9,12,0.00010144
16,5,11,9,12,0.00010144
16,5,14,5,7,0.00081152
16,5,14,5,16,0.00020288
16,5,14,9,12,0.00010144
16,5,14,9,16,0.00010144
16,5,14,15,6,0.00040576
16,5,14,15,10,0.00020288
16,5,14,15,14,0.0011158
16,5,14,15,22,0.00010144
16,5,15,5,7,0.00010144
16,5,16,13,10,0.00010144
16,5,22,7,5,0.00010144
16,5,22,15,14,0.00010144
16,9,6,1,5,0.00010144
16,9,6,5,16,0.00010144
16,9,6,13,12,0.00010144
16,9,10,5,7,0.00010144
16,9,10,5,12,0.00020288
16,9,10,9,8,0.00010144
16,9,10,9,12,0.00030432
16,9,10,9,16,0.00010144
16,9,10,9,24,0.00010144
16,9,10,15,10,0.00010144
16,9,10,15,14,0.00030432
16,9,10,15,22,0.00010144
16,9,10,20,13,0.00010144
16,9,11,2,5,0.00010144
16,9,11,9,3,0.00010144
16,9,11,15,7,0.00010144
16,9,11,15,11,0.00010144
16,9,11,15,15,0.00010144
16,9,14,1,16,0.00010144
16,9,14,5,12,0.00010144
16,9,14,11,10,0.00010144
16,9,14,11,14,0.00040576
16,9,14,11,18,0.00010144
16,9,14,11,22,0.00010144
16,9,14,11,40,0.00010144
16,9,14,15,2,0.00010144
16,9,14,15,10,0.00020288
16,9,14,15,14,0.00030432
16,9,14,20,13,0.00010144
16,9,15,24,9,0.00010144
16,9,18,11,22,0.00010144
16,9,18,15,14,0.00020288
16,9,18,24,18,0.00010144
16,9,22,3,14,0.00010144
16,9,22,11,10,0.00020288
16,9,22,11,14,0.00030432
16,9,22,20,26,0.00010144
16,9,22,28,40,0.00010144
16,9,22,36,40,0.00010144
16,9,28,9,14,0.00010144
16,9,40,40,40,0.00010144
16,10,15,12,2,0.00010144
16,13,2,13,24,0.00010144
16,13,6,5,1,0.00010144
16,13,6,5,7,0.00060864
16,13,6,9,12,0.00010144
16,13,6,9,16,0.00010144
16,13,6,15,6,0.00020288
16,13,6,15,10,0.00010144
16,13,6,15,14,0.0014202
16,13,6,15,15,0.00010144
16,13,6,15,22,0.00010144
16,13,6,24,5,0.00010144
16,13,7,5,16,0.00010144
16,13,7,6,11,0.00020288
16,13,7,15,15,0.00010144
16,13,10,11,6,0.00020288
16,13,10,11,10,0.00010144
16,13,10,11,14,0.00020288
16,13,10,15,10,0.00040576
16,13,10,15,14,0.00020288
16,13,10,15,22,0.00020288
16,13,10,24,9,0.00020288
16,13,11,15,11,0.00010144
16,13,14,7,10,0.00010144
16,13,14,7,14,0.00081152
16,13,14,7,22,0.00020288
16,13,14,11,10,0.0005072
16,13,14,11,14,0.00020288
16,13,14,11,22,0.00030432
16,13,14,15,6,0.00081152
16,13,14,15,10,0.0010144
16,13,14,15,14,0.0099412
16,13,14,15,15,0.00020288
16,13,14,15,18,0.00010144
16,13,14,15,22,0.00081152
16,13,14,20,1,0.00020288
16,13,14,20,9,0.00020288
16,13,14,24,5,0.00010144
16,13,14,24,9,0.00010144
16,13,14,24,13,0.0012173
16,13,14,24,22,0.00020288
16,13,15,7,11,0.00010144
16,13,15,15,14,0.00010144
16,13,15,15,15,0.00060864
16,13,15,15,23,0.00010144
16,13,15,20,1,0.00010144
16,13,18,11,14,0.00020288
16,13,18,15,14,0.00010144
16,13,18,24,9,0.00010144
16,13,22,3,14,0.00010144
16,13,22,7,14,0.00020288
16,13,22,7,22,0.00020288
16,13,22,11,2,0.00010144
16,13,22,11,10,0.00010144
16,13,22,11,14,0.00030432
16,13,24,5,14,0.00010144
16,13,24,13,7,0.00010144
16,13,24,13,14,0.0011158
16,13,24,13,24,0.00040576
16,13,24,18,1,0.00010144
16,13,24,22,9,0.00010144
16,13,24,22,15,0.00020288
16,13,24,22,24,0.00010144
16,13,24,22,40,0.00010144
16,13,24,30,40,0.00010144
16,13,28,26,28,0.00010144
16,13,40,40,13,0.00010144
16,13,40,40,40,0.00010144
16,18,1,9,16,0.00010144
16,18,1,16,13,0.00040576
16,18,1,16,18,0.00010144
16,18,1,24,1,0.00010144
16,18,9,16,9,0.00010144
16,18,9,16,13,0.00010144
16,18,9,16,22,0.00010144
16,18,9,20,9,0.00010144
16,18,13,4,13,0.00010144
16,18,13,12,13,0.00010144
16,18,13,16,1,0.00020288
16,18,13,24,9,0.00010144
16,18,13,24,14,0.00010144
16,18,20,18,13,0.00010144
16,18,20,22,5,0.00010144
16,18,20,22,9,0.00010144
16,18,20,22,24,0.00010144
16,18,24,9,15,0.00010144
16,19,1,16,13,0.00010144
16,22,1,16,13,0.00010144
16,22,5,12,9,0.00010144
16,22,5,16,9,0.00010144
16,22,5,16,13,0.00010144
16,22,5,28,9,0.00010144
16,22,9,12,13,0.00010144
16,22,9,16,13,0.00010144
16,22,15,14,5,0.00020288
16,22,15,14,13,0.001623
16,22,15,14,18,0.00010144
16,22,15,14,24,0.00010144
16,22,15,22,15,0.00020288
16,22,16,18,24,0.00010144
16,22,20,1,14,0.00010144
16,22,20,22,28,0.00010144
16,22,24,13,14,0.00020288
16,22,24,22,9,0.00010144
16,22,28,22,20,0.00010144
16,23,15,19,13,0.00010144
16,23,16,9,11,0.00010144
16,23,16,23,16,0.00010144
16,23,24,13,15,0.00010144
16,24,16,10,15,0.00010144
16,24,16,23,16,0.00010144
16,24,16,24,16,0.0018259
16,30,28,22,5,0.00010144
16,30,40,40,22,0.00010144
16,34,15,14,9,0.00010144
16,40,40,30,40,0.00010144
18,1,9,16,5,0.00010144
18,1,9,16,13,0.00010144
18,1,11,2,5,0.00010144
18,1,16,13,14,0.0011158
18,1,16,13,22,0.00010144
18,1,16,18,1,0.00010144
18,1,20,13,24,0.00010144
18,1,24,1,14,0.00010144
18,1,24,18,20,0.00010144
18,1,32,5,32,0.00010144
18,3,7,10,9,0.00010144
18,3,14,13,12,0.00010144
18,3,14,13,16,0.00010144
18,3,14,13,20,0.00010144
18,3,22,15,14,0.00010144
18,3,22,16,18,0.00020288
18,5,3,6,13,0.00010144
18,5,7,6,13,0.00010144
18,5,16,13,14,0.00010144
18,7,14,13,12,0.00010144
18,9,12,13,14,0.00010144
18,9,16,9,14,0.00010144
18,9,16,9,40,0.00010144
18,9,16,13,6,0.00010144
18,9,16,13,14,0.00020288
18,9,16,13,22,0.00020288
18,9,16,22,9,0.00010144
18,9,20,9,18,0.00010144
18,9,24,22,1,0.00010144
18,11,14,13,2,0.00010144
18,11,14,13,16,0.00020288
18,11,18,9,16,0.00010144
18,11,22,1,16,0.00010144
18,13,4,13,14,0.00020288
18,13,4,26,11,0.00010144
18,13,12,13,10,0.00010144
18,13,12,13,22,0.00010144
18,13,12,13,40,0.00010144
18,13,12,18,13,0.00010144
18,13,12,22,24,0.00010144
18,13,16,1,14,0.00020288
18,13,16,9,14,0.00030432
18,13,16,9,22,0.00010144
18,13,16,13,10,0.00010144
18,13,16,13,14,0.00030432
18,13,16,18,13,0.00010144
18,13,24,9,6,0.00010144
18,13,24,13,24,0.00010144
18,13,24,14,40,0.00010144
18,13,24,18,24,0.00010144
18,13,36,34,40,0.00010144
18,15,2,9,22,0.00010144
18,15,6,5,1,0.00010144
18,15,10,13,16,0.00020288
18,15,10,18,15,0.00010144
18,15,10,18,20,0.00010144
18,15,14,9,16,0.00010144
18,15,14,9,24,0.00010144
18,15,14,13,8,0.00010144
18,15,14,13,16,0.00030432
18,15,14,18,20,0.00020288
18,15,14,24,9,0.00010144
18,15,18,24,18,0.00010144
18,15,22,15,22,0.00010144
18,15,30,7,40,0.00010144
18,19,4,9,22,0.00010144
18,20,1,14,20,0.00010144
18,20,13,22,7,0.00010144
18,20,13,22,16,0.00010144
18,20,13,24,18,0.00010144
18,20,13,40,40,0.00010144
18,20,18,13,12,0.00010144
18,20,18,13,36,0.00010144
18,20,18,24,14,0.00010144
18,20,18,28,30,0.00010144
18,20,22,5,8,0.00010144
18,20,22,9,16,0.00020288
18,20,22,20,18,0.00010144
18,20,22,24,9,0.00010144
18,20,22,24,22,0.00020288
18,24,1,14,13,0.00010144
18,24,5,14,11,0.00010144
18,24,9,14,11,0.00010144
18,24,9,14,15,0.00010144
18,24,9,14,24,0.00010144
18,24,9,15,7,0.00010144
18,24,9,18,28,0.00010144
18,24,9,22,3,0.00010144
18,24,9,22,20,0.00010144
18,24,9,24,9,0.00010144
18,24,9,24,13,0.00010144
18,24,13,10,15,0.00010144
18,24,13,22,16,0.00010144
18,24,13,24,13,0.00010144
18,24,14,13,16,0.00020288
18,24,14,20,22,0.00010144
18,24,14,24,5,0.00010144
18,24,14,40,40,0.00010144
18,24,18,15,14,0.00010144
18,24,18,15,18,0.00010144
18,24,18,24,22,0.00020288
18,24,22,9,24,0.00010144
18,24,22,24,1,0.00010144
18,24,22,24,34,0.00010144
18,24,26,28,22,0.00010144
18,24,26,28,34,0.00010144
18,28,9,32,5,0.00010144
18,28,22,20,26,0.00010144
18,28,22,24,9,0.00010144
18,28,30,40,40,0.00010144
18,28,40,22,28,0.00010144
18,28,40,40,40,0.00020288
18,32,22,15,22,0.00010144
18,36,30,36,9,0.00010144
18,40,9,22,24,0.00010144
18,40,22,24,5,0.00010144
18,40,40,40,40,0.00010144
19,1,16,13,15,0.00010144
19,2,20,9,7,0.00010144
19,4,9,22,3,0.00010144
19,7,15,23,7,0.00010144
19,9,8,13,24,0.00010144
19,11,15,23,7,0.00010144
19,13,4,13,15,0.00010144
19,13,16,13,15,0.00010144
19,15,15,24,23,0.00010144
19,20,13,15,11,0.00010144
19,20,23,16,13,0.00010144
19,24,22,11,22,0.00010144
20,1,5,14,5,0.00010144
20,1,14,5,16,0.00010144
20,1,14,13,8,0.00010144
20,1,14,13,16,0.00020288
20,1,14,20,1,0.00010144
20,1,15,13,16,0.00010144
20,1,18,1,16,0.00020288
20,1,22,1,5,0.00010144
20,1,22,15,14,0.00020288
20,1,22,24,22,0.00010144
20,5,5,2,9,0.00010144
20,5,10,5,5,0.00010144
20,7,10,13,4,0.00010144
20,9,6,5,12,0.00010144
20,9,6,13,16,0.00010144
20,9,7,6,15,0.00010144
20,9,10,5,7,0.00010144
20,9,10,15,10,0.00020288
20,9,14,15,10,0.00010144
20,9,14,15,14,0.00020288
20,9,14,20,13,0.00010144
20,9,18,15,10,0.00010144
20,9,22,1,24,0.00010144
20,9,22,11,10,0.00020288
20,9,22,15,18,0.00010144
20,13,2,13,12,0.00010144
20,13,2,13,24,0.00010144
20,13,10,15,18,0.00010144
20,13,10,20,9,0.00010144
20,13,10,24,9,0.00010144
20,13,14,7,5,0.00010144
20,13,14,11,14,0.00010144
20,13,14,11,18,0.00010144
20,13,14,15,10,0.00020288
20,13,14,15,14,0.00040576
20,13,14,20,1,0.00010144
20,13,14,24,26,0.00010144
20,13,15,11,11,0.00010144
20,13,18,20,1,0.00010144
20,13,22,7,10,0.00010144
20,13,22,16,18,0.00010144
20,13,22,16,22,0.00010144
20,13,24,13,22,0.00010144
20,13,24,18,1,0.00010144
20,13,40,40,40,0.00010144
20,18,1,9,16,0.00010144
20,18,13,4,26,0.00010144
20,18,13,12,13,0.00010144
20,18,13,16,9,0.00010144
20,18,13,16,13,0.00010144
20,18,13,16,18,0.00010144
20,18,13,24,13,0.00010144
20,18,13,36,34,0.00010144
20,18,24,9,14,0.00020288
20,18,24,14,13,0.00010144
20,18,24,14,40,0.00010144
20,18,28,30,40,0.00010144
20,18,28,40,40,0.00010144
20,18,36,30,36,0.00010144
20,19,24,22,11,0.00010144
20,22,1,16,22,0.00010144
20,22,5,8,9,0.00010144
20,22,9,16,13,0.00020288
20,22,16,22,24,0.00010144
20,22,20,13,22,0.00010144
20,22,20,18,13,0.00010144
20,22,20,18,24,0.00010144
20,22,20,18,28,0.00010144
20,22,24,5,22,0.00010144
20,22,24,9,10,0.00010144
20,22,24,9,14,0.00010144
20,22,24,22,24,0.00020288
20,22,24,34,28,0.00010144
20,22,28,40,40,0.00010144
20,23,9,16,13,0.00010144
20,23,16,13,15,0.00010144
20,26,20,22,20,0.00010144
20,26,40,40,40,0.00010144
22,1,5,12,13,0.00010144
22,1,7,2,18,0.00010144
22,1,7,14,13,0.00010144
22,1,12,22,9,0.00010144
22,1,16,13,10,0.00010144
22,1,16,13,14,0.0005072
22,1,16,22,24,0.00010144
22,1,20,5,10,0.00010144
22,1,24,9,14,0.00010144
22,3,5,10,1,0.00010144
22,3,7,14,15,0.00010144
22,3,9,14,11,0.00010144
22,3,10,13,12,0.00010144
22,3,10,23,15,0.00010144
22,3,14,5,16,0.00010144
22,3,14,13,8,0.00010144
22,3,14,13,16,0.00020288
22,3,14,13,24,0.00010144
22,3,16,13,7,0.00010144
22,3,18,13,24,0.00010144
22,3,22,5,12,0.00010144
22,5,7,6,5,0.00020288
22,5,7,6,13,0.00010144
22,5,8,9,10,0.00010144
22,5,8,18,13,0.00010144
22,5,12,5,10,0.00010144
22,5,12,9,10,0.00010144
22,5,12,9,14,0.00010144
22,5,16,1,9,0.00010144
22,5,16,9,10,0.00020288
22,5,16,9,14,0.00020288
22,5,16,13,14,0.00040576
22,5,16,13,22,0.00010144
22,5,20,13,14,0.00010144
22,5,24,9,14,0.00010144
22,5,28,9,14,0.00010144
22,5,28,9,28,0.00010144
22,7,5,6,13,0.00010144
22,7,6,9,6,0.00010144
22,7,6,22,15,0.00010144
22,7,10,13,6,0.00010144
22,7,10,13,12,0.00010144
22,7,14,13,20,0.00010144
22,7,14,24,18,0.00010144
22,7,18,13,16,0.00010144
22,7,22,5,16,0.00020288
22,7,22,16,13,0.00010144
22,7,22,16,18,0.00010144
22,7,22,24,14,0.00010144
22,9,4,13,14,0.00030432
22,9,8,9,14,0.00010144
22,9,8,13,14,0.00010144
22,9,12,5,14,0.00010144
22,9,12,13,6,0.00010144
22,9,12,13,14,0.00010144
22,9,12,22,9,0.00020288
22,9,16,1,14,0.00010144
22,9,16,5,14,0.00010144
22,9,16,5,16,0.00010144
22,9,16,9,10,0.00010144
22,9,16,9,18,0.00020288
22,9,16,9,22,0.00010144
22,9,16,13,10,0.00010144
22,9,16,13,14,0.00040576
22,9,16,13,22,0.00010144
22,9,16,18,20,0.00010144
22,9,16,22,15,0.00010144
22,9,20,9,10,0.00010144
22,9,20,13,14,0.00010144
22,9,24,9,14,0.00010144
22,9,24,14,20,0.00010144
22,9,24,14,24,0.00010144
22,9,24,14,28,0.00010144
22,11,2,9,14,0.00010144
22,11,2,9,18,0.00010144
22,11,2,13,24,0.00010144
22,11,10,9,10,0.00010144
22,11,10,13,16,0.00020288
22,11,10,13,24,0.00010144
22,11,10,13,28,0.00010144
22,11,10,18,15,0.00010144
22,11,10,18,24,0.00010144
22,11,10,22,11,0.00010144
22,11,10,28,13,0.00010144
22,11,14,1,14,0.00020288
22,11,14,9,6,0.00010144
22,11,14,9,16,0.00020288
22,11,14,13,12,0.00010144
22,11,14,13,16,0.00071008
22,11,14,13,24,0.00020288
22,11,14,24,13,0.00010144
22,11,18,1,16,0.00010144
22,11,22,9,16,0.00010144
22,11,22,9,24,0.00010144
22,11,22,15,22,0.00010144
22,11,22,16,13,0.00010144
22,11,22,20,13,0.00010144
22,15,3,14,23,0.00010144
22,15,10,9,16,0.00010144
22,15,10,13,12,0.00010144
22,15,10,13,16,0.00010144
22,15,10,22,11,0.00010144
22,15,14,5,5,0.00010144
22,15,14,5,16,0.00020288
22,15,14,5,24,0.00010144
22,15,14,9,12,0.00010144
22,15,14,9,24,0.00010144
22,15,14,13,8,0.00020288
22,15,14,13,12,0.00020288
22,15,14,13,16,0.0028403
22,15,14,13,20,0.00010144
22,15,14,13,24,0.00060864
22,15,14,13,28,0.00010144
22,15,14,18,3,0.00020288
22,15,14,24,9,0.00010144
22,15,14,24,13,0.00030432
22,15,14,24,22,0.00020288
22,15,18,9,16,0.00010144
22,15,18,24,9,0.00010144
22,15,18,24,18,0.00010144
22,15,22,5,8,0.00010144
22,15,22,15,14,0.00060864
22,15,22,15,22,0.00071008
22,15,22,15,30,0.00010144
22,15,22,16,13,0.00010144
22,15,22,16,22,0.00010144
22,15,22,24,18,0.00010144
22,15,22,24,22,0.00020288
22,15,22,28,26,0.00010144
22,15,22,36,40,0.00010144
22,15,23,15,23,0.00010144
22,15,26,15,10,0.00010144
22,15,26,20,18,0.00010144
22,15,30,7,22,0.00010144
22,15,30,7,30,0.00020288
22,16,1,14,24,0.00010144
22,16,9,10,20,0.00010144
22,16,9,14,11,0.00010144
22,16,13,11,15,0.00010144
22,16,13,22,11,0.00010144
22,16,13,24,13,0.00020288
22,16,13,24,22,0.00010144
22,16,13,24,30,0.00010144
22,16,13,28,26,0.00010144
22,16,13,40,40,0.00010144
22,16,18,9,16,0.00020288
22,16,18,13,24,0.00020288
22,16,18,20,18,0.00010144
22,16,18,20,22,0.00020288
22,16,18,24,9,0.00010144
22,16,22,5,16,0.00010144
22,16,22,16,18,0.00010144
22,16,22,24,22,0.00010144
22,16,22,28,22,0.00010144
22,16,24,16,24,0.00010144
22,16,40,40,30,0.00010144
22,20,1,14,13,0.00010144
22,20,9,22,11,0.00010144
22,20,13,10,15,0.00010144
22,20,13,14,15,0.00010144
22,20,13,22,16,0.00010144
22,20,18,13,16,0.00020288
22,20,18,13,24,0.00010144
22,20,18,24,9,0.00010144
22,20,18,24,14,0.00010144
22,20,18,28,40,0.00010144
22,20,22,20,18,0.00010144
22,20,22,28,40,0.00010144
22,20,26,20,22,0.00010144
22,20,26,40,40,0.00010144
22,24,1,22,16,0.00010144
22,24,5,10,9,0.00010144
22,24,5,22,11,0.00010144
22,24,9,6,5,0.00010144
22,24,9,10,15,0.00010144
22,24,9,14,20,0.00010144
22,24,9,28,22,0.00010144
22,24,13,14,15,0.0005072
22,24,13,14,24,0.00020288
22,24,13,24,13,0.00010144
22,24,13,28,9,0.00020288
22,24,14,13,12,0.00010144
22,24,14,20,1,0.00010144
22,24,14,24,22,0.00010144
22,24,18,1,20,0.00010144
22,24,18,13,16,0.00020288
22,24,18,20,22,0.00010144
22,24,18,24,26,0.00020288
22,24,18,28,22,0.00010144
22,24,18,28,40,0.00010144
22,24,18,32,22,0.00010144
22,24,22,5,28,0.00010144
22,24,22,9,16,0.00010144
22,24,22,11,22,0.00010144
22,24,22,15,14,0.00010144
22,24,22,15,22,0.00010144
22,24,22,24,13,0.00030432
22,24,22,24,22,0.00081152
22,24,22,24,26,0.00010144
22,24,22,28,9,0.00010144
22,24,22,28,18,0.00010144
22,24,22,28,22,0.00010144
22,24,22,40,22,0.00010144
22,24,22,40,40,0.00010144
22,24,26,1,28,0.00010144
22,24,26,24,22,0.00020288
22,24,26,28,22,0.00010144
22,24,30,28,9,0.00010144
22,24,34,28,22,0.00010144
22,24,34,28,30,0.00010144
22,24,40,40,5,0.00010144
22,24,40,40,40,0.00010144
22,28,9,22,7,0.00010144
22,28,9,22,24,0.00010144
22,28,18,24,18,0.00010144
22,28,18,28,22,0.00010144
22,28,22,20,22,0.00010144
22,28,22,28,30,0.00010144
22,28,22,36,18,0.00010144
22,28,26,24,22,0.00010144
22,28,26,32,30,0.00020288
22,28,26,36,30,0.00010144
22,28,30,32,18,0.00010144
22,28,30,32,40,0.00010144
22,28,34,15,14,0.00010144
22,28,40,40,40,0.00020288
22,32,22,24,22,0.00010144
22,32,22,28,26,0.00010144
22,32,22,32,40,0.00010144
22,32,40,40,40,0.00010144
22,36,18,24,13,0.00010144
22,36,18,40,22,0.00010144
22,36,22,24,18,0.00010144
22,36,26,11,14,0.00010144
22,36,40,40,40,0.00030432
22,40,22,28,26,0.00010144
22,40,40,40,22,0.00010144
22,40,40,40,40,0.00020288
23,1,12,5,11,0.00010144
23,1,16,9,11,0.00010144
23,3,14,13,16,0.00010144
23,3,15,13,16,0.00010144
23,3,23,1,16,0.00010144
23,4,18,19,4,0.00010144
23,7,11,23,3,0.00010144
23,7,19,13,16,0.00010144
23,7,30,7,22,0.00010144
23,9,16,13,14,0.00010144
23,15,15,9,12,0.00010144
23,15,15,13,16,0.00040576
23,15,15,13,40,0.00010144
23,15,15,23,3,0.00010144
23,15,15,24,13,0.00010144
23,15,19,9,8,0.00010144
23,15,19,13,4,0.00010144
23,15,23,15,15,0.00010144
23,15,23,15,23,0.00010144
23,15,23,16,23,0.00010144
23,15,23,24,15,0.00010144
23,16,9,11,2,0.00010144
23,16,13,15,7,0.00010144
23,16,23,15,19,0.00010144
23,16,23,16,9,0.00010144
23,24,13,15,15,0.00010144
23,24,15,24,23,0.00010144
23,24,19,20,13,0.00010144
23,24,23,24,19,0.00010144
24,1,3,14,15,0.00010144
24,1,5,6,5,0.00020288
24,1,5,10,9,0.00010144
24,1,5,14,5,0.00010144
24,1,5,14,15,0.00010144
24,1,9,19,7,0.00010144
24,1,9,22,11,0.00010144
24,1,14,9,12,0.00010144
24,1,14,13,8,0.00010144
24,1,14,13,16,0.00030432
24,1,14,15,6,0.00010144
24,1,18,1,16,0.00010144
24,1,18,24,9,0.00010144
24,1,22,11,22,0.00010144
24,1,22,16,22,0.00010144
24,3,10,27,12,0.00010144
24,5,5,6,5,0.00040576
24,5,10,5,7,0.00010144
24,5,10,9,16,0.00010144
24,5,10,15,10,0.00010144
24,5,10,15,14,0.00010144
24,5,14,5,7,0.00010144
24,5,14,5,24,0.00010144
24,5,14,11,6,0.00010144
24,5,14,11,10,0.00010144
24,5,14,15,10,0.00010144
24,5,14,15,14,0.0005072
24,5,14,20,9,0.00010144
24,5,14,24,13,0.00010144
24,5,22,11,10,0.00010144
24,5,22,11,14,0.00010144
24,7,1,22,11,0.00010144
24,9,2,13,12,0.00010144
24,9,2,13,16,0.00020288
24,9,3,14,15,0.00010144
24,9,6,5,12,0.00010144
24,9,6,5,16,0.00010144
24,9,6,5,24,0.00010144
24,9,6,9,12,0.00010144
24,9,6,15,14,0.00010144
24,9,10,5,12,0.00010144
24,9,10,9,12,0.00010144
24,9,10,11,6,0.00010144
24,9,10,15,6,0.00010144
24,9,10,15,10,0.00010144
24,9,10,15,22,0.00010144
24,9,11,15,22,0.00010144
24,9,14,1,16,0.00020288
24,9,14,1,20,0.00010144
24,9,14,7,14,0.00010144
24,9,14,11,14,0.00010144
24,9,14,15,6,0.00020288
24,9,14,15,10,0.00040576
24,9,14,15,14,0.00010144
24,9,14,15,22,0.00010144
24,9,14,20,1,0.00010144
24,9,14,20,9,0.00010144
24,9,14,24,18,0.00010144
24,9,15,7,15,0.00010144
24,9,15,15,10,0.00010144
24,9,18,24,14,0.00010144
24,9,18,28,40,0.00010144
24,9,22,3,22,0.00010144
24,9,22,11,10,0.00010144
24,9,22,11,22,0.00010144
24,9,22,20,9,0.00010144
24,9,22,20,18,0.00010144
24,9,22,36,22,0.00010144
24,9,24,9,14,0.00010144
24,9,24,9,22,0.00010144
24,9,24,13,14,0.00010144
24,9,24,13,24,0.00010144
24,9,28,9,14,0.00010144
24,9,28,13,14,0.00010144
24,9,28,22,9,0.00010144
24,13,6,5,7,0.00010144
24,13,6,5,16,0.00010144
24,13,7,5,24,0.00010144
24,13,10,15,14,0.00010144
24,13,10,24,9,0.00010144
24,13,14,7,5,0.00030432
24,13,14,11,22,0.00010144
24,13,14,15,2,0.00010144
24,13,14,15,10,0.00020288
24,13,14,15,14,0.0041591
24,13,14,15,15,0.00010144
24,13,14,15,22,0.00081152
24,13,14,15,26,0.00020288
24,13,14,20,9,0.00010144
24,13,14,20,13,0.00010144
24,13,14,24,1,0.00010144
24,13,14,24,5,0.00010144
24,13,14,24,9,0.00010144
24,13,14,24,13,0.00081152
24,13,14,24,22,0.00030432
24,13,15,15,15,0.00020288
24,13,15,15,23,0.00010144
24,13,22,11,2,0.00020288
24,13,22,11,10,0.00010144
24,13,22,16,9,0.00010144
24,13,22,16,18,0.00010144
24,13,24,9,28,0.00010144
24,13,24,13,14,0.00060864
24,13,24,13,15,0.00010144
24,13,24,13,22,0.00020288
24,13,24,13,24,0.00030432
24,13,24,18,20,0.00010144
24,13,24,18,24,0.00010144
24,13,24,22,16,0.00010144
24,13,28,1,14,0.00010144
24,13,28,9,22,0.00020288
24,13,28,9,28,0.00010144
24,13,32,5,22,0.00010144
24,14,13,12,9,0.00010144
24,14,13,16,9,0.00010144
24,14,13,16,13,0.00010144
24,14,20,1,22,0.00010144
24,14,20,13,10,0.00010144
24,14,20,13,14,0.00010144
24,14,20,22,1,0.00010144
24,14,20,22,16,0.00010144
24,14,20,22,20,0.00010144
24,14,20,22,24,0.00010144
24,14,24,5,10,0.00010144
24,14,24,13,22,0.00010144
24,14,24,22,32,0.00010144
24,14,24,40,40,0.00010144
24,14,28,30,28,0.00010144
24,14,40,40,40,0.00020288
24,15,20,19,24,0.00010144
24,15,24,9,3,0.00010144
24,15,24,15,20,0.00010144
24,15,24,15,24,0.00020288
24,15,24,23,24,0.00010144
24,16,10,15,12,0.00010144
24,16,23,16,23,0.00010144
24,16,24,16,10,0.00010144
24,16,24,16,23,0.00010144
24,16,24,16,24,0.0017245
24,18,1,16,13,0.00010144
24,18,1,20,13,0.00010144
24,18,1,24,18,0.00010144
24,18,9,16,13,0.00020288
24,18,9,24,22,0.00010144
24,18,13,12,13,0.00010144
24,18,13,12,18,0.00010144
24,18,13,16,9,0.00010144
24,18,13,16,13,0.00010144
24,18,15,14,13,0.00010144
24,18,15,18,24,0.00010144
24,18,20,13,24,0.00010144
24,18,20,13,40,0.00010144
24,18,20,22,20,0.00010144
24,18,20,22,24,0.00010144
24,18,24,5,14,0.00010144
24,18,24,9,22,0.00010144
24,18,24,13,10,0.00010144
24,18,24,14,20,0.00010144
24,18,24,22,9,0.00010144
24,18,24,22,24,0.00020288
24,18,24,26,28,0.00020288
24,18,28,22,24,0.00010144
24,18,28,40,40,0.00010144
24,18,32,22,15,0.00010144
24,19,20,13,15,0.00010144
24,22,1,16,13,0.00010144
24,22,5,28,9,0.00010144
24,22,9,16,9,0.00010144
24,22,9,16,22,0.00010144
24,22,9,24,9,0.00010144
24,22,11,22,9,0.00010144
24,22,11,22,20,0.00010144
24,22,15,10,9,0.00010144
24,22,15,14,13,0.00081152
24,22,15,14,24,0.00020288
24,22,15,22,15,0.00020288
24,22,15,22,24,0.00010144
24,22,16,13,24,0.00010144
24,22,24,1,22,0.00010144
24,22,24,13,14,0.00040576
24,22,24,13,24,0.00010144
24,22,24,13,28,0.00010144
24,22,24,18,13,0.00010144
24,22,24,18,24,0.00010144
24,22,24,18,28,0.00010144
24,22,24,22,11,0.00010144
24,22,24,22,15,0.00010144
24,22,24,22,24,0.0005072
24,22,24,22,28,0.00030432
24,22,24,22,40,0.00010144
24,22,24,26,24,0.00020288
24,22,24,34,28,0.00010144
24,22,28,9,22,0.00010144
24,22,28,18,24,0.00010144
24,22,28,22,36,0.00010144
24,22,32,22,24,0.00010144
24,22,40,22,28,0.00010144
24,22,40,40,40,0.00020288
24,23,15,15,13,0.00010144
24,23,15,23,15,0.00010144
24,23,24,19,20,0.00010144
24,23,24,23,24,0.00010144
24,26,1,28,5,0.00010144
24,26,24,22,24,0.00020288
24,26,28,22,24,0.00010144
24,26,28,22,32,0.00010144
24,26,28,34,28,0.00010144
24,26,32,26,11,0.00010144
24,30,28,9,22,0.00010144
24,30,28,22,28,0.00010144
24,30,40,13,22,0.00010144
24,30,40,40,40,0.00010144
24,34,28,22,28,0.00010144
24,34,28,30,36,0.00010144
24,40,40,5,40,0.00010144
24,40,40,40,36,0.00010144
24,40,40,40,40,0.00030432
26,1,16,13,14,0.00020288
26,1,28,5,26,0.00010144
26,3,5,6,5,0.00010144
26,7,26,11,22,0.00010144
26,11,6,9,6,0.00010144
26,11,10,9,6,0.00010144
26,11,14,18,3,0.00010144
26,11,14,22,3,0.00010144
26,11,22,15,14,0.00010144
26,11,22,15,22,0.00020288
26,11,22,15,30,0.00010144
26,11,23,15,15,0.00010144
26,11,26,11,26,0.00010144
26,11,26,28,30,0.00010144
26,11,28,11,28,0.00010144
26,11,30,32,30,0.00010144
26,15,10,18,11,0.00010144
26,15,22,32,22,0.00010144
26,20,18,24,9,0.00010144
26,20,22,20,18,0.00010144
26,24,1,22,11,0.00010144
26,24,22,24,18,0.00020288
26,24,22,24,22,0.00010144
26,24,22,24,26,0.00010144
26,24,30,28,22,0.00010144
26,24,40,40,40,0.00010144
26,28,22,24,13,0.00010144
26,28,22,24,22,0.00010144
26,28,22,32,22,0.00010144
26,28,26,24,1,0.00010144
26,28,30,32,26,0.00010144
26,28,34,28,34,0.00010144
26,28,40,40,40,0.00010144
26,32,26,11,22,0.00010144
26,32,30,32,34,0.00010144
26,32,30,36,34,0.00010144
26,36,22,15,18,0.00010144
26,36,30,28,26,0.00010144
26,36,40,40,40,0.00010144
26,40,30,40,40,0.00010144
26,40,40,40,40,0.00010144
27,2,24,15,24,0.00010144
27,11,19,20,23,0.00010144
27,12,27,2,24,0.00010144
28,1,14,13,16,0.00020288
28,5,4,22,16,0.00010144
28,5,26,15,22,0.00010144
28,5,32,5,5,0.00010144
28,9,14,24,1,0.00010144
28,9,14,24,5,0.00010144
28,9,14,24,9,0.00010144
28,9,22,7,6,0.00010144
28,9,22,7,22,0.00010144
28,9,22,15,14,0.00010144
28,9,22,15,18,0.00010144
28,9,22,15,23,0.00010144
28,9,22,15,26,0.00010144
28,9,22,24,26,0.00010144
28,9,28,9,22,0.00010144
28,9,28,9,28,0.00020288
28,9,28,13,24,0.00010144
28,9,32,5,32,0.00010144
28,11,10,24,3,0.00010144
28,11,28,11,10,0.00010144
28,12,24,16,24,0.00010144
28,12,28,5,4,0.00010144
28,12,28,5,32,0.00010144
28,12,28,12,28,0.0021302
28,12,28,15,24,0.00010144
28,13,14,15,6,0.00010144
28,13,14,15,14,0.00010144
28,13,24,13,32,0.00010144
28,13,32,9,22,0.00010144
28,15,24,15,24,0.00010144
28,18,24,18,15,0.00010144
28,18,28,22,20,0.00010144
28,22,5,12,5,0.00010144
28,22,9,20,13,0.00010144
28,22,20,22,20,0.00010144
28,22,20,26,20,0.00010144
28,22,24,9,28,0.00010144
28,22,24,13,28,0.00010144
28,22,24,22,24,0.00020288
28,22,28,18,28,0.00010144
28,22,28,22,28,0.00010144
28,22,28,30,32,0.00010144
28,22,32,22,28,0.00010144
28,22,36,18,40,0.00010144
28,26,24,1,22,0.00010144
28,26,24,22,24,0.00020288
28,26,24,30,28,0.00010144
28,26,28,26,24,0.00010144
28,26,32,30,32,0.00010144
28,26,32,30,36,0.00010144
28,26,36,30,28,0.00010144
28,30,28,22,24,0.00010144
28,30,32,18,28,0.00010144
28,30,32,26,28,0.00010144
28,30,32,40,1,0.00010144
28,30,36,30,28,0.00010144
28,30,40,40,40,0.00010144
28,34,15,14,13,0.00010144
28,34,28,34,36,0.00010144
28,34,36,40,40,0.00010144
28,40,22,28,26,0.00010144
28,40,40,40,34,0.00020288
28,40,40,40,40,0.00030432
30,7,22,15,22,0.00010144
30,7,22,15,30,0.00010144
30,7,26,11,22,0.00010144
30,7,26,11,23,0.00010144
30,7,27,11,19,0.00010144
30,7,30,7,27,0.00010144
30,7,30,7,34,0.00010144
30,7,34,3,30,0.00010144
30,7,34,36,40,0.00010144
30,7,40,40,1,0.00010144
30,24,14,20,13,0.00010144
30,24,18,9,16,0.00010144
30,24,18,20,13,0.00010144
30,28,9,22,15,0.00010144
30,28,22,5,12,0.00010144
30,28,22,24,22,0.00010144
30,28,22,28,22,0.00010144
30,28,26,24,22,0.00010144
30,28,26,24,30,0.00010144
30,32,18,28,9,0.00010144
30,32,22,20,18,0.00010144
30,32,26,28,40,0.00010144
30,32,30,24,14,0.00010144
30,32,34,36,34,0.00010144
30,32,40,1,26,0.00010144
30,36,9,40,13,0.00010144
30,36,30,28,26,0.00010144
30,36,34,7,30,0.00010144
30,40,5,40,40,0.00010144
30,40,13,22,16,0.00010144
30,40,40,22,15,0.00010144
30,40,40,40,40,0.00030432
32,5,5,6,9,0.00010144
32,5,22,24,26,0.00010144
32,5,26,11,14,0.00010144
32,5,32,5,26,0.00010144
32,5,32,5,32,0.00030432
32,5,32,26,28,0.00010144
32,8,32,8,32,0.0021302
32,8,32,8,35,0.00010144
32,8,35,4,35,0.00010144
32,9,22,24,18,0.00010144
32,13,10,5,7,0.00010144
32,13,14,15,14,0.00010144
32,18,28,9,32,0.00010144
32,22,15,22,24,0.00010144
32,22,20,18,13,0.00010144
32,22,24,22,24,0.00010144
32,22,28,26,24,0.00010144
32,22,32,40,40,0.00010144
32,26,11,22,15,0.00010144
32,26,28,22,24,0.00010144
32,26,28,40,40,0.00010144
32,30,24,14,20,0.00010144
32,30,32,34,36,0.00010144
32,30,36,34,7,0.00010144
32,34,36,34,40,0.00010144
32,40,1,26,7,0.00010144
32,40,40,40,40,0.00020288
34,3,30,7,26,0.00010144
34,4,11,14,12,0.00010144
34,7,30,7,26,0.00010144
34,15,10,9,6,0.00010144
34,15,14,9,12,0.00010144
34,15,14,13,2,0.00010144
34,24,9,22,36,0.00010144
34,24,14,24,40,0.00010144
34,28,13,32,9,0.00010144
34,28,22,28,18,0.00010144
34,28,30,36,30,0.00010144
34,28,34,36,40,0.00010144
34,36,34,40,34,0.00010144
34,36,40,40,40,0.00020288
34,40,34,40,40,0.00020288
34,40,40,1,36,0.00010144
34,40,40,30,24,0.00010144
34,40,40,34,40,0.00010144
34,40,40,40,30,0.00010144
35,4,13,14,3,0.00010144
35,4,35,4,13,0.00010144
36,4,36,4,36,0.00081152
36,4,36,4,40,0.00030432
36,4,40,4,36,0.00020288
36,4,40,4,40,0.00020288
36,9,40,13,22,0.00010144
36,18,24,13,22,0.00010144
36,18,40,22,24,0.00010144
36,22,15,18,24,0.00010144
36,22,24,18,28,0.00010144
36,23,15,15,13,0.00010144
36,26,11,14,22,0.00010144
36,30,28,26,24,0.00020288
36,30,36,9,40,0.00010144
36,34,7,30,7,0.00010144
36,34,40,34,40,0.00010144
36,34,40,40,34,0.00010144
36,40,40,40,22,0.00010144
36,40,40,40,26,0.00010144
36,40,40,40,40,0.00040576
40,1,26,7,26,0.00010144
40,1,36,23,15,0.00010144
40,1,40,34,24,0.00010144
40,4,34,4,11,0.00010144
40,4,36,4,36,0.00020288
40,4,36,4,40,0.00010144
40,4,40,4,34,0.00010144
40,4,40,4,36,0.00010144
40,5,10,1,5,0.00010144
40,5,22,7,22,0.00010144
40,5,40,40,9,0.00010144
40,5,40,40,40,0.00010144
40,8,40,40,40,0.00020288
40,9,10,5,7,0.00010144
40,9,10,5,12,0.00010144
40,9,10,9,16,0.00010144
40,9,14,5,12,0.00010144
40,9,18,15,10,0.00010144
40,9,22,24,22,0.00010144
40,12,28,12,28,0.00010144
40,13,10,11,6,0.00010144
40,13,14,7,10,0.00010144
40,13,14,15,10,0.00010144
40,13,22,3,14,0.00010144
40,13,22,16,18,0.00010144
40,13,24,13,14,0.00010144
40,18,9,12,13,0.00010144
40,18,9,16,9,0.00010144
40,18,13,16,9,0.00010144
40,18,24,9,18,0.00010144
40,22,5,16,9,0.00010144
40,22,9,8,9,0.00010144
40,22,9,12,5,0.00010144
40,22,9,24,14,0.00010144
40,22,15,10,13,0.00020288
40,22,15,14,5,0.00010144
40,22,15,14,13,0.00010144
40,22,15,22,36,0.00010144
40,22,20,13,10,0.00010144
40,22,20,18,24,0.00010144
40,22,24,5,10,0.00010144
40,22,24,9,6,0.00010144
40,22,24,40,40,0.00020288
40,22,28,26,32,0.00010144
40,22,28,26,36,0.00010144
40,22,36,26,11,0.00010144
40,22,40,40,40,0.00010144
40,23,1,12,5,0.00010144
40,26,11,6,9,0.00010144
40,26,11,26,11,0.00010144
40,26,24,40,40,0.00010144
40,26,36,22,15,0.00010144
40,26,36,40,40,0.00010144
40,26,40,30,40,0.00010144
40,28,12,24,16,0.00010144
40,30,7,34,36,0.00010144
40,30,24,18,9,0.00010144
40,30,24,18,20,0.00010144
40,30,32,22,20,0.00010144
40,30,40,5,40,0.00010144
40,30,40,40,40,0.00010144
40,32,8,32,8,0.00010144
40,34,15,10,9,0.00010144
40,34,24,9,22,0.00010144
40,34,24,14,24,0.00010144
40,34,28,13,32,0.00010144
40,34,40,34,40,0.00010144
40,34,40,40,1,0.00010144
40,34,40,40,30,0.00010144
40,34,40,40,40,0.00010144
40,36,4,36,4,0.00010144
40,40,1,36,23,0.00010144
40,40,1,40,34,0.00010144
40,40,5,22,7,0.00010144
40,40,5,40,40,0.00010144
40,40,8,40,40,0.00020288
40,40,9,10,5,0.00020288
40,40,9,14,5,0.00010144
40,40,9,18,15,0.00010144
40,40,12,28,12,0.00010144
40,40,13,10,11,0.00010144
40,40,13,14,7,0.00010144
40,40,13,14,15,0.00010144
40,40,13,24,13,0.00010144
40,40,18,9,12,0.00010144
40,40,18,13,16,0.00010144
40,40,18,24,9,0.00010144
40,40,22,5,16,0.00010144
40,40,22,9,8,0.00010144
40,40,22,9,12,0.00010144
40,40,22,9,24,0.00010144
40,40,22,15,10,0.00020288
40,40,22,15,14,0.00020288
40,40,22,15,22,0.00010144
40,40,22,20,13,0.00010144
40,40,22,20,18,0.00010144
40,40,22,24,9,0.00010144
40,40,22,24,40,0.00020288
40,40,22,36,26,0.00010144
40,40,22,40,40,0.00010144
40,40,23,1,12,0.00010144
40,40,26,11,6,0.00010144
40,40,26,11,26,0.00010144
40,40,26,24,40,0.00010144
40,40,26,36,22,0.00010144
40,40,26,36,40,0.00010144
40,40,26,40,30,0.00010144
40,40,28,12,24,0.00010144
40,40,30,7,34,0.00010144
40,40,30,24,18,0.00010144
40,40,30,32,22,0.00010144
40,40,30,40,5,0.00010144
40,40,32,8,32,0.00010144
40,40,34,15,10,0.00010144
40,40,34,24,9,0.00010144
40,40,34,28,13,0.00010144
40,40,34,40,34,0.00010144
40,40,34,40,40,0.00010144
40,40,36,4,36,0.00010144
40,40,40,5,22,0.00010144
40,40,40,8,40,0.00020288
40,40,40,9,10,0.00010144
40,40,40,9,14,0.00010144
40,40,40,9,18,0.00010144
40,40,40,12,28,0.00010144
40,40,40,13,10,0.00010144
40,40,40,13,14,0.00020288
40,40,40,18,9,0.00010144
40,40,40,18,13,0.00010144
40,40,40,18,24,0.00010144
40,40,40,22,5,0.00010144
40,40,40,22,9,0.00030432
40,40,40,22,15,0.00040576
40,40,40,22,20,0.00020288
40,40,40,22,24,0.00030432
40,40,40,22,36,0.00010144
40,40,40,22,40,0.00010144
40,40,40,23,1,0.00010144
40,40,40,26,11,0.00020288
40,40,40,26,24,0.00010144
40,40,40,26,36,0.00020288
40,40,40,26,40,0.00010144
40,40,40,28,12,0.00010144
40,40,40,30,7,0.00010144
40,40,40,30,32,0.00010144
40,40,40,32,8,0.00010144
40,40,40,34,15,0.00010144
40,40,40,34,24,0.00010144
40,40,40,34,28,0.00010144
40,40,40,34,40,0.00010144
40,40,40,36,4,0.00010144
40,40,40,40,8,0.00020288
40,40,40,40,9,0.00030432
40,40,40,40,12,0.00010144
40,40,40,40,13,0.00030432
40,40,40,40,18,0.00030432
40,40,40,40,22,0.0013187
40,40,40,40,23,0.00010144
40,40,40,40,26,0.00040576
40,40,40,40,28,0.00010144
40,40,40,40,30,0.00010144
40,40,40,40,32,0.00010144
40,40,40,40,34,0.00010144
40,40,40,40,40,0.052039
