1,1,5,8,5,5,1
1,1,5,8,13,10,1
1,1,6,7,10,5,1
1,3,14,15,7,14,1
1,5,1,6,11,1,1
1,5,6,5,7,6,1
1,5,6,5,12,5,1
1,5,6,7,5,14,1
1,5,8,5,5,6,1
1,5,8,13,10,20,1
1,5,10,5,12,5,1
1,5,10,7,10,5,1
1,5,10,9,8,9,1
1,5,12,1,5,14,1
1,5,12,5,10,5,1
1,5,12,9,40,18,1
1,5,12,13,10,5,1
1,5,14,5,7,6,0.5
1,5,14,5,7,10,0.5
1,5,14,5,24,1,1
1,5,14,15,6,13,1
1,5,16,5,5,14,1
1,5,16,5,14,5,1
1,6,1,1,5,8,1
1,6,5,1,1,6,1
1,6,5,5,6,15,1
1,6,7,10,5,10,1
1,6,11,1,6,5,1
1,6,13,8,5,10,1
1,7,1,10,5,10,1
1,7,2,18,5,7,1
1,7,6,9,6,5,0.5
1,7,6,9,6,11,0.5
1,7,10,1,5,6,1
1,7,14,13,8,5,1
1,8,5,5,10,1,1
1,8,5,10,5,1,1
1,9,2,5,5,8,1
1,9,2,9,8,1,1
1,9,6,5,7,2,0.5
1,9,6,5,7,10,0.5
1,9,8,5,10,9,1
1,9,10,11,10,9,1
1,9,10,15,10,9,1
1,9,10,15,14,9,0.5
1,9,10,15,14,13,0.5
1,9,12,9,10,9,1
1,9,12,9,15,15,1
1,9,16,5,10,9,1
1,9,16,9,22,28,1
1,9,16,13,22,7,1
1,9,19,7,15,23,1
1,9,22,11,18,1,1
1,9,22,24,18,1,1
1,10,5,7,14,5,1
1,10,5,10,7,5,1
1,10,11,14,13,16,1
1,10,15,6,13,6,1
1,10,20,7,10,13,1
1,11,2,5,18,15,1
1,11,6,13,6,7,1
1,11,7,9,7,11,1
1,11,10,9,10,11,1
1,11,14,13,8,13,1
1,12,1,5,10,5,1
1,12,1,22,1,7,1
1,12,5,1,6,13,1
1,12,5,11,9,16,1
1,12,9,10,9,12,1
1,12,22,9,4,13,1
1,14,5,16,9,14,1
1,14,5,16,13,14,1
1,14,9,12,13,14,1
1,14,11,10,5,5,1
1,14,11,10,13,12,1
1,14,11,14,1,14,1
1,14,13,4,22,24,1
1,14,13,8,9,10,1
1,14,13,8,13,14,1
1,14,13,16,13,6,0.14286
1,14,13,16,13,14,0.71429
1,14,13,16,13,24,0.14286
1,14,13,16,18,1,1
1,14,15,6,9,14,1
1,14,15,22,9,4,1
1,14,20,1,22,15,1
1,14,24,1,9,22,1
1,14,24,5,14,20,1
1,14,24,9,2,13,1
1,14,24,18,9,16,1
1,15,13,16,13,15,1
1,15,15,15,23,3,1
1,16,5,5,6,5,1
1,16,5,5,10,5,1
1,16,5,14,9,16,1
1,16,9,11,15,15,1
1,16,9,14,15,14,1
1,16,13,10,11,6,1
1,16,13,10,15,10,1
1,16,13,14,11,14,0.5
1,16,13,14,11,22,0.5
1,16,13,14,15,6,0.076923
1,16,13,14,15,10,0.076923
1,16,13,14,15,14,0.84615
1,16,13,14,20,1,1
1,16,13,14,24,13,1
1,16,13,15,20,1,1
1,16,13,22,7,14,1
1,16,18,1,16,13,1
1,16,18,13,12,13,1
1,16,18,13,16,1,1
1,16,22,5,16,13,1
1,16,22,24,13,14,1
1,18,1,11,2,5,1
1,18,1,16,13,14,1
1,18,24,9,22,3,1
1,20,5,10,5,5,1
1,20,9,6,13,16,1
1,20,13,24,13,22,1
1,20,22,24,9,14,1
1,22,1,5,12,13,1
1,22,1,7,2,18,1
1,22,3,7,14,15,1
1,22,11,14,13,24,1
1,22,11,22,15,22,1
1,22,15,14,9,24,1
1,22,15,14,13,16,1
1,22,16,22,5,16,1
1,22,24,22,5,28,1
1,24,1,5,10,9,1
1,24,1,14,13,16,1
1,24,9,14,15,6,1
1,24,18,20,22,24,1
1,26,7,26,11,22,1
1,28,5,26,15,22,1
1,32,5,32,5,26,1
1,36,23,15,15,13,1
1,40,34,24,14,24,1
2,5,5,8,5,5,1
2,5,12,5,7,2,1
2,5,18,15,6,5,1
2,9,1,12,1,22,1
2,9,8,1,9,6,1
2,9,8,5,5,6,1
2,9,8,5,10,1,1
2,9,8,9,6,13,1
2,9,10,11,10,9,1
2,9,10,24,9,10,1
2,9,14,7,5,6,1
2,9,14,11,10,13,0.5
2,9,14,11,10,22,0.5
2,9,16,1,9,2,1
2,9,18,11,14,13,1
2,9,22,11,14,13,1
2,9,22,16,13,11,1
2,11,6,5,5,6,1
2,11,14,13,32,40,1
2,11,22,16,1,14,1
2,13,10,11,14,13,1
2,13,12,5,1,18,1
2,13,12,7,1,10,1
2,13,12,9,10,15,1
2,13,14,7,14,9,1
2,13,16,5,14,15,1
2,13,16,22,15,14,1
2,13,24,5,14,11,0.5
2,13,24,5,14,15,0.5
2,13,24,9,14,1,1
2,15,6,13,6,11,1
2,18,5,7,6,13,1
2,18,15,2,9,22,1
2,20,1,5,14,5,1
2,20,9,7,6,15,1
2,20,13,2,13,12,1
2,22,1,7,14,13,1
2,24,9,6,5,16,1
2,24,14,20,22,1,1
2,24,15,24,15,20,1
2,28,12,28,5,32,1
3,5,6,5,5,8,1
3,5,10,1,5,16,1
3,5,10,5,12,5,1
3,6,13,6,7,5,1
3,7,10,9,8,7,1
3,7,14,15,7,6,1
3,9,11,9,12,13,1
3,9,14,11,1,14,1
3,10,9,6,7,5,1
3,10,13,12,9,14,1
3,10,23,15,15,24,1
3,10,27,12,27,2,1
3,14,5,11,3,9,1
3,14,5,16,5,14,1
3,14,13,8,18,1,1
3,14,13,12,1,9,1
3,14,13,16,13,2,0.5
3,14,13,16,13,14,0.5
3,14,13,16,18,1,1
3,14,13,20,1,18,1
3,14,13,24,13,14,1
3,14,15,7,14,15,1
3,14,15,7,26,11,1
3,14,23,4,18,19,1
3,15,9,12,23,15,1
3,15,13,16,5,11,1
3,16,13,7,6,11,1
3,18,13,24,18,24,1
3,22,5,12,9,14,1
3,22,15,3,14,23,1
3,22,15,14,13,16,1
3,22,16,18,13,24,1
3,22,16,18,20,22,1
3,23,1,16,9,11,1
3,30,7,26,11,23,1
4,7,5,18,3,7,1
4,9,22,3,16,13,1
4,11,14,12,28,12,1
4,13,14,3,16,13,1
4,13,14,15,14,9,0.33333
4,13,14,15,14,13,0.66667
4,13,14,20,9,14,1
4,13,14,20,13,2,1
4,13,15,15,23,15,1
4,18,19,4,9,22,1
4,22,16,24,16,24,1
4,22,24,18,20,22,1
4,26,11,22,15,30,1
4,34,4,11,14,12,1
4,35,4,13,14,3,1
4,36,4,36,4,36,0.7
4,36,4,36,4,40,0.3
4,36,4,40,4,36,0.5
4,36,4,40,4,40,0.5
4,40,4,34,4,11,1
4,40,4,36,4,36,0.66667
4,40,4,36,4,40,0.33333
4,40,4,40,4,34,0.5
4,40,4,40,4,36,0.5
5,1,1,6,7,10,1
5,1,6,1,1,5,1
5,1,6,11,1,6,1
5,1,6,13,8,5,1
5,1,8,5,5,10,1
5,1,10,5,7,14,1
5,1,10,15,6,13,1
5,1,12,1,5,10,1
5,1,12,5,1,6,1
5,1,12,9,10,9,1
5,1,16,9,14,15,1
5,1,18,1,11,2,1
5,2,9,1,12,1,1
5,2,9,8,1,9,1
5,2,9,8,5,5,0.5
5,2,9,8,5,10,0.5
5,2,9,8,9,6,1
5,2,9,16,1,9,1
5,3,6,13,6,7,1
5,4,22,16,24,16,1
5,5,2,9,8,1,0.25
5,5,2,9,8,5,0.5
5,5,2,9,8,9,0.25
5,5,2,9,16,1,1
5,5,6,5,7,6,0.87209
5,5,6,5,7,10,0.023256
5,5,6,5,7,14,0.10465
5,5,6,5,12,5,0.33333
5,5,6,5,12,9,0.66667
5,5,6,5,16,5,0.85714
5,5,6,5,16,13,0.14286
5,5,6,5,20,1,1
5,5,6,5,24,13,1
5,5,6,7,5,6,0.90123
5,5,6,7,5,10,0.012346
5,5,6,7,5,14,0.08642
5,5,6,7,10,5,1
5,5,6,7,14,5,0.625
5,5,6,7,14,13,0.375
5,5,6,7,22,5,1
5,5,6,9,8,1,0.2
5,5,6,9,8,5,0.6
5,5,6,9,8,9,0.2
5,5,6,9,12,9,0.66667
5,5,6,9,12,13,0.33333
5,5,6,11,6,5,0.75
5,5,6,11,6,22,0.25
5,5,6,11,14,5,1
5,5,6,15,2,22,1
5,5,6,15,6,5,0.92308
5,5,6,15,6,13,0.076923
5,5,6,15,10,5,0.33333
5,5,6,15,10,9,0.66667
5,5,6,15,14,5,0.66667
5,5,6,15,14,13,0.33333
5,5,6,15,40,9,1
5,5,6,24,5,5,1
5,5,6,24,13,14,1
5,5,7,5,7,6,0.5
5,5,7,5,7,7,0.5
5,5,7,7,5,7,1
5,5,7,7,14,5,1
5,5,7,7,15,5,1
5,5,8,5,1,10,1
5,5,8,5,5,2,0.012658
5,5,8,5,5,6,0.83544
5,5,8,5,5,7,0.012658
5,5,8,5,5,10,0.012658
5,5,8,5,5,14,0.11392
5,5,8,5,5,22,0.012658
5,5,8,5,10,5,0.5
5,5,8,5,10,9,0.5
5,5,8,5,14,1,0.0625
5,5,8,5,14,5,0.625
5,5,8,5,14,15,0.3125
5,5,8,5,15,5,1
5,5,8,13,6,5,0.76923
5,5,8,13,6,15,0.23077
5,5,8,13,14,15,1
5,5,10,1,7,6,1
5,5,10,5,7,14,1
5,5,10,5,12,5,0.75
5,5,10,5,12,9,0.25
5,5,10,7,5,6,1
5,5,10,7,10,13,1
5,5,10,7,14,9,1
5,5,10,11,6,5,1
5,5,10,11,10,9,1
5,5,10,11,14,13,1
5,5,10,15,22,5,1
5,5,10,20,9,6,1
5,5,10,40,40,40,1
5,5,12,5,5,6,0.5
5,5,12,5,5,10,0.33333
5,5,12,5,5,14,0.16667
5,5,12,5,10,1,0.5
5,5,12,5,10,9,0.5
5,5,12,9,6,9,1
5,5,12,9,10,9,1
5,5,14,1,11,6,1
5,5,14,7,5,6,0.84615
5,5,14,7,5,14,0.15385
5,5,14,7,10,5,1
5,5,14,7,14,5,1
5,5,14,7,22,15,1
5,5,14,11,1,6,1
5,5,14,15,6,5,1
5,5,14,15,14,5,0.5
5,5,14,15,14,13,0.5
5,5,14,40,40,40,1
5,5,16,5,5,6,0.75
5,5,16,5,5,14,0.2
5,5,16,5,5,24,0.05
5,5,16,5,10,1,1
5,5,16,5,14,5,1
5,5,16,9,14,15,1
5,5,16,13,6,5,0.66667
5,5,16,13,6,9,0.33333
5,5,22,3,5,10,1
5,5,24,1,5,14,1
5,5,24,13,6,5,1
5,6,1,9,8,5,1
5,6,5,5,8,5,0.95
5,6,5,5,8,13,0.05
5,6,5,5,12,5,1
5,6,5,5,16,5,1
5,6,5,7,6,5,0.88158
5,6,5,7,6,9,0.013158
5,6,5,7,6,13,0.10526
5,6,5,7,10,5,0.5
5,6,5,7,10,9,0.5
5,6,5,7,14,5,0.88889
5,6,5,7,14,9,0.11111
5,6,5,10,7,5,1
5,6,5,12,5,5,0.5
5,6,5,12,5,14,0.5
5,6,5,12,9,6,0.5
5,6,5,12,9,22,0.5
5,6,5,16,5,5,0.80952
5,6,5,16,5,14,0.19048
5,6,5,16,9,6,1
5,6,5,16,13,6,1
5,6,5,20,1,22,1
5,6,5,24,13,14,1
5,6,7,5,6,5,0.90411
5,6,7,5,6,9,0.054795
5,6,7,5,6,13,0.041096
5,6,7,5,10,13,1
5,6,7,5,14,5,0.5
5,6,7,5,14,9,0.125
5,6,7,5,14,15,0.375
5,6,7,10,5,5,0.5
5,6,7,10,5,10,0.5
5,6,7,14,5,5,0.8
5,6,7,14,5,16,0.2
5,6,7,14,13,8,1
5,6,7,22,5,7,1
5,6,9,1,8,5,1
5,6,9,6,7,5,1
5,6,9,6,11,6,1
5,6,9,8,1,9,1
5,6,9,8,5,5,1
5,6,9,8,9,6,1
5,6,9,12,5,5,1
5,6,9,12,9,10,1
5,6,9,12,13,10,1
5,6,9,16,5,5,1
5,6,11,6,5,5,1
5,6,11,6,22,7,1
5,6,11,14,5,5,1
5,6,13,8,5,5,0.5
5,6,13,8,5,10,0.5
5,6,13,8,13,6,1
5,6,13,8,22,5,1
5,6,13,16,5,5,0.6
5,6,13,16,5,10,0.2
5,6,13,16,5,14,0.2
5,6,15,2,22,1,1
5,6,15,6,5,5,0.91667
5,6,15,6,5,14,0.083333
5,6,15,6,13,6,1
5,6,15,10,5,24,1
5,6,15,10,9,6,1
5,6,15,14,5,5,0.75
5,6,15,14,5,16,0.25
5,6,15,14,13,8,0.5
5,6,15,14,13,16,0.5
5,6,15,40,9,10,1
5,6,24,5,5,6,1
5,6,24,13,14,7,1
5,7,2,9,14,7,1
5,7,2,13,12,7,1
5,7,5,5,8,5,1
5,7,5,7,6,5,1
5,7,5,7,7,5,1
5,7,6,5,5,6,0.88636
5,7,6,5,5,10,0.022727
5,7,6,5,5,16,0.090909
5,7,6,5,10,5,0.75
5,7,6,5,10,11,0.25
5,7,6,5,14,7,0.84615
5,7,6,5,14,15,0.15385
5,7,6,9,6,11,1
5,7,6,13,2,20,1
5,7,6,13,6,7,0.92308
5,7,6,13,6,15,0.076923
5,7,6,13,16,5,1
5,7,6,18,5,3,1
5,7,6,26,3,5,1
5,7,7,5,5,7,0.5
5,7,7,5,5,16,0.5
5,7,7,5,7,5,1
5,7,7,5,14,7,1
5,7,7,14,5,16,1
5,7,7,15,5,5,1
5,7,10,1,5,1,1
5,7,10,5,5,12,1
5,7,10,5,10,7,1
5,7,10,5,24,5,1
5,7,10,9,10,3,0.5
5,7,10,9,10,11,0.5
5,7,10,9,16,5,1
5,7,10,9,24,9,1
5,7,13,8,13,7,1
5,7,14,5,1,16,1
5,7,14,5,5,8,0.875
5,7,14,5,5,16,0.125
5,7,14,5,10,7,1
5,7,14,5,16,5,0.6
5,7,14,5,16,13,0.2
5,7,14,5,16,34,0.2
5,7,14,9,12,5,1
5,7,14,13,8,5,0.5
5,7,14,13,8,13,0.5
5,7,14,13,16,5,1
5,7,14,13,40,40,1
5,8,5,1,10,5,1
5,8,5,5,2,9,1
5,8,5,5,6,5,0.86567
5,8,5,5,6,9,0.029851
5,8,5,5,6,15,0.10448
5,8,5,5,7,5,1
5,8,5,5,10,1,1
5,8,5,5,14,7,0.77778
5,8,5,5,14,15,0.22222
5,8,5,5,22,3,1
5,8,5,10,5,12,1
5,8,5,10,9,8,1
5,8,5,14,1,11,1
5,8,5,14,5,7,0.8
5,8,5,14,5,16,0.2
5,8,5,14,15,6,0.4
5,8,5,14,15,14,0.6
5,8,5,15,5,7,1
5,8,9,10,9,3,1
5,8,13,6,5,7,0.9
5,8,13,6,5,16,0.1
5,8,13,6,15,6,1
5,8,13,10,20,13,1
5,8,13,14,15,6,1
5,8,18,13,4,13,1
5,10,1,5,12,5,0.5
5,10,1,5,12,9,0.5
5,10,1,5,16,5,1
5,10,1,7,1,10,1
5,10,1,7,6,9,1
5,10,1,16,5,5,1
5,10,1,20,22,24,1
5,10,1,24,1,5,1
5,10,5,1,8,5,1
5,10,5,1,12,1,0.5
5,10,5,1,12,9,0.5
5,10,5,5,8,5,1
5,10,5,5,12,5,0.66667
5,10,5,5,12,9,0.33333
5,10,5,7,6,5,1
5,10,5,7,10,5,1
5,10,5,7,14,5,0.66667
5,10,5,7,14,13,0.33333
5,10,5,12,5,5,0.875
5,10,5,12,5,22,0.125
5,10,5,12,9,10,1
5,10,5,12,13,6,1
5,10,7,5,6,5,0.6
5,10,7,5,6,9,0.4
5,10,7,5,10,5,0.33333
5,10,7,5,10,9,0.33333
5,10,7,5,10,13,0.16667
5,10,7,5,10,40,0.16667
5,10,7,10,5,10,1
5,10,7,10,9,10,0.33333
5,10,7,10,9,16,0.66667
5,10,7,10,13,16,1
5,10,7,14,9,16,1
5,10,9,8,5,5,0.5
5,10,9,8,5,14,0.5
5,10,9,8,9,6,0.14286
5,10,9,8,9,10,0.71429
5,10,9,8,9,22,0.14286
5,10,9,8,13,6,1
5,10,9,12,9,10,1
5,10,9,12,13,10,0.5
5,10,9,12,13,14,0.5
5,10,9,16,13,6,0.33333
5,10,9,16,13,14,0.66667
5,10,9,16,22,5,1
5,10,9,20,5,5,1
5,10,9,24,1,14,1
5,10,11,6,5,5,0.5
5,10,11,6,5,14,0.5
5,10,11,6,9,10,1
5,10,11,6,13,6,0.5
5,10,11,6,13,16,0.5
5,10,11,10,5,5,0.5
5,10,11,10,5,10,0.5
5,10,11,10,9,6,0.2
5,10,11,10,9,10,0.8
5,10,11,14,13,16,1
5,10,11,14,18,15,1
5,10,11,40,40,40,1
5,10,13,8,5,5,1
5,10,13,8,9,14,1
5,10,13,24,13,14,0.5
5,10,13,24,13,24,0.5
5,10,15,2,9,22,1
5,10,15,10,13,16,1
5,10,15,14,24,18,1
5,10,15,22,5,7,1
5,10,15,22,9,12,1
5,10,15,22,36,40,1
5,10,20,9,6,5,1
5,10,40,40,40,40,1
5,11,3,9,11,9,1
5,11,5,16,5,15,1
5,11,7,11,5,5,1
5,11,9,12,9,11,1
5,11,9,16,9,11,1
5,12,1,5,14,5,1
5,12,5,1,6,1,1
5,12,5,5,2,9,1
5,12,5,5,6,5,0.6
5,12,5,5,6,9,0.4
5,12,5,5,10,5,0.57143
5,12,5,5,10,11,0.28571
5,12,5,5,10,40,0.14286
5,12,5,5,14,7,0.66667
5,12,5,5,14,40,0.33333
5,12,5,7,2,13,1
5,12,5,10,1,5,1
5,12,5,10,5,5,0.66667
5,12,5,10,5,12,0.33333
5,12,5,10,9,8,0.33333
5,12,5,10,9,16,0.33333
5,12,5,10,9,24,0.33333
5,12,5,14,40,30,1
5,12,5,22,28,9,1
5,12,9,6,1,9,1
5,12,9,6,5,5,1
5,12,9,6,9,12,1
5,12,9,6,13,8,1
5,12,9,10,5,7,0.66667
5,12,9,10,5,12,0.33333
5,12,9,10,9,8,0.14286
5,12,9,10,9,12,0.71429
5,12,9,10,9,16,0.14286
5,12,9,10,15,14,1
5,12,9,14,15,14,1
5,12,9,22,3,18,1
5,12,9,22,16,40,1
5,12,9,40,18,9,1
5,12,13,6,15,14,1
5,12,13,10,5,7,1
5,14,1,11,6,13,1
5,14,1,11,14,13,1
5,14,5,7,6,5,0.68182
5,14,5,7,6,13,0.27273
5,14,5,7,6,26,0.045455
5,14,5,7,10,9,1
5,14,5,7,14,13,1
5,14,5,16,5,5,0.5
5,14,5,16,5,14,0.5
5,14,5,16,13,6,0.66667
5,14,5,16,13,14,0.33333
5,14,5,24,1,5,1
5,14,5,24,5,5,1
5,14,7,5,6,1,0.045455
5,14,7,5,6,5,0.81818
5,14,7,5,6,13,0.13636
5,14,7,5,14,5,1
5,14,7,10,5,10,1
5,14,7,10,9,10,1
5,14,7,14,5,5,0.77778
5,14,7,14,5,10,0.11111
5,14,7,14,5,16,0.11111
5,14,7,22,15,14,1
5,14,9,8,5,10,1
5,14,9,12,5,5,0.5
5,14,9,12,5,10,0.5
5,14,9,12,9,10,1
5,14,9,16,1,14,1
5,14,11,1,6,5,1
5,14,11,6,13,10,1
5,14,11,10,5,5,1
5,14,11,10,13,20,1
5,14,15,3,22,15,1
5,14,15,6,5,5,0.81818
5,14,15,6,5,14,0.18182
5,14,15,6,9,10,1
5,14,15,6,13,6,0.2
5,14,15,6,13,10,0.2
5,14,15,6,13,16,0.6
5,14,15,10,9,10,1
5,14,15,10,13,12,1
5,14,15,10,22,11,1
5,14,15,14,5,5,0.6
5,14,15,14,5,16,0.4
5,14,15,14,9,12,1
5,14,15,14,13,8,0.26667
5,14,15,14,13,16,0.66667
5,14,15,14,13,24,0.066667
5,14,15,14,22,7,1
5,14,15,14,24,13,1
5,14,15,22,1,12,1
5,14,20,9,22,1,1
5,14,20,18,13,4,1
5,14,24,13,14,15,1
5,14,40,30,24,18,1
5,14,40,40,40,40,1
5,15,5,7,7,5,1
5,15,15,15,13,24,1
5,16,1,9,10,15,1
5,16,5,5,6,5,0.71429
5,16,5,5,6,9,0.028571
5,16,5,5,6,15,0.25714
5,16,5,5,7,5,1
5,16,5,5,10,20,1
5,16,5,5,14,1,0.090909
5,16,5,5,14,7,0.54545
5,16,5,5,14,11,0.090909
5,16,5,5,14,15,0.27273
5,16,5,5,24,13,1
5,16,5,10,1,24,1
5,16,5,14,5,7,0.85714
5,16,5,14,5,16,0.14286
5,16,5,14,9,12,1
5,16,5,14,15,6,0.25
5,16,5,14,15,10,0.5
5,16,5,14,15,14,0.25
5,16,5,15,5,7,1
5,16,9,6,1,5,1
5,16,9,10,9,8,0.5
5,16,9,10,9,12,0.5
5,16,9,10,15,22,1
5,16,9,11,15,7,1
5,16,9,14,1,16,1
5,16,9,14,11,10,0.33333
5,16,9,14,11,14,0.66667
5,16,9,14,15,10,1
5,16,13,6,5,1,0.14286
5,16,13,6,5,7,0.85714
5,16,13,6,9,16,1
5,16,13,6,15,6,0.14286
5,16,13,6,15,14,0.71429
5,16,13,6,15,15,0.14286
5,16,13,6,24,5,1
5,16,13,7,5,16,1
5,16,13,10,11,6,0.5
5,16,13,10,11,14,0.5
5,16,13,14,7,10,0.25
5,16,13,14,7,14,0.75
5,16,13,14,11,10,1
5,16,13,14,15,6,0.22222
5,16,13,14,15,14,0.66667
5,16,13,14,15,22,0.11111
5,16,13,14,24,5,1
5,16,13,15,15,15,1
5,16,13,22,11,2,1
5,16,34,15,14,9,1
5,18,3,7,10,9,1
5,18,15,6,5,1,1
5,20,1,22,1,5,1
5,20,13,14,15,14,1
5,22,1,20,5,10,1
5,22,3,5,10,1,1
5,22,7,5,6,13,1
5,22,7,22,24,14,1
5,22,11,10,18,24,1
5,22,11,14,13,16,1
5,22,15,14,9,12,1
5,22,24,26,1,28,1
5,22,28,9,22,7,1
5,24,1,5,14,5,0.5
5,24,1,5,14,15,0.5
5,24,5,5,6,5,1
5,24,5,10,15,10,1
5,24,5,14,5,24,1
5,24,9,10,11,6,1
5,24,9,14,7,14,1
5,24,13,6,5,7,0.5
5,24,13,6,5,16,0.5
5,24,13,14,7,5,1
5,24,13,14,24,22,1
5,24,22,15,10,9,1
5,26,11,14,18,3,1
5,26,15,22,32,22,1
5,28,9,14,24,1,1
5,28,9,28,13,24,1
5,32,5,5,6,9,1
5,32,5,26,11,14,1
5,32,5,32,5,32,1
5,32,5,32,26,28,1
5,32,26,28,22,24,1
5,40,40,9,10,5,1
5,40,40,40,34,28,1
6,1,1,5,8,5,1
6,1,5,10,7,10,1
6,1,5,12,1,5,1
6,1,5,16,5,14,1
6,1,9,8,5,10,1
6,1,9,16,9,22,1
6,1,16,5,5,10,1
6,5,1,1,6,7,1
6,5,1,10,15,6,1
6,5,1,12,5,1,1
6,5,5,6,7,5,0.88889
6,5,5,6,7,10,0.011111
6,5,5,6,7,14,0.088889
6,5,5,6,7,22,0.011111
6,5,5,6,11,6,0.66667
6,5,5,6,11,14,0.33333
6,5,5,6,15,6,0.4
6,5,5,6,15,10,0.6
6,5,5,6,24,5,0.75
6,5,5,6,24,13,0.25
6,5,5,8,5,5,0.80263
6,5,5,8,5,10,0.026316
6,5,5,8,5,14,0.17105
6,5,5,8,13,6,0.75
6,5,5,8,13,14,0.25
6,5,5,10,7,5,0.33333
6,5,5,10,7,10,0.33333
6,5,5,10,7,14,0.33333
6,5,5,10,11,6,1
6,5,5,10,15,22,1
6,5,5,12,5,5,1
6,5,5,16,5,5,0.88889
6,5,5,16,5,14,0.11111
6,5,5,16,13,6,1
6,5,7,2,9,14,1
6,5,7,6,5,5,0.83133
6,5,7,6,5,10,0.024096
6,5,7,6,5,14,0.14458
6,5,7,6,9,6,1
6,5,7,6,13,6,0.875
6,5,7,6,13,16,0.125
6,5,7,10,1,5,1
6,5,7,10,5,5,1
6,5,7,10,9,10,1
6,5,7,14,5,1,0.090909
6,5,7,14,5,5,0.54545
6,5,7,14,5,10,0.090909
6,5,7,14,5,16,0.27273
6,5,7,14,9,12,1
6,5,7,14,13,16,1
6,5,10,5,7,6,0.5
6,5,10,5,7,10,0.25
6,5,10,5,7,14,0.25
6,5,10,5,12,5,1
6,5,10,7,5,6,1
6,5,10,11,10,5,1
6,5,10,15,22,36,1
6,5,12,5,1,6,1
6,5,12,5,5,6,0.33333
6,5,12,5,5,10,0.66667
6,5,12,5,10,5,1
6,5,12,5,14,40,1
6,5,12,9,6,5,0.33333
6,5,12,9,6,9,0.66667
6,5,12,9,10,5,1
6,5,12,9,22,16,1
6,5,14,7,5,6,0.83333
6,5,14,7,5,14,0.16667
6,5,14,7,10,9,1
6,5,14,7,14,5,1
6,5,14,11,10,5,1
6,5,14,15,6,5,0.66667
6,5,14,15,6,13,0.33333
6,5,16,5,5,6,0.66667
6,5,16,5,5,10,0.047619
6,5,16,5,5,14,0.28571
6,5,16,5,14,5,0.5
6,5,16,5,14,15,0.5
6,5,16,9,6,1,1
6,5,16,13,6,5,0.6
6,5,16,13,6,15,0.2
6,5,16,13,6,24,0.2
6,5,20,1,22,1,1
6,5,24,5,10,15,1
6,5,24,13,14,7,1
6,7,5,2,9,1,1
6,7,5,6,5,5,0.88158
6,7,5,6,5,10,0.013158
6,7,5,6,5,16,0.10526
6,7,5,6,9,1,0.25
6,7,5,6,9,6,0.5
6,7,5,6,9,16,0.25
6,7,5,6,13,8,0.25
6,7,5,6,13,16,0.75
6,7,5,7,13,8,1
6,7,5,10,5,12,1
6,7,5,10,13,8,1
6,7,5,14,5,7,0.8
6,7,5,14,5,16,0.2
6,7,5,14,9,12,1
6,7,5,14,15,6,0.5
6,7,5,14,15,14,0.5
6,7,5,22,1,20,1
6,7,10,5,5,6,1
6,7,10,5,10,1,0.5
6,7,10,5,10,7,0.5
6,7,10,9,6,7,1
6,7,14,5,5,8,1
6,7,14,5,10,11,1
6,7,14,5,16,5,1
6,7,14,13,8,5,0.5
6,7,14,13,8,13,0.5
6,7,22,5,7,6,1
6,9,1,8,5,10,1
6,9,6,5,12,5,1
6,9,6,7,5,6,1
6,9,6,11,6,5,1
6,9,6,11,10,9,1
6,9,6,11,14,13,1
6,9,6,15,2,13,1
6,9,6,20,13,14,1
6,9,8,1,9,2,1
6,9,8,5,5,2,0.33333
6,9,8,5,5,6,0.66667
6,9,8,9,6,5,1
6,9,10,7,10,9,1
6,9,10,11,10,9,1
6,9,10,15,10,9,1
6,9,10,15,14,5,0.5
6,9,10,15,14,9,0.5
6,9,12,1,9,22,1
6,9,12,5,5,2,0.5
6,9,12,5,5,10,0.5
6,9,12,5,10,9,1
6,9,12,9,10,1,0.14286
6,9,12,9,10,5,0.14286
6,9,12,9,10,9,0.57143
6,9,12,9,10,20,0.14286
6,9,12,13,10,1,1
6,9,14,11,22,9,1
6,9,16,5,5,6,1
6,9,16,9,18,24,1
6,9,24,9,14,1,1
6,11,1,6,5,1,1
6,11,6,5,5,6,0.6
6,11,6,5,5,10,0.4
6,11,6,5,10,5,0.5
6,11,6,5,10,15,0.5
6,11,6,5,14,11,1
6,11,6,13,6,11,1
6,11,6,22,7,6,1
6,11,6,26,11,10,1
6,11,10,5,10,11,0.5
6,11,10,5,10,15,0.5
6,11,10,9,6,11,1
6,11,10,9,10,11,1
6,11,10,9,16,1,1
6,11,10,13,12,22,1
6,11,14,1,14,11,1
6,11,14,5,5,8,1
6,11,14,5,10,11,1
6,11,14,9,6,15,1
6,11,14,13,12,13,1
6,11,19,2,20,9,1
6,13,2,20,1,5,1
6,13,6,7,5,2,0.083333
6,13,6,7,5,6,0.75
6,13,6,7,5,14,0.083333
6,13,6,7,5,22,0.083333
6,13,6,7,10,9,1
6,13,6,7,14,5,0.75
6,13,6,7,14,13,0.25
6,13,6,11,6,5,1
6,13,6,11,14,1,1
6,13,6,15,6,5,1
6,13,6,15,10,18,1
6,13,8,5,5,6,1
6,13,8,5,10,9,1
6,13,8,7,1,22,1
6,13,8,9,6,13,1
6,13,8,13,6,5,1
6,13,8,22,5,7,1
6,13,10,15,10,40,1
6,13,10,15,14,22,1
6,13,10,15,18,1,1
6,13,12,13,14,15,1
6,13,12,13,22,28,1
6,13,16,5,5,6,1
6,13,16,5,10,1,1
6,13,16,5,14,5,0.2
6,13,16,5,14,15,0.8
6,13,16,9,10,5,0.5
6,13,16,9,10,15,0.5
6,13,16,9,22,3,1
6,13,16,13,6,15,1
6,13,16,13,14,15,1
6,13,16,22,1,16,1
6,13,16,22,20,22,1
6,13,24,1,5,6,1
6,13,24,5,14,15,1
6,15,2,13,10,11,1
6,15,2,13,14,7,1
6,15,2,22,1,7,1
6,15,6,5,5,6,0.76923
6,15,6,5,5,16,0.23077
6,15,6,5,14,7,0.83333
6,15,6,5,14,15,0.16667
6,15,6,9,10,15,1
6,15,6,13,6,15,1
6,15,6,13,16,13,1
6,15,10,5,24,9,1
6,15,10,9,6,7,0.5
6,15,10,9,6,15,0.5
6,15,10,9,10,3,0.25
6,15,10,9,10,11,0.75
6,15,10,13,6,15,1
6,15,10,18,15,22,1
6,15,14,5,5,8,0.5
6,15,14,5,5,16,0.25
6,15,14,5,5,24,0.25
6,15,14,5,16,5,0.16667
6,15,14,5,16,9,0.16667
6,15,14,5,16,13,0.66667
6,15,14,9,12,5,0.25
6,15,14,9,12,9,0.25
6,15,14,9,12,13,0.5
6,15,14,9,16,9,1
6,15,14,13,2,11,1
6,15,14,13,8,13,1
6,15,14,13,12,9,1
6,15,14,13,16,5,0.25
6,15,14,13,16,9,0.125
6,15,14,13,16,13,0.5
6,15,14,13,16,18,0.125
6,15,14,24,13,14,1
6,15,15,5,16,13,1
6,15,15,6,24,1,1
6,15,18,1,16,13,1
6,15,22,9,4,13,1
6,15,22,9,24,14,1
6,15,22,16,13,28,1
6,15,40,9,10,9,1
6,18,5,3,6,13,1
6,20,13,14,7,5,1
6,22,7,6,22,15,1
6,22,11,14,1,14,1
6,22,15,22,15,22,1
6,24,1,3,14,15,1
6,24,5,5,6,5,1
6,24,5,14,5,7,1
6,24,7,1,22,11,1
6,24,13,14,7,5,1
6,26,3,5,6,5,1
6,26,11,10,9,6,1
7,1,10,5,10,7,1
7,1,10,20,7,10,1
7,1,22,3,7,14,1
7,1,22,11,14,13,1
7,2,9,14,7,5,1
7,2,13,12,7,1,1
7,2,18,5,7,6,1
7,5,2,9,1,12,1
7,5,5,7,7,14,0.5
7,5,5,7,7,15,0.5
7,5,5,8,5,5,1
7,5,5,16,5,5,1
7,5,6,1,9,8,1
7,5,6,5,5,8,0.90698
7,5,6,5,5,12,0.011628
7,5,6,5,5,16,0.081395
7,5,6,5,10,7,1
7,5,6,5,16,5,0.75
7,5,6,5,16,9,0.083333
7,5,6,5,16,13,0.16667
7,5,6,9,1,8,1
7,5,6,9,6,7,0.66667
7,5,6,9,6,11,0.33333
7,5,6,9,12,5,0.5
7,5,6,9,12,9,0.5
7,5,6,9,16,5,1
7,5,6,13,8,5,0.5
7,5,6,13,8,13,0.25
7,5,6,13,8,22,0.25
7,5,6,13,16,5,1
7,5,7,5,5,8,1
7,5,7,6,5,14,1
7,5,7,7,5,14,1
7,5,7,13,8,13,1
7,5,10,5,1,8,1
7,5,10,5,12,5,0.5
7,5,10,5,12,13,0.5
7,5,10,9,8,9,1
7,5,10,9,16,13,1
7,5,10,13,8,5,1
7,5,10,13,24,13,1
7,5,10,40,40,40,1
7,5,14,5,7,6,0.875
7,5,14,5,7,14,0.125
7,5,14,5,16,13,1
7,5,14,7,5,6,1
7,5,14,9,12,5,1
7,5,14,15,3,22,1
7,5,14,15,6,5,1
7,5,14,15,14,5,0.5
7,5,14,15,14,13,0.5
7,5,15,15,15,13,1
7,5,16,5,5,7,1
7,5,16,13,7,5,1
7,5,18,3,7,10,1
7,5,22,1,20,5,1
7,5,24,22,15,10,1
7,6,5,5,6,7,0.92308
7,6,5,5,6,11,0.025641
7,6,5,5,6,15,0.025641
7,6,5,5,6,24,0.025641
7,6,5,5,10,7,0.5
7,6,5,5,10,15,0.5
7,6,5,5,16,5,0.875
7,6,5,5,16,13,0.125
7,6,5,10,5,7,1
7,6,5,10,11,10,1
7,6,5,14,7,5,0.72727
7,6,5,14,7,14,0.27273
7,6,5,14,15,6,1
7,6,9,6,5,12,1
7,6,9,6,11,10,0.5
7,6,9,6,11,14,0.5
7,6,9,6,15,2,1
7,6,11,10,5,10,1
7,6,11,19,2,20,1
7,6,13,2,20,1,1
7,6,13,6,7,5,0.75
7,6,13,6,7,10,0.083333
7,6,13,6,7,14,0.16667
7,6,13,6,15,6,1
7,6,13,8,7,1,1
7,6,13,16,5,5,1
7,6,15,15,6,24,1
7,6,18,5,3,6,1
7,6,22,15,22,15,1
7,6,24,7,1,22,1
7,6,26,3,5,6,1
7,7,5,5,7,7,1
7,7,5,5,16,5,1
7,7,5,7,5,5,1
7,7,5,14,7,5,1
7,7,14,5,16,5,1
7,7,15,5,5,8,1
7,9,7,11,15,9,1
7,10,1,5,1,6,1
7,10,1,5,6,7,1
7,10,5,5,6,7,1
7,10,5,5,12,5,0.66667
7,10,5,5,12,9,0.33333
7,10,5,10,1,7,1
7,10,5,10,7,5,0.83333
7,10,5,10,7,10,0.16667
7,10,5,10,11,40,1
7,10,5,24,5,14,1
7,10,9,6,7,5,1
7,10,9,8,7,5,1
7,10,9,10,3,5,1
7,10,9,10,11,1,0.16667
7,10,9,10,11,6,0.16667
7,10,9,10,11,10,0.5
7,10,9,10,11,14,0.16667
7,10,9,16,5,5,0.33333
7,10,9,16,5,10,0.66667
7,10,9,16,13,10,1
7,10,9,24,9,2,1
7,10,13,4,7,5,1
7,10,13,6,11,10,1
7,10,13,12,9,10,1
7,10,13,12,13,14,1
7,10,13,16,30,40,1
7,11,5,5,7,7,1
7,11,15,9,16,9,1
7,11,19,15,15,24,1
7,11,23,3,14,13,1
7,13,7,15,11,9,1
7,13,8,13,7,5,1
7,14,5,1,16,9,1
7,14,5,5,8,5,0.63158
7,14,5,5,8,13,0.36842
7,14,5,5,16,5,1
7,14,5,10,7,5,1
7,14,5,10,11,10,0.5
7,14,5,10,11,14,0.5
7,14,5,16,5,5,0.71429
7,14,5,16,5,14,0.28571
7,14,5,16,13,6,0.5
7,14,5,16,13,10,0.5
7,14,5,16,34,15,1
7,14,9,1,16,5,1
7,14,9,12,5,5,1
7,14,9,16,9,10,1
7,14,9,16,13,14,1
7,14,13,2,11,22,1
7,14,13,8,5,5,0.75
7,14,13,8,5,14,0.25
7,14,13,8,13,6,0.6
7,14,13,8,13,14,0.4
7,14,13,12,18,24,1
7,14,13,16,5,5,0.5
7,14,13,16,5,14,0.5
7,14,13,16,13,6,0.5
7,14,13,16,13,14,0.5
7,14,13,20,1,18,1
7,14,13,24,1,14,1
7,14,13,24,9,10,1
7,14,13,32,13,14,1
7,14,13,40,40,40,1
7,14,15,7,6,13,0.5
7,14,15,7,6,24,0.5
7,14,15,7,14,15,1
7,14,18,3,14,13,1
7,14,18,3,22,16,1
7,14,24,13,14,15,1
7,14,24,18,24,22,1
7,14,24,22,15,22,1
7,15,5,5,8,5,1
7,15,5,16,9,11,1
7,15,11,9,11,11,1
7,15,15,13,12,9,1
7,15,23,7,11,23,1
7,18,13,16,9,22,1
7,19,13,16,13,15,1
7,22,5,7,6,5,1
7,22,5,16,9,10,1
7,22,5,16,13,14,1
7,22,5,24,9,14,1
7,22,15,14,5,5,1
7,22,15,14,24,9,1
7,22,15,22,15,22,1
7,22,15,30,7,30,1
7,22,16,13,22,11,1
7,22,16,18,9,16,1
7,22,24,14,20,1,1
7,26,11,22,15,14,0.5
7,26,11,22,15,22,0.5
7,26,11,23,15,15,1
7,26,11,28,11,28,1
7,27,11,19,20,23,1
7,30,7,22,15,22,1
7,30,7,26,11,22,1
7,30,7,27,11,19,1
7,30,7,34,3,30,1
7,34,3,30,7,26,1
7,34,36,40,40,40,1
7,40,40,1,40,34,1
8,1,9,2,5,5,1
8,1,9,6,5,7,1
8,5,1,10,5,7,1
8,5,5,2,9,8,1
8,5,5,6,5,7,0.87302
8,5,5,6,5,12,0.015873
8,5,5,6,5,16,0.095238
8,5,5,6,5,20,0.015873
8,5,5,6,9,8,0.75
8,5,5,6,9,12,0.25
8,5,5,6,15,6,0.5
8,5,5,6,15,14,0.375
8,5,5,6,15,40,0.125
8,5,5,7,5,7,1
8,5,5,10,1,7,1
8,5,5,14,7,5,0.77778
8,5,5,14,7,14,0.11111
8,5,5,14,7,22,0.11111
8,5,5,14,15,6,1
8,5,5,22,3,5,1
8,5,5,24,13,6,1
8,5,10,1,20,22,1
8,5,10,5,1,12,1
8,5,10,5,5,8,0.5
8,5,10,5,5,12,0.5
8,5,10,5,12,5,1
8,5,10,9,8,5,0.5
8,5,10,9,8,9,0.5
8,5,10,9,16,13,1
8,5,10,9,20,5,1
8,5,14,1,11,14,1
8,5,14,5,7,6,1
8,5,14,5,16,5,0.5
8,5,14,5,16,13,0.5
8,5,14,9,8,5,1
8,5,14,15,6,5,1
8,5,14,15,14,5,0.25
8,5,14,15,14,9,0.25
8,5,14,15,14,13,0.5
8,5,15,5,7,7,1
8,7,1,22,3,7,1
8,7,5,14,15,3,1
8,9,6,1,5,12,1
8,9,6,5,12,5,0.5
8,9,6,5,12,9,0.5
8,9,6,13,12,13,1
8,9,6,13,24,1,1
8,9,10,5,12,9,1
8,9,10,9,3,10,0.5
8,9,10,9,3,14,0.5
8,9,10,9,12,5,0.33333
8,9,10,9,12,9,0.33333
8,9,10,9,12,13,0.33333
8,9,10,9,24,9,1
8,9,10,15,10,1,0.5
8,9,10,15,10,5,0.5
8,9,10,15,14,13,1
8,9,14,11,14,9,1
8,9,14,24,14,20,1
8,9,22,11,10,9,1
8,9,22,11,14,1,1
8,13,2,24,9,6,1
8,13,6,5,7,6,0.78571
8,13,6,5,7,14,0.21429
8,13,6,5,16,5,0.5
8,13,6,5,16,13,0.5
8,13,6,15,6,5,1
8,13,6,15,14,13,1
8,13,6,15,22,9,1
8,13,7,5,16,13,1
8,13,10,5,12,9,1
8,13,10,15,10,9,1
8,13,10,15,14,22,1
8,13,10,20,13,14,1
8,13,14,7,5,10,1
8,13,14,7,14,5,0.16667
8,13,14,7,14,13,0.5
8,13,14,7,14,18,0.16667
8,13,14,7,14,24,0.16667
8,13,14,11,10,5,1
8,13,14,15,6,5,1
8,13,14,15,10,13,1
8,13,14,15,14,5,0.33333
8,13,14,15,14,13,0.66667
8,13,24,13,14,7,1
8,13,24,23,15,23,1
8,18,1,16,13,14,1
8,18,13,4,13,14,1
8,22,5,7,6,13,1
8,22,5,16,1,9,1
8,22,36,18,24,13,1
8,23,15,19,9,8,1
8,32,8,32,8,32,0.95238
8,32,8,32,8,35,0.047619
8,32,8,35,4,35,1
8,35,4,35,4,13,1
8,40,40,40,40,18,0.5
8,40,40,40,40,40,0.5
9,1,8,5,10,5,1
9,1,10,11,14,13,1
9,1,12,1,22,1,1
9,1,16,5,14,9,1
9,1,16,13,14,15,1
9,2,5,5,8,5,1
9,2,9,8,1,9,1
9,2,13,12,5,1,1
9,2,13,16,5,14,1
9,2,13,16,22,15,1
9,3,10,9,6,7,1
9,3,14,5,11,3,1
9,3,14,15,7,26,1
9,3,15,9,12,23,1
9,4,13,14,15,14,1
9,4,13,14,20,9,0.5
9,4,13,14,20,13,0.5
9,6,1,5,12,1,1
9,6,1,5,16,5,1
9,6,1,9,16,9,1
9,6,1,16,5,5,1
9,6,5,5,12,5,1
9,6,5,7,2,9,1
9,6,5,7,10,1,1
9,6,5,12,5,1,0.25
9,6,5,12,5,5,0.5
9,6,5,12,5,10,0.25
9,6,5,12,9,6,0.66667
9,6,5,12,9,10,0.33333
9,6,5,16,5,5,1
9,6,5,24,5,10,1
9,6,7,5,6,5,1
9,6,7,5,7,13,1
9,6,7,5,10,5,1
9,6,7,5,14,5,1
9,6,7,10,5,5,1
9,6,9,12,5,5,0.5
9,6,9,12,5,10,0.5
9,6,9,12,9,10,1
9,6,11,6,5,5,0.33333
9,6,11,6,5,10,0.33333
9,6,11,6,5,14,0.33333
9,6,11,6,13,6,1
9,6,11,6,26,11,1
9,6,11,10,5,10,1
9,6,11,10,9,6,0.33333
9,6,11,10,9,10,0.66667
9,6,11,10,13,12,1
9,6,11,14,5,10,1
9,6,11,14,13,12,1
9,6,13,8,9,6,1
9,6,13,12,13,14,0.5
9,6,13,12,13,22,0.5
9,6,13,16,9,10,1
9,6,13,16,22,20,1
9,6,13,24,1,5,1
9,6,15,2,13,10,0.5
9,6,15,2,13,14,0.5
9,6,15,6,9,10,1
9,6,15,10,9,10,1
9,6,15,14,9,12,1
9,6,15,14,13,16,1
9,6,15,22,16,13,1
9,6,20,13,14,7,1
9,7,6,15,15,6,1
9,7,11,15,9,16,1
9,8,1,9,2,5,1
9,8,1,9,6,5,1
9,8,5,5,2,9,1
9,8,5,5,6,5,0.8
9,8,5,5,6,9,0.2
9,8,5,10,1,20,1
9,8,5,10,5,5,1
9,8,5,10,9,16,1
9,8,5,14,9,8,1
9,8,7,5,14,15,1
9,8,9,6,1,5,1
9,8,9,6,5,12,1
9,8,9,6,13,24,1
9,8,9,10,5,12,1
9,8,9,10,9,3,0.2
9,8,9,10,9,12,0.6
9,8,9,10,9,24,0.2
9,8,9,10,15,10,1
9,8,9,14,11,14,1
9,8,9,22,11,10,1
9,8,13,6,5,7,1
9,8,13,6,15,22,1
9,8,13,10,15,10,0.5
9,8,13,10,15,14,0.5
9,8,13,14,7,14,1
9,8,13,14,11,10,1
9,8,13,24,23,15,1
9,8,22,5,16,1,1
9,10,1,11,10,9,1
9,10,1,16,13,10,1
9,10,3,5,6,5,1
9,10,3,5,10,5,1
9,10,5,7,6,5,1
9,10,5,7,10,5,1
9,10,5,7,14,5,1
9,10,5,12,5,10,1
9,10,5,12,9,6,0.42857
9,10,5,12,9,10,0.57143
9,10,7,5,10,13,1
9,10,7,10,5,5,0.5
9,10,7,10,5,10,0.5
9,10,7,10,9,10,1
9,10,7,14,9,16,1
9,10,9,3,10,9,1
9,10,9,3,14,5,1
9,10,9,8,5,5,1
9,10,9,8,9,6,0.25
9,10,9,8,9,10,0.75
9,10,9,8,13,10,0.66667
9,10,9,8,13,14,0.33333
9,10,9,8,22,5,1
9,10,9,12,5,10,0.8
9,10,9,12,5,14,0.2
9,10,9,12,9,1,0.030303
9,10,9,12,9,6,0.060606
9,10,9,12,9,10,0.81818
9,10,9,12,9,14,0.090909
9,10,9,12,13,6,0.14286
9,10,9,12,13,10,0.42857
9,10,9,12,13,14,0.14286
9,10,9,12,13,22,0.14286
9,10,9,12,13,32,0.14286
9,10,9,16,9,10,1
9,10,9,16,13,14,1
9,10,9,16,22,5,1
9,10,9,16,30,28,1
9,10,9,24,9,6,1
9,10,9,24,30,40,1
9,10,11,1,14,9,1
9,10,11,6,5,5,1
9,10,11,6,9,6,0.25
9,10,11,6,9,10,0.75
9,10,11,6,13,6,1
9,10,11,10,5,10,1
9,10,11,10,9,6,0.17647
9,10,11,10,9,10,0.70588
9,10,11,10,9,16,0.11765
9,10,11,10,13,2,0.33333
9,10,11,10,13,12,0.66667
9,10,11,10,22,7,1
9,10,11,14,9,1,0.33333
9,10,11,14,9,12,0.66667
9,10,11,14,13,16,1
9,10,11,14,24,9,1
9,10,15,2,9,10,1
9,10,15,6,1,5,1
9,10,15,10,1,9,1
9,10,15,10,5,5,0.33333
9,10,15,10,5,10,0.33333
9,10,15,10,5,14,0.33333
9,10,15,10,9,10,0.8
9,10,15,10,9,16,0.2
9,10,15,10,13,6,0.5
9,10,15,10,13,12,0.5
9,10,15,14,5,5,1
9,10,15,14,9,6,0.25
9,10,15,14,9,12,0.5
9,10,15,14,9,16,0.25
9,10,15,14,13,8,0.5
9,10,15,14,13,12,0.25
9,10,15,14,13,40,0.25
9,10,15,18,5,16,1
9,10,15,22,5,16,1
9,10,15,22,9,12,1
9,10,20,9,10,15,1
9,10,20,13,14,11,1
9,10,24,1,14,15,1
9,10,24,9,10,15,1
9,11,2,5,12,5,1
9,11,9,3,15,9,1
9,11,9,12,5,11,1
9,11,9,12,13,15,1
9,11,11,7,5,5,1
9,11,15,7,13,7,1
9,11,15,11,1,15,1
9,11,15,15,24,13,1
9,11,15,22,9,16,1
9,12,1,9,22,24,1
9,12,5,5,2,9,1
9,12,5,5,6,5,0.66667
9,12,5,5,6,15,0.33333
9,12,5,5,10,5,1
9,12,5,10,9,8,0.57143
9,12,5,10,9,12,0.42857
9,12,5,10,13,8,1
9,12,5,11,5,16,1
9,12,5,14,9,12,1
9,12,5,14,20,18,1
9,12,9,1,10,11,1
9,12,9,6,5,12,1
9,12,9,6,9,12,1
9,12,9,10,1,11,0.5
9,12,9,10,1,16,0.5
9,12,9,10,5,12,1
9,12,9,10,9,8,0.16216
9,12,9,10,9,12,0.81081
9,12,9,10,9,24,0.027027
9,12,9,10,15,18,1
9,12,9,10,20,9,1
9,12,9,11,9,12,1
9,12,9,14,11,10,1
9,12,9,14,15,14,1
9,12,9,14,24,9,1
9,12,9,15,11,14,1
9,12,9,15,15,15,1
9,12,13,6,15,10,0.33333
9,12,13,6,15,14,0.66667
9,12,13,10,1,11,1
9,12,13,10,11,10,0.8
9,12,13,10,11,14,0.2
9,12,13,14,7,14,1
9,12,13,14,11,10,0.71429
9,12,13,14,11,26,0.14286
9,12,13,14,11,40,0.14286
9,12,13,14,15,10,0.2
9,12,13,14,15,14,0.6
9,12,13,14,15,22,0.2
9,12,13,15,11,11,1
9,12,13,22,16,13,1
9,12,13,32,13,10,1
9,12,22,9,8,13,1
9,12,22,9,16,1,1
9,12,22,24,18,24,1
9,12,23,15,23,24,1
9,14,1,16,18,13,1
9,14,1,16,22,5,1
9,14,1,20,9,6,1
9,14,5,12,9,10,0.5
9,14,5,12,9,22,0.5
9,14,7,5,6,9,1
9,14,7,14,13,8,1
9,14,11,1,14,13,1
9,14,11,10,5,10,1
9,14,11,10,9,10,1
9,14,11,10,13,12,0.5
9,14,11,10,13,24,0.5
9,14,11,10,22,3,1
9,14,11,14,9,16,1
9,14,11,14,13,12,1
9,14,11,14,18,15,1
9,14,11,14,22,16,0.5
9,14,11,14,22,24,0.5
9,14,11,18,40,9,1
9,14,11,22,9,16,1
9,14,11,40,40,40,1
9,14,15,2,18,15,1
9,14,15,6,13,10,0.33333
9,14,15,6,13,16,0.33333
9,14,15,6,13,24,0.33333
9,14,15,10,9,24,1
9,14,15,10,13,6,0.2
9,14,15,10,13,12,0.2
9,14,15,10,13,16,0.4
9,14,15,10,13,24,0.2
9,14,15,10,18,15,1
9,14,15,14,1,14,1
9,14,15,14,5,5,0.5
9,14,15,14,5,16,0.5
9,14,15,14,13,8,0.14286
9,14,15,14,13,16,0.57143
9,14,15,14,13,24,0.28571
9,14,15,22,15,10,1
9,14,20,1,22,15,1
9,14,20,9,10,15,1
9,14,20,13,14,15,0.33333
9,14,20,13,14,20,0.33333
9,14,20,13,14,24,0.33333
9,14,24,1,18,24,1
9,14,24,5,10,5,1
9,14,24,9,10,9,1
9,14,24,9,14,15,1
9,14,24,14,20,22,1
9,14,24,18,24,13,1
9,15,7,15,5,16,1
9,15,11,14,22,3,1
9,15,15,10,13,24,1
9,15,15,15,13,16,1
9,15,24,9,15,15,1
9,16,1,9,2,9,1
9,16,1,9,10,11,0.5
9,16,1,9,10,15,0.5
9,16,1,14,5,16,1
9,16,1,14,13,16,1
9,16,5,5,6,5,0.5
9,16,5,5,6,15,0.5
9,16,5,10,5,1,1
9,16,5,10,9,8,0.5
9,16,5,10,9,12,0.5
9,16,5,14,15,14,1
9,16,5,16,13,10,1
9,16,9,6,5,16,1
9,16,9,10,5,12,1
9,16,9,10,9,12,0.33333
9,16,9,10,9,16,0.33333
9,16,9,10,9,24,0.33333
9,16,9,10,15,14,1
9,16,9,11,9,3,1
9,16,9,11,15,11,1
9,16,9,14,5,12,1
9,16,9,14,11,14,0.5
9,16,9,14,11,22,0.5
9,16,9,14,15,2,1
9,16,9,18,11,22,1
9,16,9,18,15,14,1
9,16,9,18,24,18,1
9,16,9,22,11,10,1
9,16,9,22,20,26,1
9,16,9,22,28,40,1
9,16,9,40,40,40,1
9,16,13,6,9,12,1
9,16,13,6,15,14,1
9,16,13,10,11,10,0.5
9,16,13,10,11,14,0.5
9,16,13,10,24,9,1
9,16,13,14,7,22,1
9,16,13,14,11,10,0.5
9,16,13,14,11,14,0.5
9,16,13,14,15,6,0.25
9,16,13,14,15,10,0.125
9,16,13,14,15,14,0.625
9,16,13,14,20,9,1
9,16,13,14,24,9,0.5
9,16,13,14,24,13,0.5
9,16,13,22,7,22,1
9,16,13,22,11,10,0.33333
9,16,13,22,11,14,0.66667
9,16,13,24,22,9,1
9,16,13,40,40,13,1
9,16,18,20,22,9,1
9,16,22,5,12,9,1
9,16,22,5,28,9,1
9,16,22,9,12,13,1
9,16,22,9,16,13,1
9,16,22,15,14,13,1
9,16,30,28,22,5,1
9,18,11,14,13,2,1
9,18,11,22,1,16,1
9,18,15,10,13,16,1
9,18,15,14,13,16,1
9,18,24,14,24,5,1
9,18,24,18,24,22,1
9,18,28,40,22,28,1
9,19,7,15,23,7,1
9,20,5,5,2,9,1
9,20,9,10,5,7,1
9,20,9,18,15,10,1
9,20,13,14,15,14,1
9,22,1,24,9,14,1
9,22,3,14,13,16,1
9,22,3,16,13,7,1
9,22,3,18,13,24,1
9,22,3,22,5,12,1
9,22,7,6,9,6,1
9,22,7,22,5,16,1
9,22,11,10,9,10,1
9,22,11,10,13,16,0.5
9,22,11,10,13,28,0.5
9,22,11,10,18,15,1
9,22,11,10,22,11,1
9,22,11,10,28,13,1
9,22,11,14,1,14,1
9,22,11,14,9,16,1
9,22,11,14,13,16,0.66667
9,22,11,14,13,24,0.33333
9,22,11,18,1,16,1
9,22,11,22,16,13,1
9,22,15,14,18,3,1
9,22,15,18,9,16,1
9,22,15,18,24,9,1
9,22,15,23,15,23,1
9,22,15,26,15,10,1
9,22,16,13,11,15,1
9,22,16,40,40,30,1
9,22,20,9,22,11,1
9,22,20,18,13,24,1
9,22,20,26,40,40,1
9,22,24,18,1,20,1
9,22,24,18,32,22,1
9,22,24,22,40,40,1
9,22,24,26,28,22,1
9,22,28,40,40,40,1
9,22,36,22,24,18,1
9,22,36,40,40,40,1
9,23,7,30,7,22,1
9,24,1,5,6,5,1
9,24,1,14,9,12,1
9,24,5,22,11,10,1
9,24,9,2,13,12,1
9,24,9,6,5,12,1
9,24,9,6,9,12,1
9,24,9,14,1,16,1
9,24,9,14,15,14,1
9,24,9,14,20,9,1
9,24,9,22,11,22,1
9,24,9,24,13,24,1
9,24,13,14,20,13,1
9,24,13,24,13,14,1
9,24,14,20,22,24,1
9,24,14,24,13,22,1
9,24,14,28,30,28,1
9,24,18,9,24,22,1
9,24,18,13,12,13,0.5
9,24,18,13,12,18,0.5
9,24,22,1,16,13,1
9,24,30,40,13,22,1
9,24,40,40,40,36,1
9,28,9,14,24,5,0.5
9,28,9,14,24,9,0.5
9,28,9,22,15,23,1
9,28,9,28,9,22,0.5
9,28,9,28,9,28,0.5
9,28,13,14,15,6,1
9,28,13,24,13,32,1
9,28,22,9,20,13,1
9,32,5,32,5,32,1
9,40,13,22,3,14,1
9,40,18,9,16,9,1
9,40,40,40,40,32,1
10,1,5,1,6,11,1
10,1,5,6,7,5,1
10,1,5,12,5,10,1
10,1,5,12,9,40,1
10,1,5,16,5,5,1
10,1,7,1,10,5,1
10,1,7,6,9,6,1
10,1,9,12,9,10,1
10,1,11,7,9,7,1
10,1,11,10,9,10,1
10,1,16,5,5,6,1
10,1,16,13,10,11,1
10,1,20,22,24,9,1
10,1,24,1,5,10,1
10,3,5,6,5,5,1
10,3,5,10,5,12,1
10,5,1,8,5,5,1
10,5,1,12,1,5,1
10,5,1,12,9,10,1
10,5,5,6,7,5,0.5
10,5,5,6,7,10,0.5
10,5,5,6,11,6,1
10,5,5,8,5,5,1
10,5,5,12,5,5,0.66667
10,5,5,12,5,10,0.33333
10,5,5,12,9,6,0.5
10,5,5,12,9,10,0.5
10,5,5,16,9,14,1
10,5,7,6,5,5,0.75
10,5,7,6,5,10,0.25
10,5,7,6,18,5,1
10,5,7,10,5,5,0.2
10,5,7,10,5,10,0.6
10,5,7,10,5,24,0.2
10,5,7,14,5,5,0.5
10,5,7,14,5,16,0.5
10,5,7,14,13,40,1
10,5,10,1,7,1,1
10,5,10,7,5,6,0.25
10,5,10,7,5,10,0.75
10,5,10,7,10,9,1
10,5,10,11,6,13,1
10,5,10,11,10,9,1
10,5,10,11,40,40,1
10,5,10,15,2,9,1
10,5,10,15,22,9,1
10,5,12,5,5,2,0.14286
10,5,12,5,5,6,0.14286
10,5,12,5,5,10,0.42857
10,5,12,5,5,14,0.28571
10,5,12,5,10,5,0.5
10,5,12,5,10,9,0.5
10,5,12,5,22,28,1
10,5,12,9,6,1,0.33333
10,5,12,9,6,9,0.33333
10,5,12,9,6,13,0.33333
10,5,12,9,10,5,0.28571
10,5,12,9,10,9,0.57143
10,5,12,9,10,15,0.14286
10,5,12,13,6,15,1
10,5,14,15,6,13,1
10,5,24,5,14,5,1
10,5,24,9,10,11,1
10,7,5,6,5,5,1
10,7,5,6,9,6,0.5
10,7,5,6,9,12,0.5
10,7,5,10,5,1,0.5
10,7,5,10,5,12,0.5
10,7,5,10,9,8,0.5
10,7,5,10,9,16,0.5
10,7,5,10,13,24,1
10,7,5,10,40,40,1
10,7,10,5,5,12,1
10,7,10,5,10,7,0.5
10,7,10,5,10,11,0.5
10,7,10,9,10,11,1
10,7,10,9,16,5,1
10,7,10,13,16,30,1
10,7,14,9,16,9,0.5
10,7,14,9,16,13,0.5
10,9,3,10,9,6,1
10,9,3,14,5,11,1
10,9,6,1,16,5,1
10,9,6,7,5,7,0.33333
10,9,6,7,5,10,0.33333
10,9,6,7,5,14,0.33333
10,9,6,7,10,5,1
10,9,6,11,6,5,0.33333
10,9,6,11,6,13,0.33333
10,9,6,11,6,26,0.33333
10,9,6,11,10,5,0.25
10,9,6,11,10,9,0.5
10,9,6,11,10,13,0.25
10,9,6,11,14,5,1
10,9,6,15,6,9,1
10,9,6,15,10,9,1
10,9,6,15,22,16,1
10,9,8,5,5,6,1
10,9,8,5,14,9,1
10,9,8,7,5,14,1
10,9,8,9,6,1,0.5
10,9,8,9,6,5,0.5
10,9,8,9,10,5,0.25
10,9,8,9,10,9,0.625
10,9,8,9,10,15,0.125
10,9,8,9,22,11,1
10,9,8,13,6,5,0.5
10,9,8,13,6,15,0.5
10,9,8,13,10,15,1
10,9,8,13,14,11,1
10,9,8,22,5,16,1
10,9,10,3,5,6,0.5
10,9,10,3,5,10,0.5
10,9,10,7,5,10,1
10,9,10,7,10,5,0.5
10,9,10,7,10,9,0.5
10,9,10,7,14,9,1
10,9,10,11,1,14,1
10,9,10,11,6,5,0.16667
10,9,10,11,6,9,0.5
10,9,10,11,6,13,0.33333
10,9,10,11,10,5,0.083333
10,9,10,11,10,9,0.80556
10,9,10,11,10,13,0.083333
10,9,10,11,10,22,0.027778
10,9,10,11,14,9,0.6
10,9,10,11,14,13,0.2
10,9,10,11,14,24,0.2
10,9,10,15,2,9,1
10,9,10,15,10,5,0.5
10,9,10,15,10,9,0.5
10,9,12,5,10,9,1
10,9,12,5,14,9,1
10,9,12,9,1,10,1
10,9,12,9,6,5,0.5
10,9,12,9,6,9,0.5
10,9,12,9,10,1,0.034483
10,9,12,9,10,5,0.034483
10,9,12,9,10,9,0.93103
10,9,12,9,14,11,0.33333
10,9,12,9,14,15,0.33333
10,9,12,9,14,24,0.33333
10,9,12,13,6,15,1
10,9,12,13,10,11,1
10,9,12,13,14,11,0.5
10,9,12,13,14,15,0.5
10,9,12,13,22,16,1
10,9,12,13,32,13,1
10,9,16,1,9,10,1
10,9,16,5,5,6,1
10,9,16,5,10,5,0.5
10,9,16,5,10,9,0.5
10,9,16,9,10,5,0.2
10,9,16,9,10,9,0.4
10,9,16,9,10,15,0.4
10,9,16,9,14,11,1
10,9,16,9,22,20,1
10,9,16,13,6,15,1
10,9,16,13,10,11,1
10,9,16,13,14,11,0.16667
10,9,16,13,14,15,0.66667
10,9,16,13,14,24,0.16667
10,9,16,22,5,12,0.5
10,9,16,22,5,28,0.5
10,9,16,30,28,22,1
10,9,20,5,5,2,1
10,9,24,1,5,6,1
10,9,24,1,14,9,1
10,9,24,5,22,11,1
10,9,24,9,2,13,1
10,9,24,9,6,5,0.5
10,9,24,9,6,9,0.5
10,9,24,9,24,13,1
10,9,24,30,40,13,1
10,11,1,14,9,12,1
10,11,6,5,5,6,0.5
10,11,6,5,5,10,0.25
10,11,6,5,5,16,0.25
10,11,6,5,10,5,1
10,11,6,5,14,7,1
10,11,6,9,6,20,1
10,11,6,9,10,11,0.6
10,11,6,9,10,15,0.4
10,11,6,13,6,7,0.33333
10,11,6,13,6,15,0.66667
10,11,6,13,16,9,1
10,11,10,5,5,12,1
10,11,10,5,10,7,0.25
10,11,10,5,10,11,0.5
10,11,10,5,10,15,0.25
10,11,10,9,6,1,0.125
10,11,10,9,6,11,0.625
10,11,10,9,6,15,0.25
10,11,10,9,10,7,0.15625
10,11,10,9,10,11,0.75
10,11,10,9,10,15,0.09375
10,11,10,9,16,9,0.75
10,11,10,9,16,13,0.25
10,11,10,13,2,15,1
10,11,10,13,12,9,1
10,11,10,22,7,10,1
10,11,14,5,10,11,1
10,11,14,9,1,16,1
10,11,14,9,12,9,0.5
10,11,14,9,12,13,0.5
10,11,14,9,16,1,1
10,11,14,13,12,9,1
10,11,14,13,16,5,0.2
10,11,14,13,16,9,0.2
10,11,14,13,16,13,0.6
10,11,14,18,15,30,1
10,11,14,24,9,10,1
10,11,40,40,40,5,1
10,13,2,15,6,13,1
10,13,4,7,5,18,1
10,13,6,7,14,5,1
10,13,6,11,6,5,1
10,13,6,11,10,9,1
10,13,6,11,14,9,1
10,13,6,15,18,1,1
10,13,8,5,5,6,1
10,13,8,9,14,24,1
10,13,12,9,6,13,1
10,13,12,9,10,9,0.66667
10,13,12,9,10,24,0.33333
10,13,12,9,14,11,0.33333
10,13,12,9,14,15,0.66667
10,13,12,13,10,11,1
10,13,12,13,14,7,0.5
10,13,12,13,14,11,0.5
10,13,12,18,24,13,1
10,13,12,22,16,18,1
10,13,12,22,24,14,1
10,13,16,5,5,10,1
10,13,16,5,22,15,1
10,13,16,9,10,9,1
10,13,16,9,14,15,1
10,13,16,13,14,7,0.16667
10,13,16,13,14,15,0.83333
10,13,16,13,18,11,1
10,13,16,13,22,7,1
10,13,16,18,9,16,1
10,13,16,30,40,40,1
10,13,20,18,1,9,1
10,13,20,18,13,16,1
10,13,20,18,36,30,1
10,13,24,9,11,15,1
10,13,24,9,14,1,1
10,13,24,13,14,15,1
10,13,24,13,24,13,1
10,13,24,14,20,13,1
10,13,24,22,24,22,1
10,13,28,9,22,15,1
10,15,2,9,10,11,0.5
10,15,2,9,10,24,0.5
10,15,2,9,22,11,1
10,15,6,1,5,10,1
10,15,6,9,6,5,1
10,15,6,13,6,7,1
10,15,10,1,9,12,1
10,15,10,5,5,6,1
10,15,10,5,10,7,1
10,15,10,5,14,15,1
10,15,10,9,6,15,1
10,15,10,9,10,11,1
10,15,10,9,16,9,1
10,15,10,13,6,7,0.5
10,15,10,13,6,11,0.5
10,15,10,13,12,9,1
10,15,10,13,16,5,0.25
10,15,10,13,16,9,0.25
10,15,10,13,16,13,0.5
10,15,10,40,40,40,1
10,15,12,2,28,12,1
10,15,14,5,5,8,1
10,15,14,9,6,15,1
10,15,14,9,12,9,0.33333
10,15,14,9,12,13,0.33333
10,15,14,9,12,22,0.33333
10,15,14,9,16,9,1
10,15,14,13,8,13,0.5
10,15,14,13,8,23,0.5
10,15,14,13,12,9,1
10,15,14,13,16,5,0.5
10,15,14,13,16,9,0.5
10,15,14,13,40,40,1
10,15,14,18,15,10,1
10,15,14,22,3,14,1
10,15,14,22,16,9,1
10,15,14,24,18,24,1
10,15,18,1,32,5,1
10,15,18,5,16,13,1
10,15,18,20,18,13,1
10,15,22,5,7,6,1
10,15,22,5,16,13,1
10,15,22,9,12,22,1
10,15,22,9,16,5,1
10,15,22,15,14,13,1
10,15,22,36,40,40,1
10,18,11,18,9,16,1
10,18,15,10,18,15,1
10,18,15,14,9,24,1
10,18,15,14,18,20,1
10,18,15,14,24,9,1
10,18,15,22,15,22,1
10,18,20,13,22,7,1
10,18,24,9,24,13,1
10,20,7,10,13,4,1
10,20,9,6,5,12,1
10,20,9,10,15,10,1
10,20,9,22,11,10,1
10,20,13,14,11,14,1
10,20,13,14,15,14,1
10,22,3,10,13,12,1
10,22,7,10,13,6,1
10,22,11,14,13,16,1
10,22,11,14,24,13,1
10,22,11,22,9,16,1
10,22,15,26,20,18,1
10,23,15,15,24,13,1
10,24,1,14,15,6,1
10,24,3,10,27,12,1
10,24,9,10,15,10,1
10,24,9,14,15,10,1
10,24,9,18,24,14,1
10,24,9,24,9,14,1
10,27,12,27,2,24,1
10,28,13,14,15,14,1
10,40,40,40,40,40,1
11,1,6,5,1,1,1
11,1,6,5,5,6,1
11,1,9,12,9,15,1
11,1,14,9,12,13,1
11,1,14,13,4,22,1
11,1,15,15,15,23,1
11,2,5,12,5,7,1
11,2,5,18,15,6,1
11,2,9,14,11,10,1
11,2,9,18,11,14,1
11,2,13,24,5,14,1
11,3,9,11,9,12,1
11,5,5,7,7,5,1
11,5,11,7,11,5,1
11,5,16,5,15,5,1
11,6,5,5,6,7,0.66667
11,6,5,5,6,11,0.16667
11,6,5,5,6,15,0.16667
11,6,5,5,10,7,0.66667
11,6,5,5,10,11,0.33333
11,6,5,5,16,13,1
11,6,5,10,5,7,0.5
11,6,5,10,5,12,0.5
11,6,5,10,15,22,1
11,6,5,14,7,14,1
11,6,5,14,11,10,1
11,6,9,6,11,6,1
11,6,9,6,20,13,1
11,6,9,10,11,10,1
11,6,9,10,15,10,0.5
11,6,9,10,15,14,0.5
11,6,13,6,7,14,1
11,6,13,6,11,6,1
11,6,13,6,15,6,0.5
11,6,13,6,15,10,0.5
11,6,13,10,15,10,1
11,6,13,16,9,10,1
11,6,22,7,6,22,1
11,6,26,11,10,9,1
11,7,5,5,7,7,1
11,7,9,7,11,15,1
11,7,11,5,5,7,1
11,9,3,15,9,12,1
11,9,11,11,7,5,1
11,9,12,5,11,5,1
11,9,12,9,11,9,1
11,9,12,13,15,11,1
11,9,16,9,11,9,1
11,10,5,5,6,11,1
11,10,5,5,12,5,1
11,10,5,5,16,9,1
11,10,5,10,7,5,1
11,10,5,10,11,6,0.33333
11,10,5,10,11,10,0.66667
11,10,5,10,15,2,0.5
11,10,5,10,15,22,0.5
11,10,9,6,1,16,1
11,10,9,6,7,10,1
11,10,9,6,11,6,0.28571
11,10,9,6,11,10,0.57143
11,10,9,6,11,14,0.14286
11,10,9,6,15,6,0.5
11,10,9,6,15,10,0.5
11,10,9,10,7,10,0.8
11,10,9,10,7,14,0.2
11,10,9,10,11,6,0.12121
11,10,9,10,11,10,0.81818
11,10,9,10,11,14,0.060606
11,10,9,10,15,2,0.33333
11,10,9,10,15,10,0.66667
11,10,9,16,1,9,1
11,10,9,16,9,10,0.66667
11,10,9,16,9,22,0.33333
11,10,9,16,13,14,1
11,10,9,24,1,5,1
11,10,13,2,15,6,1
11,10,13,12,9,10,0.66667
11,10,13,12,9,14,0.33333
11,10,13,12,18,24,1
11,10,13,12,22,16,1
11,10,13,16,13,14,1
11,10,13,20,18,13,1
11,10,13,24,9,14,1
11,10,13,24,14,20,1
11,10,13,28,9,22,1
11,10,18,15,10,18,1
11,10,18,24,9,24,1
11,10,22,3,10,13,1
11,10,22,7,10,13,1
11,10,22,11,14,13,0.5
11,10,22,11,14,24,0.5
11,10,24,3,10,27,1
11,10,28,13,14,15,1
11,11,1,9,12,9,1
11,11,5,11,7,11,1
11,11,7,5,5,7,1
11,14,1,14,11,10,0.5
11,14,1,14,11,14,0.5
11,14,1,14,15,22,1
11,14,1,14,24,9,1
11,14,5,5,8,5,1
11,14,5,10,7,10,1
11,14,5,10,11,6,1
11,14,9,1,16,13,1
11,14,9,6,15,14,1
11,14,9,12,9,10,1
11,14,9,12,13,14,1
11,14,9,16,1,9,1
11,14,9,16,9,14,1
11,14,9,16,13,24,0.5
11,14,9,16,13,40,0.5
11,14,9,16,22,9,1
11,14,12,28,12,28,1
11,14,13,2,24,14,1
11,14,13,8,13,2,1
11,14,13,12,9,10,1
11,14,13,12,13,14,0.66667
11,14,13,12,13,18,0.33333
11,14,13,16,5,14,1
11,14,13,16,9,10,0.5
11,14,13,16,9,18,0.5
11,14,13,16,13,10,0.375
11,14,13,16,13,14,0.625
11,14,13,16,18,9,1
11,14,13,16,22,15,1
11,14,13,24,13,14,0.5
11,14,13,24,13,24,0.5
11,14,13,32,40,40,1
11,14,18,3,22,16,1
11,14,18,7,14,13,1
11,14,18,15,14,9,1
11,14,18,15,30,7,1
11,14,22,3,9,14,1
11,14,22,3,10,23,1
11,14,22,16,13,24,1
11,14,22,24,30,28,1
11,14,24,9,10,5,1
11,14,24,13,14,15,0.5
11,14,24,13,14,24,0.5
11,15,7,13,7,15,1
11,15,9,16,9,11,1
11,15,11,1,15,15,1
11,15,11,19,11,15,1
11,15,15,24,13,15,1
11,15,22,9,16,13,1
11,15,23,7,19,13,1
11,18,1,16,13,14,1
11,18,9,16,13,22,1
11,18,40,9,22,24,1
11,18,40,40,40,40,1
11,19,2,20,9,7,1
11,19,11,15,23,7,1
11,19,15,15,24,23,1
11,19,20,23,16,13,1
11,22,1,16,13,14,1
11,22,5,20,13,14,1
11,22,9,16,5,14,1
11,22,9,16,9,18,0.5
11,22,9,16,9,22,0.5
11,22,9,16,13,22,1
11,22,9,16,18,20,1
11,22,9,20,9,10,1
11,22,9,24,14,28,1
11,22,15,14,24,22,1
11,22,15,22,15,14,0.5
11,22,15,22,15,22,0.5
11,22,15,22,28,26,1
11,22,15,30,7,30,1
11,22,16,1,14,24,1
11,22,16,13,24,13,1
11,22,20,13,14,15,1
11,22,28,30,32,40,1
11,23,3,14,13,16,1
11,23,15,15,9,12,1
11,26,11,26,28,30,1
11,26,11,30,32,30,1
11,26,28,30,32,26,1
11,28,11,10,24,3,1
11,28,11,28,11,10,1
11,30,32,30,24,14,1
11,40,40,40,5,22,1
11,40,40,40,40,8,0.5
11,40,40,40,40,40,0.5
12,1,5,10,5,12,1
12,1,5,14,5,24,1
12,1,9,10,15,10,1
12,1,9,22,24,18,1
12,1,22,1,7,2,1
12,2,28,12,28,5,1
12,5,1,6,1,1,1
12,5,1,6,13,8,1
12,5,1,18,1,11,1
12,5,5,2,9,8,1
12,5,5,6,5,7,0.4
12,5,5,6,5,12,0.4
12,5,5,6,5,16,0.2
12,5,5,6,9,8,0.5
12,5,5,6,9,12,0.5
12,5,5,6,15,14,1
12,5,5,10,5,7,0.4
12,5,5,10,5,12,0.6
12,5,5,10,11,6,0.5
12,5,5,10,11,10,0.5
12,5,5,10,40,40,1
12,5,5,14,7,5,0.5
12,5,5,14,7,10,0.5
12,5,5,14,40,40,1
12,5,7,2,13,12,1
12,5,10,1,5,12,1
12,5,10,5,5,12,1
12,5,10,5,12,9,1
12,5,10,9,8,5,0.2
12,5,10,9,8,9,0.6
12,5,10,9,8,13,0.2
12,5,10,9,12,9,0.66667
12,5,10,9,12,13,0.33333
12,5,10,9,16,22,1
12,5,10,9,24,1,1
12,5,10,13,8,9,1
12,5,11,5,16,5,1
12,5,11,9,16,9,1
12,5,14,9,12,5,1
12,5,14,20,18,13,1
12,5,14,40,30,24,1
12,5,22,28,9,22,1
12,7,1,10,20,7,1
12,9,1,10,11,14,1
12,9,6,1,9,16,1
12,9,6,5,5,12,1
12,9,6,5,12,5,1
12,9,6,9,12,5,0.4
12,9,6,9,12,9,0.6
12,9,6,13,8,9,1
12,9,6,13,16,22,1
12,9,10,1,11,10,1
12,9,10,1,16,13,1
12,9,10,5,7,6,0.5
12,9,10,5,7,10,0.5
12,9,10,5,12,5,0.66667
12,9,10,5,12,9,0.33333
12,9,10,9,8,5,0.125
12,9,10,9,8,9,0.375
12,9,10,9,8,13,0.375
12,9,10,9,8,22,0.125
12,9,10,9,12,5,0.078947
12,9,10,9,12,9,0.76316
12,9,10,9,12,13,0.15789
12,9,10,9,16,13,0.5
12,9,10,9,16,22,0.5
12,9,10,9,24,9,1
12,9,10,15,2,9,1
12,9,10,15,10,13,1
12,9,10,15,14,9,1
12,9,10,15,18,5,1
12,9,10,20,9,10,1
12,9,10,24,1,14,1
12,9,11,9,12,5,1
12,9,14,11,10,9,0.5
12,9,14,11,10,13,0.5
12,9,14,15,6,13,1
12,9,14,15,14,1,0.25
12,9,14,15,14,13,0.75
12,9,14,20,13,14,1
12,9,14,24,9,10,1
12,9,15,11,14,22,1
12,9,15,15,15,13,1
12,9,22,3,18,13,1
12,9,22,16,40,40,1
12,9,23,7,30,7,1
12,9,40,18,9,16,1
12,13,6,15,10,13,1
12,13,6,15,14,5,0.66667
12,13,6,15,14,9,0.33333
12,13,10,1,11,7,1
12,13,10,5,7,6,1
12,13,10,11,10,9,1
12,13,10,11,14,5,0.5
12,13,10,11,14,13,0.5
12,13,10,15,6,9,1
12,13,10,15,14,13,1
12,13,14,1,7,10,1
12,13,14,7,14,13,0.5
12,13,14,7,14,18,0.5
12,13,14,11,10,5,0.2
12,13,14,11,10,9,0.8
12,13,14,11,22,28,1
12,13,14,11,26,11,1
12,13,14,11,40,40,1
12,13,14,15,10,9,1
12,13,14,15,14,9,0.2
12,13,14,15,14,13,0.8
12,13,14,15,22,1,1
12,13,15,11,11,5,1
12,13,18,20,18,28,1
12,13,22,11,14,13,1
12,13,22,16,13,40,1
12,13,22,28,34,15,1
12,13,32,13,10,5,1
12,13,40,5,10,1,1
12,18,13,12,22,24,1
12,18,13,16,13,14,1
12,18,24,1,14,13,1
12,18,24,13,24,13,1
12,22,9,4,13,14,1
12,22,9,8,13,14,1
12,22,9,12,13,6,1
12,22,9,16,1,14,1
12,22,9,16,9,18,1
12,22,9,16,13,14,1
12,22,16,18,13,24,1
12,22,24,14,13,12,1
12,22,24,14,24,22,1
12,22,24,18,24,26,1
12,23,15,23,24,15,1
12,24,16,24,16,24,1
12,27,2,24,15,24,1
12,28,5,4,22,16,1
12,28,5,32,5,5,1
12,28,12,28,5,4,1
12,28,12,28,12,28,1
12,28,12,28,15,24,1
12,28,15,24,15,24,1
13,2,11,6,5,5,1
13,2,11,14,13,32,1
13,2,11,22,16,1,1
13,2,13,12,9,10,1
13,2,13,24,5,14,1
13,2,13,24,9,14,1
13,2,15,6,13,6,1
13,2,20,1,5,14,1
13,2,20,13,2,13,1
13,2,24,9,6,5,1
13,2,24,14,20,22,1
13,4,7,5,18,3,1
13,4,13,14,15,14,1
13,4,13,15,15,23,1
13,4,22,24,18,20,1
13,4,26,11,22,15,1
13,6,5,1,12,5,1
13,6,5,7,6,5,1
13,6,5,7,14,5,0.6
13,6,5,7,14,9,0.2
13,6,5,7,14,13,0.2
13,6,5,16,5,5,1
13,6,5,16,13,6,1
13,6,7,5,2,9,1
13,6,7,5,6,5,0.88889
13,6,7,5,6,13,0.11111
13,6,7,5,14,15,1
13,6,7,5,22,1,1
13,6,7,10,9,6,1
13,6,7,14,5,5,0.75
13,6,7,14,5,10,0.25
13,6,7,14,13,8,1
13,6,9,12,1,9,1
13,6,9,16,9,18,1
13,6,11,6,5,5,0.5
13,6,11,6,5,10,0.5
13,6,11,10,9,16,1
13,6,11,14,1,14,1
13,6,11,14,9,6,1
13,6,15,6,5,5,0.28571
13,6,15,6,5,14,0.71429
13,6,15,6,13,16,1
13,6,15,10,9,10,1
13,6,15,10,13,6,1
13,6,15,10,18,15,1
13,6,15,14,5,5,0.16667
13,6,15,14,5,16,0.83333
13,6,15,14,9,12,0.66667
13,6,15,14,9,16,0.33333
13,6,15,14,13,2,0.11111
13,6,15,14,13,8,0.11111
13,6,15,14,13,12,0.11111
13,6,15,14,13,16,0.66667
13,6,15,14,24,13,1
13,6,15,15,5,16,1
13,6,15,18,1,16,1
13,6,15,22,9,4,0.5
13,6,15,22,9,24,0.5
13,6,24,5,14,5,1
13,7,5,16,5,5,1
13,7,5,16,13,7,1
13,7,5,24,22,15,1
13,7,6,11,10,5,1
13,7,6,11,19,2,1
13,7,15,11,9,11,1
13,7,15,15,13,12,1
13,8,5,5,6,5,0.33333
13,8,5,5,6,9,0.33333
13,8,5,5,6,15,0.33333
13,8,5,5,14,7,1
13,8,5,5,24,13,1
13,8,5,10,5,5,1
13,8,5,10,9,8,0.5
13,8,5,10,9,20,0.5
13,8,5,14,15,6,0.5
13,8,5,14,15,14,0.5
13,8,7,1,22,3,1
13,8,9,6,13,12,1
13,8,9,10,15,10,0.5
13,8,9,10,15,14,0.5
13,8,9,14,24,14,1
13,8,9,22,11,14,1
13,8,13,2,24,9,1
13,8,13,6,5,7,0.8
13,8,13,6,5,16,0.2
13,8,13,6,15,14,1
13,8,13,7,5,16,1
13,8,13,10,5,12,1
13,8,13,14,7,5,0.16667
13,8,13,14,7,14,0.83333
13,8,13,14,15,10,0.25
13,8,13,14,15,14,0.75
13,8,13,24,13,14,1
13,8,18,1,16,13,1
13,8,22,5,7,6,1
13,8,22,36,18,24,1
13,8,23,15,19,9,1
13,10,1,11,7,9,1
13,10,5,7,6,5,0.5
13,10,5,7,6,18,0.5
13,10,5,12,9,10,1
13,10,11,6,5,5,0.66667
13,10,11,6,5,10,0.33333
13,10,11,10,9,6,0.2
13,10,11,10,9,10,0.8
13,10,11,14,5,10,1
13,10,11,14,9,16,1
13,10,11,14,13,12,0.33333
13,10,11,14,13,16,0.66667
13,10,15,6,9,6,1
13,10,15,10,9,6,1
13,10,15,10,13,6,0.25
13,10,15,10,13,16,0.75
13,10,15,10,40,40,1
13,10,15,14,9,12,1
13,10,15,14,13,16,1
13,10,15,14,18,15,1
13,10,15,14,22,3,0.5
13,10,15,14,22,16,0.5
13,10,15,18,1,32,1
13,10,15,18,20,18,1
13,10,15,22,9,16,1
13,10,15,22,15,14,1
13,10,20,9,22,11,1
13,10,20,13,14,15,1
13,10,24,9,14,15,1
13,10,24,9,18,24,1
13,10,24,9,24,9,1
13,11,15,11,19,11,1
13,12,1,9,10,15,1
13,12,5,1,18,1,1
13,12,7,1,10,20,1
13,12,9,6,13,16,1
13,12,9,10,9,8,0.25
13,12,9,10,9,12,0.5
13,12,9,10,9,16,0.25
13,12,9,10,15,2,0.5
13,12,9,10,15,10,0.5
13,12,9,10,24,1,1
13,12,9,14,11,10,1
13,12,9,14,15,6,0.33333
13,12,9,14,15,14,0.66667
13,12,9,14,20,13,1
13,12,9,23,7,30,1
13,12,13,10,11,14,1
13,12,13,10,15,6,0.5
13,12,13,10,15,14,0.5
13,12,13,14,1,7,1
13,12,13,14,7,14,1
13,12,13,14,11,22,1
13,12,13,14,15,14,1
13,12,13,18,20,18,1
13,12,13,22,11,14,1
13,12,13,22,28,34,1
13,12,13,40,5,10,1
13,12,18,13,12,22,1
13,12,18,13,16,13,1
13,12,18,24,1,14,1
13,12,18,24,13,24,1
13,12,22,9,12,13,1
13,12,22,9,16,9,0.5
13,12,22,9,16,13,0.5
13,12,22,16,18,13,1
13,12,22,24,14,13,0.5
13,12,22,24,14,24,0.5
13,14,1,7,10,1,1
13,14,3,16,13,7,1
13,14,7,5,6,5,0.66667
13,14,7,5,6,13,0.33333
13,14,7,5,10,9,1
13,14,7,5,15,15,1
13,14,7,10,9,16,1
13,14,7,10,13,12,1
13,14,7,14,5,16,1
13,14,7,14,9,1,1
13,14,7,14,13,2,0.1
13,14,7,14,13,8,0.1
13,14,7,14,13,16,0.5
13,14,7,14,13,24,0.2
13,14,7,14,13,32,0.1
13,14,7,14,18,3,1
13,14,7,14,24,13,0.5
13,14,7,14,24,22,0.5
13,14,7,22,5,24,1
13,14,7,22,15,14,1
13,14,11,10,5,5,0.25
13,14,11,10,5,10,0.75
13,14,11,10,9,6,0.16667
13,14,11,10,9,10,0.66667
13,14,11,10,9,24,0.16667
13,14,11,10,22,11,1
13,14,11,14,5,10,1
13,14,11,14,18,7,1
13,14,11,14,24,13,1
13,14,11,18,40,40,1
13,14,11,22,5,20,1
13,14,11,22,9,16,0.66667
13,14,11,22,9,20,0.33333
13,14,11,22,28,30,1
13,14,11,26,11,30,1
13,14,11,40,40,40,1
13,14,15,2,9,14,1
13,14,15,6,5,14,1
13,14,15,6,9,24,1
13,14,15,6,13,16,1
13,14,15,6,22,11,1
13,14,15,10,9,6,0.125
13,14,15,10,9,10,0.25
13,14,15,10,9,16,0.5
13,14,15,10,9,24,0.125
13,14,15,10,13,12,0.16667
13,14,15,10,13,16,0.5
13,14,15,10,13,20,0.33333
13,14,15,10,18,15,1
13,14,15,10,22,11,0.5
13,14,15,10,22,15,0.5
13,14,15,14,1,1,1
13,14,15,14,5,16,1
13,14,15,14,9,12,0.57143
13,14,15,14,9,20,0.14286
13,14,15,14,9,24,0.28571
13,14,15,14,13,2,0.0076923
13,14,15,14,13,8,0.061538
13,14,15,14,13,12,0.038462
13,14,15,14,13,16,0.77692
13,14,15,14,13,20,0.015385
13,14,15,14,13,24,0.1
13,14,15,14,18,3,0.25
13,14,15,14,18,15,0.25
13,14,15,14,18,20,0.25
13,14,15,14,18,24,0.25
13,14,15,14,22,3,0.5
13,14,15,14,22,7,0.5
13,14,15,14,24,13,0.66667
13,14,15,14,24,22,0.33333
13,14,15,15,13,16,1
13,14,15,18,20,22,1
13,14,15,22,1,16,1
13,14,15,22,5,16,1
13,14,15,22,15,14,0.77778
13,14,15,22,15,22,0.22222
13,14,15,22,24,13,0.5
13,14,15,22,24,22,0.5
13,14,15,26,1,16,1
13,14,20,1,14,5,0.33333
13,14,20,1,14,13,0.66667
13,14,20,9,14,15,0.66667
13,14,20,9,14,20,0.33333
13,14,20,9,22,15,1
13,14,20,13,2,13,1
13,14,20,13,10,20,1
13,14,24,1,14,13,1
13,14,24,5,14,15,0.5
13,14,24,5,14,24,0.5
13,14,24,9,22,11,1
13,14,24,9,28,9,1
13,14,24,13,10,24,1
13,14,24,13,14,15,1
13,14,24,13,24,13,1
13,14,24,13,28,1,0.5
13,14,24,13,28,9,0.5
13,14,24,22,15,14,0.66667
13,14,24,22,15,22,0.33333
13,14,24,22,24,13,0.5
13,14,24,22,24,22,0.5
13,14,24,26,32,26,1
13,15,7,11,19,15,1
13,15,11,11,1,9,1
13,15,11,11,5,11,1
13,15,15,14,13,16,1
13,15,15,15,13,16,0.875
13,15,15,15,13,20,0.125
13,15,15,23,15,15,1
13,15,20,1,15,13,1
13,16,1,14,24,5,0.5
13,16,1,14,24,18,0.5
13,16,5,5,6,5,1
13,16,5,5,10,11,1
13,16,5,10,1,16,1
13,16,5,11,9,12,1
13,16,5,14,5,7,0.66667
13,16,5,14,5,16,0.33333
13,16,5,14,15,6,0.23077
13,16,5,14,15,14,0.69231
13,16,5,14,15,22,0.076923
13,16,5,22,7,5,1
13,16,5,22,15,14,1
13,16,9,6,13,12,1
13,16,9,10,5,7,0.5
13,16,9,10,5,12,0.5
13,16,9,10,9,12,1
13,16,9,10,15,10,1
13,16,9,14,11,18,0.5
13,16,9,14,11,40,0.5
13,16,9,14,15,14,1
13,16,9,14,20,13,1
13,16,9,15,24,9,1
13,16,9,18,15,14,1
13,16,9,22,3,14,1
13,16,9,22,11,10,0.25
13,16,9,22,11,14,0.75
13,16,9,22,36,40,1
13,16,9,28,9,14,1
13,16,13,2,13,24,1
13,16,13,6,15,6,0.1
13,16,13,6,15,10,0.1
13,16,13,6,15,14,0.7
13,16,13,6,15,22,0.1
13,16,13,7,15,15,1
13,16,13,10,15,10,0.42857
13,16,13,10,15,14,0.28571
13,16,13,10,15,22,0.28571
13,16,13,10,24,9,1
13,16,13,14,7,14,0.83333
13,16,13,14,7,22,0.16667
13,16,13,14,11,10,0.6
13,16,13,14,11,22,0.4
13,16,13,14,15,6,0.030928
13,16,13,14,15,10,0.082474
13,16,13,14,15,14,0.78351
13,16,13,14,15,15,0.020619
13,16,13,14,15,18,0.010309
13,16,13,14,15,22,0.072165
13,16,13,14,20,1,0.5
13,16,13,14,20,9,0.5
13,16,13,14,24,13,0.8
13,16,13,14,24,22,0.2
13,16,13,15,15,14,0.14286
13,16,13,15,15,15,0.71429
13,16,13,15,15,23,0.14286
13,16,13,18,11,14,1
13,16,13,18,15,14,1
13,16,13,18,24,9,1
13,16,13,22,3,14,1
13,16,13,22,7,14,0.5
13,16,13,22,7,22,0.5
13,16,13,24,5,14,1
13,16,13,24,13,7,0.071429
13,16,13,24,13,14,0.71429
13,16,13,24,13,24,0.21429
13,16,13,24,18,1,1
13,16,13,24,22,15,0.66667
13,16,13,24,22,24,0.33333
13,16,18,1,9,16,1
13,16,18,1,16,13,0.75
13,16,18,1,16,18,0.25
13,16,18,1,24,1,1
13,16,18,9,16,22,1
13,16,18,9,20,9,1
13,16,18,13,4,13,1
13,16,18,13,16,1,1
13,16,19,1,16,13,1
13,16,22,1,16,13,1
13,16,22,15,14,5,0.10526
13,16,22,15,14,13,0.78947
13,16,22,15,14,18,0.052632
13,16,22,15,14,24,0.052632
13,16,22,15,22,15,1
13,16,22,20,1,14,1
13,16,22,20,22,28,1
13,16,22,24,13,14,1
13,16,23,24,13,15,1
13,16,30,40,40,22,1
13,18,11,14,13,16,1
13,18,15,14,18,20,1
13,18,20,1,14,20,1
13,18,20,18,28,30,1
13,18,24,9,14,11,1
13,20,1,18,1,16,1
13,20,9,14,15,10,1
13,20,13,18,20,1,1
13,20,18,1,9,16,1
13,20,18,13,16,18,1
13,20,18,36,30,36,1
13,20,22,24,5,22,1
13,20,23,9,16,13,1
13,22,3,14,5,16,1
13,22,3,14,13,16,1
13,22,7,10,13,12,1
13,22,7,14,13,20,1
13,22,7,14,24,18,1
13,22,7,22,16,13,0.5
13,22,7,22,16,18,0.5
13,22,11,2,9,14,0.5
13,22,11,2,9,18,0.5
13,22,11,2,13,24,1
13,22,11,10,13,16,0.5
13,22,11,10,13,24,0.5
13,22,11,14,9,6,0.5
13,22,11,14,9,16,0.5
13,22,11,14,13,12,0.5
13,22,11,14,13,16,0.5
13,22,16,9,14,11,1
13,22,16,13,40,40,1
13,22,16,18,9,16,1
13,22,16,18,20,18,0.5
13,22,16,18,20,22,0.5
13,22,16,22,28,22,1
13,22,28,34,15,14,1
13,24,1,5,6,5,1
13,24,1,9,19,7,1
13,24,1,14,13,8,1
13,24,1,18,1,16,1
13,24,5,14,11,10,1
13,24,5,14,15,10,0.2
13,24,5,14,15,14,0.8
13,24,9,2,13,16,1
13,24,9,6,15,14,1
13,24,9,10,15,22,1
13,24,9,11,15,22,1
13,24,9,14,1,16,0.5
13,24,9,14,1,20,0.5
13,24,9,22,20,9,1
13,24,9,28,13,14,1
13,24,13,7,5,24,1
13,24,13,14,7,5,1
13,24,13,14,11,22,1
13,24,13,14,15,2,0.041667
13,24,13,14,15,14,0.83333
13,24,13,14,15,22,0.083333
13,24,13,14,15,26,0.041667
13,24,13,14,20,9,1
13,24,13,14,24,1,0.125
13,24,13,14,24,5,0.125
13,24,13,14,24,9,0.125
13,24,13,14,24,13,0.5
13,24,13,14,24,22,0.125
13,24,13,15,15,23,1
13,24,13,22,11,2,0.5
13,24,13,22,11,10,0.5
13,24,13,22,16,18,1
13,24,13,24,9,28,1
13,24,13,24,13,14,0.28571
13,24,13,24,13,15,0.14286
13,24,13,24,13,22,0.28571
13,24,13,24,13,24,0.28571
13,24,13,24,18,20,0.5
13,24,13,24,18,24,0.5
13,24,13,24,22,16,1
13,24,13,32,5,22,1
13,24,14,20,13,10,1
13,24,14,40,40,40,1
13,24,18,1,16,13,1
13,24,18,1,24,18,1
13,24,18,20,13,24,1
13,24,18,24,9,22,1
13,24,18,24,14,20,1
13,24,22,9,16,22,1
13,24,22,15,14,13,0.8
13,24,22,15,14,24,0.2
13,24,22,16,13,24,1
13,24,22,24,13,14,1
13,24,22,24,22,28,1
13,24,22,40,40,40,1
13,24,23,15,23,15,1
13,24,30,40,40,40,1
13,28,1,14,13,16,1
13,28,9,22,7,22,1
13,28,9,22,15,18,0.5
13,28,9,22,15,26,0.5
13,28,9,28,9,28,1
13,28,26,28,26,24,1
13,32,5,22,24,26,1
13,32,9,22,24,18,1
13,32,13,10,5,7,1
13,32,13,14,15,14,1
13,32,40,40,40,40,1
13,36,34,40,40,34,1
13,40,5,10,1,5,1
13,40,40,13,24,13,1
13,40,40,40,40,40,1
14,1,1,5,8,13,1
14,1,7,10,1,5,1
14,1,11,6,13,6,1
14,1,11,14,13,8,1
14,1,14,11,10,5,0.5
14,1,14,11,10,13,0.5
14,1,14,11,14,1,1
14,1,14,15,22,9,1
14,1,14,24,9,2,1
14,1,16,18,13,12,0.5
14,1,16,18,13,16,0.5
14,1,16,22,5,16,1
14,1,20,9,6,13,1
14,3,16,13,7,6,1
14,5,1,16,9,14,1
14,5,5,8,5,1,0.055556
14,5,5,8,5,5,0.77778
14,5,5,8,5,14,0.16667
14,5,5,8,13,6,1
14,5,5,16,5,5,0.75
14,5,5,16,5,10,0.25
14,5,5,24,1,5,1
14,5,7,6,5,5,0.93333
14,5,7,6,5,10,0.066667
14,5,7,6,13,6,1
14,5,7,6,26,3,1
14,5,7,10,9,10,0.33333
14,5,7,10,9,16,0.33333
14,5,7,10,9,24,0.33333
14,5,7,14,13,8,1
14,5,10,7,5,6,1
14,5,10,7,10,9,1
14,5,10,11,6,9,1
14,5,10,11,10,5,1
14,5,10,11,14,18,1
14,5,11,3,9,11,1
14,5,12,9,10,9,1
14,5,12,9,22,3,1
14,5,16,5,5,6,1
14,5,16,5,14,5,0.4
14,5,16,5,14,9,0.2
14,5,16,5,14,15,0.4
14,5,16,9,10,9,1
14,5,16,9,14,1,0.33333
14,5,16,9,14,11,0.66667
14,5,16,13,6,5,0.25
14,5,16,13,6,15,0.75
14,5,16,13,10,11,1
14,5,16,13,14,7,0.4
14,5,16,13,14,15,0.6
14,5,16,34,15,14,1
14,5,24,1,5,14,1
14,5,24,5,5,6,1
14,5,24,13,14,24,1
14,7,5,6,1,9,1
14,7,5,6,5,5,0.8
14,7,5,6,5,16,0.2
14,7,5,6,9,12,1
14,7,5,6,13,8,0.5
14,7,5,6,13,16,0.5
14,7,5,10,9,8,1
14,7,5,14,5,7,1
14,7,5,15,15,15,1
14,7,10,5,10,7,1
14,7,10,9,10,11,1
14,7,10,9,16,13,1
14,7,10,13,12,13,1
14,7,14,5,5,8,0.71429
14,7,14,5,5,16,0.28571
14,7,14,5,10,11,1
14,7,14,5,16,5,0.66667
14,7,14,5,16,13,0.33333
14,7,14,9,1,16,1
14,7,14,13,2,11,1
14,7,14,13,8,13,1
14,7,14,13,16,5,0.2
14,7,14,13,16,13,0.8
14,7,14,13,24,1,0.5
14,7,14,13,24,9,0.5
14,7,14,13,32,13,1
14,7,14,18,3,14,0.5
14,7,14,18,3,22,0.5
14,7,14,24,13,14,1
14,7,14,24,22,15,1
14,7,22,5,24,9,1
14,7,22,15,14,5,0.5
14,7,22,15,14,24,0.5
14,9,1,16,5,14,1
14,9,1,16,13,14,1
14,9,6,15,2,13,1
14,9,6,15,14,9,0.5
14,9,6,15,14,13,0.5
14,9,8,5,10,5,1
14,9,12,5,5,6,1
14,9,12,5,10,9,0.66667
14,9,12,5,10,13,0.33333
14,9,12,9,10,9,0.83333
14,9,12,9,10,15,0.16667
14,9,12,13,6,15,1
14,9,12,13,10,11,1
14,9,12,13,14,7,0.11111
14,9,12,13,14,11,0.55556
14,9,12,13,14,15,0.33333
14,9,12,22,24,18,1
14,9,16,1,9,10,1
14,9,16,1,14,5,1
14,9,16,9,6,5,1
14,9,16,9,10,15,1
14,9,16,9,14,11,0.5
14,9,16,9,14,15,0.5
14,9,16,13,6,15,1
14,9,16,13,14,11,1
14,9,16,13,24,22,1
14,9,16,13,40,40,1
14,9,16,22,9,16,1
14,9,20,13,14,15,1
14,9,24,18,9,24,1
14,9,24,18,13,12,1
14,9,24,40,40,40,1
14,11,1,6,5,5,1
14,11,1,14,13,4,1
14,11,6,13,10,15,1
14,11,10,5,5,6,0.33333
14,11,10,5,5,12,0.33333
14,11,10,5,5,16,0.33333
14,11,10,5,10,7,0.25
14,11,10,5,10,11,0.75
14,11,10,9,6,11,1
14,11,10,9,10,11,1
14,11,10,9,24,1,1
14,11,10,13,12,9,0.5
14,11,10,13,12,18,0.5
14,11,10,13,20,18,1
14,11,10,13,24,9,1
14,11,10,22,3,10,1
14,11,10,22,11,14,1
14,11,14,1,14,24,1
14,11,14,5,10,7,1
14,11,14,9,16,9,0.5
14,11,14,9,16,13,0.5
14,11,14,13,12,13,1
14,11,14,18,7,14,1
14,11,14,18,15,14,1
14,11,14,22,16,13,1
14,11,14,22,24,30,1
14,11,14,24,13,14,1
14,11,18,40,9,22,1
14,11,18,40,40,40,1
14,11,22,5,20,13,1
14,11,22,9,16,5,0.25
14,11,22,9,16,9,0.5
14,11,22,9,16,13,0.25
14,11,22,9,20,9,1
14,11,22,28,30,32,1
14,11,26,11,30,32,1
14,11,40,40,40,40,1
14,12,28,12,28,12,1
14,13,2,11,6,5,1
14,13,2,11,14,13,1
14,13,2,11,22,16,1
14,13,2,20,13,2,1
14,13,2,24,14,20,1
14,13,4,22,24,18,1
14,13,8,5,5,6,0.25
14,13,8,5,5,14,0.5
14,13,8,5,5,24,0.25
14,13,8,5,10,5,1
14,13,8,5,14,15,1
14,13,8,9,10,15,1
14,13,8,9,22,11,1
14,13,8,13,2,24,1
14,13,8,13,6,5,0.66667
14,13,8,13,6,15,0.33333
14,13,8,13,10,5,1
14,13,8,13,14,7,0.6
14,13,8,13,14,15,0.4
14,13,8,13,24,13,1
14,13,8,18,1,16,1
14,13,8,22,36,18,1
14,13,8,23,15,19,1
14,13,12,1,9,10,1
14,13,12,9,10,9,0.66667
14,13,12,9,10,15,0.33333
14,13,12,9,14,15,0.5
14,13,12,9,14,20,0.5
14,13,12,13,10,15,1
14,13,12,13,14,1,0.5
14,13,12,13,14,15,0.5
14,13,12,13,18,20,1
14,13,12,18,13,12,0.5
14,13,12,18,13,16,0.5
14,13,12,18,24,1,1
14,13,12,22,9,12,0.33333
14,13,12,22,9,16,0.66667
14,13,16,5,5,6,1
14,13,16,5,14,5,0.2
14,13,16,5,14,15,0.8
14,13,16,5,22,7,1
14,13,16,9,6,13,1
14,13,16,9,10,5,1
14,13,16,9,14,11,1
14,13,16,9,18,15,1
14,13,16,9,22,11,0.75
14,13,16,9,22,36,0.25
14,13,16,9,28,9,1
14,13,16,13,2,13,1
14,13,16,13,6,15,1
14,13,16,13,10,15,0.85714
14,13,16,13,10,24,0.14286
14,13,16,13,14,7,0.048077
14,13,16,13,14,11,0.048077
14,13,16,13,14,15,0.78846
14,13,16,13,14,20,0.019231
14,13,16,13,14,24,0.096154
14,13,16,13,18,11,0.33333
14,13,16,13,18,15,0.33333
14,13,16,13,18,24,0.33333
14,13,16,13,22,3,1
14,13,16,13,24,5,0.0625
14,13,16,13,24,13,0.6875
14,13,16,13,24,18,0.0625
14,13,16,13,24,22,0.1875
14,13,16,18,1,9,0.16667
14,13,16,18,1,16,0.66667
14,13,16,18,1,24,0.16667
14,13,16,18,9,20,1
14,13,16,18,13,16,1
14,13,16,22,15,14,0.9
14,13,16,22,15,22,0.1
14,13,16,22,20,1,1
14,13,16,22,24,13,1
14,13,20,1,18,1,1
14,13,20,9,14,15,1
14,13,20,13,18,20,1
14,13,20,22,24,5,1
14,13,24,1,14,13,1
14,13,24,1,18,1,1
14,13,24,5,14,15,1
14,13,24,9,2,13,1
14,13,24,9,10,15,1
14,13,24,9,22,20,1
14,13,24,13,14,15,0.66667
14,13,24,13,14,24,0.33333
14,13,24,13,24,13,0.5
14,13,24,13,24,18,0.5
14,13,24,22,15,14,1
14,13,28,1,14,13,1
14,13,32,13,14,15,1
14,13,32,40,40,40,1
14,13,40,40,40,40,1
14,15,2,9,14,11,1
14,15,2,18,15,2,1
14,15,3,22,15,3,1
14,15,6,5,5,6,0.77778
14,15,6,5,5,16,0.22222
14,15,6,5,14,7,1
14,15,6,9,10,7,1
14,15,6,9,14,11,1
14,15,6,9,24,9,1
14,15,6,13,6,7,1
14,15,6,13,10,15,1
14,15,6,13,16,5,0.36364
14,15,6,13,16,9,0.090909
14,15,6,13,16,13,0.45455
14,15,6,13,16,22,0.090909
14,15,6,13,24,5,1
14,15,6,22,11,14,1
14,15,7,6,13,8,1
14,15,7,6,24,7,1
14,15,7,14,15,7,1
14,15,7,26,11,28,1
14,15,10,9,6,11,1
14,15,10,9,10,7,0.33333
14,15,10,9,10,11,0.66667
14,15,10,9,16,9,0.5
14,15,10,9,16,13,0.5
14,15,10,9,24,5,0.5
14,15,10,9,24,9,0.5
14,15,10,13,6,11,1
14,15,10,13,12,9,0.33333
14,15,10,13,12,13,0.66667
14,15,10,13,16,9,0.2
14,15,10,13,16,13,0.6
14,15,10,13,16,18,0.2
14,15,10,13,20,18,1
14,15,10,13,24,22,1
14,15,10,18,15,14,1
14,15,10,22,11,14,0.5
14,15,10,22,11,22,0.5
14,15,10,22,15,26,1
14,15,14,1,1,5,1
14,15,14,1,14,11,1
14,15,14,5,5,8,1
14,15,14,5,16,9,0.11111
14,15,14,5,16,13,0.88889
14,15,14,9,12,5,0.16667
14,15,14,9,12,9,0.16667
14,15,14,9,12,13,0.66667
14,15,14,9,20,13,1
14,15,14,9,24,18,1
14,15,14,13,2,20,1
14,15,14,13,8,5,0.23077
14,15,14,13,8,9,0.15385
14,15,14,13,8,13,0.53846
14,15,14,13,8,18,0.076923
14,15,14,13,12,9,0.2
14,15,14,13,12,13,0.2
14,15,14,13,12,22,0.6
14,15,14,13,16,5,0.052174
14,15,14,13,16,9,0.017391
14,15,14,13,16,13,0.8
14,15,14,13,16,18,0.026087
14,15,14,13,16,22,0.10435
14,15,14,13,20,13,0.5
14,15,14,13,20,22,0.5
14,15,14,13,24,1,0.0625
14,15,14,13,24,5,0.125
14,15,14,13,24,9,0.125
14,15,14,13,24,13,0.5625
14,15,14,13,24,22,0.125
14,15,14,18,3,14,1
14,15,14,18,15,14,1
14,15,14,18,20,13,1
14,15,14,18,24,14,1
14,15,14,22,3,14,1
14,15,14,22,7,18,0.5
14,15,14,22,7,22,0.5
14,15,14,24,13,14,1
14,15,14,24,22,15,1
14,15,15,13,16,9,0.33333
14,15,15,13,16,13,0.33333
14,15,15,13,16,19,0.33333
14,15,18,20,22,24,1
14,15,22,1,12,22,1
14,15,22,1,16,13,1
14,15,22,5,16,9,0.33333
14,15,22,5,16,13,0.66667
14,15,22,9,4,13,1
14,15,22,15,10,22,1
14,15,22,15,14,13,1
14,15,22,15,22,15,1
14,15,22,24,13,14,1
14,15,22,24,22,24,1
14,15,26,1,16,13,1
14,18,3,14,13,12,0.33333
14,18,3,14,13,16,0.33333
14,18,3,14,13,20,0.33333
14,18,3,22,15,14,1
14,18,3,22,16,18,1
14,18,7,14,13,12,1
14,18,15,10,18,20,1
14,18,15,14,9,16,1
14,18,15,14,13,16,1
14,18,15,30,7,40,1
14,18,20,13,22,16,1
14,18,20,18,24,14,1
14,18,20,22,9,16,1
14,18,24,14,13,16,1
14,20,1,14,5,16,1
14,20,1,14,13,8,0.5
14,20,1,14,13,16,0.5
14,20,1,22,15,14,1
14,20,1,22,24,22,1
14,20,9,10,15,10,1
14,20,9,14,15,14,1
14,20,9,14,20,13,1
14,20,9,22,1,24,1
14,20,9,22,15,18,1
14,20,13,2,13,24,1
14,20,13,10,20,9,1
14,20,13,10,24,9,1
14,20,13,14,11,18,1
14,20,13,14,15,10,1
14,20,13,14,20,1,1
14,20,13,14,24,26,1
14,20,18,13,4,26,1
14,20,22,1,16,22,1
14,20,22,16,22,24,1
14,20,22,20,13,22,1
14,20,22,24,34,28,1
14,22,3,9,14,11,1
14,22,3,10,23,15,1
14,22,3,14,13,8,0.5
14,22,3,14,13,24,0.5
14,22,7,18,13,16,1
14,22,7,22,5,16,1
14,22,16,9,10,20,1
14,22,16,13,24,22,1
14,22,24,30,28,9,1
14,23,4,18,19,4,1
14,24,1,9,22,11,1
14,24,1,14,13,16,1
14,24,1,18,24,9,1
14,24,5,10,5,7,1
14,24,5,10,15,14,1
14,24,5,14,15,14,1
14,24,5,14,20,9,1
14,24,5,14,24,13,1
14,24,9,2,13,16,1
14,24,9,10,5,12,1
14,24,9,10,9,12,1
14,24,9,14,15,6,0.33333
14,24,9,14,15,10,0.33333
14,24,9,14,15,22,0.33333
14,24,9,22,11,10,1
14,24,9,28,9,14,1
14,24,13,10,24,9,1
14,24,13,14,15,10,0.04
14,24,13,14,15,14,0.72
14,24,13,14,15,22,0.2
14,24,13,14,15,26,0.04
14,24,13,14,24,13,1
14,24,13,22,11,2,1
14,24,13,24,13,14,1
14,24,13,28,1,14,1
14,24,13,28,9,22,1
14,24,14,20,22,20,1
14,24,18,9,16,13,1
14,24,18,24,5,14,1
14,24,18,24,13,10,1
14,24,18,24,22,9,1
14,24,22,15,14,13,0.75
14,24,22,15,14,24,0.25
14,24,22,15,22,15,0.5
14,24,22,15,22,24,0.5
14,24,22,24,13,14,0.5
14,24,22,24,13,28,0.5
14,24,22,24,18,13,1
14,24,22,24,22,24,1
14,24,22,32,22,24,1
14,24,26,32,26,11,1
14,24,40,40,40,40,1
14,28,30,28,22,24,1
14,40,30,24,18,9,1
14,40,40,40,26,36,1
14,40,40,40,40,40,1
15,2,9,10,11,10,1
15,2,9,10,24,9,1
15,2,9,14,11,10,1
15,2,9,22,11,14,1
15,2,9,22,16,13,1
15,2,13,10,11,14,1
15,2,13,14,7,14,1
15,2,18,15,2,9,1
15,2,22,1,7,14,1
15,3,14,23,4,18,1
15,3,22,15,3,14,1
15,5,5,8,5,15,1
15,5,7,7,5,5,1
15,5,16,9,11,15,1
15,5,16,13,15,15,1
15,6,1,5,10,7,1
15,6,5,1,10,15,1
15,6,5,5,6,7,0.82353
15,6,5,5,6,15,0.058824
15,6,5,5,6,24,0.11765
15,6,5,5,16,5,0.8
15,6,5,5,16,13,0.2
15,6,5,14,7,5,0.5
15,6,5,14,7,10,0.125
15,6,5,14,7,14,0.375
15,6,5,14,15,6,1
15,6,9,6,5,12,1
15,6,9,10,7,10,1
15,6,9,10,15,14,1
15,6,9,14,11,22,1
15,6,9,24,9,14,1
15,6,13,6,7,5,1
15,6,13,6,11,14,1
15,6,13,6,15,6,1
15,6,13,10,15,14,0.5
15,6,13,10,15,18,0.5
15,6,13,16,5,14,1
15,6,13,16,9,22,1
15,6,13,16,13,6,0.33333
15,6,13,16,13,14,0.66667
15,6,13,16,22,1,1
15,6,13,24,5,14,1
15,6,22,11,14,1,1
15,6,24,1,3,14,1
15,7,6,13,8,7,1
15,7,6,24,7,1,1
15,7,11,19,15,15,1
15,7,13,7,15,11,1
15,7,14,15,7,6,0.5
15,7,14,15,7,14,0.5
15,7,15,5,16,9,1
15,7,26,11,28,11,1
15,9,12,9,15,11,1
15,9,12,23,15,23,1
15,9,16,9,11,15,1
15,10,1,9,12,9,1
15,10,5,5,6,11,1
15,10,5,10,7,10,1
15,10,5,14,15,6,1
15,10,5,24,9,10,1
15,10,9,6,7,5,1
15,10,9,6,11,6,1
15,10,9,6,15,10,0.66667
15,10,9,6,15,22,0.33333
15,10,9,10,3,5,1
15,10,9,10,7,5,1
15,10,9,10,11,6,0.11111
15,10,9,10,11,10,0.66667
15,10,9,10,11,14,0.22222
15,10,9,16,9,10,0.66667
15,10,9,16,9,14,0.33333
15,10,9,16,13,10,0.33333
15,10,9,16,13,14,0.66667
15,10,9,24,5,22,1
15,10,9,24,9,24,1
15,10,13,6,7,14,1
15,10,13,6,11,6,0.5
15,10,13,6,11,14,0.5
15,10,13,6,15,18,1
15,10,13,12,9,6,0.5
15,10,13,12,9,14,0.5
15,10,13,12,13,10,0.5
15,10,13,12,13,14,0.5
15,10,13,12,22,24,1
15,10,13,16,5,5,0.5
15,10,13,16,5,22,0.5
15,10,13,16,9,10,0.5
15,10,13,16,9,14,0.5
15,10,13,16,13,14,0.57143
15,10,13,16,13,18,0.14286
15,10,13,16,13,22,0.28571
15,10,13,16,18,9,1
15,10,13,20,18,1,0.5
15,10,13,20,18,36,0.5
15,10,13,24,9,11,1
15,10,13,24,22,24,1
15,10,18,11,18,9,1
15,10,18,15,14,9,0.33333
15,10,18,15,14,18,0.33333
15,10,18,15,14,24,0.33333
15,10,18,15,22,15,1
15,10,18,20,13,22,1
15,10,22,11,14,13,1
15,10,22,11,22,9,1
15,10,22,15,26,20,1
15,10,40,40,40,40,1
15,11,1,15,15,15,1
15,11,9,11,11,7,1
15,11,11,1,9,12,1
15,11,11,5,11,7,1
15,11,14,22,3,10,1
15,11,19,11,15,23,1
15,12,2,28,12,28,1
15,13,12,9,23,7,1
15,13,16,5,11,9,1
15,13,16,9,15,24,1
15,13,16,13,7,15,1
15,13,16,13,14,15,1
15,13,16,13,15,15,1
15,13,16,13,24,13,1
15,13,16,19,1,16,1
15,13,16,23,24,13,1
15,13,20,23,9,16,1
15,13,24,1,9,19,1
15,13,40,40,40,40,1
15,14,1,1,5,8,1
15,14,1,14,11,10,1
15,14,5,5,8,5,0.625
15,14,5,5,8,13,0.375
15,14,5,5,16,5,1
15,14,5,5,24,1,1
15,14,5,16,5,14,1
15,14,5,16,9,10,0.33333
15,14,5,16,9,14,0.66667
15,14,5,16,13,6,0.38462
15,14,5,16,13,14,0.61538
15,14,5,24,13,14,1
15,14,9,6,15,2,1
15,14,9,12,5,10,1
15,14,9,12,9,10,1
15,14,9,12,13,6,0.125
15,14,9,12,13,10,0.125
15,14,9,12,13,14,0.75
15,14,9,12,22,24,1
15,14,9,16,9,6,0.5
15,14,9,16,9,14,0.5
15,14,9,16,13,6,1
15,14,9,20,13,14,1
15,14,9,24,18,9,0.33333
15,14,9,24,18,13,0.66667
15,14,9,24,40,40,1
15,14,13,2,11,6,0.5
15,14,13,2,11,14,0.5
15,14,13,2,20,13,1
15,14,13,8,5,5,0.33333
15,14,13,8,5,10,0.33333
15,14,13,8,5,14,0.33333
15,14,13,8,9,10,0.5
15,14,13,8,9,22,0.5
15,14,13,8,13,6,0.25
15,14,13,8,13,10,0.083333
15,14,13,8,13,14,0.58333
15,14,13,8,13,24,0.083333
15,14,13,8,18,1,1
15,14,13,8,22,36,1
15,14,13,8,23,15,1
15,14,13,12,9,10,0.33333
15,14,13,12,9,14,0.66667
15,14,13,12,13,10,1
15,14,13,12,18,13,1
15,14,13,12,22,9,1
15,14,13,16,5,14,0.88889
15,14,13,16,5,22,0.11111
15,14,13,16,9,6,0.16667
15,14,13,16,9,22,0.66667
15,14,13,16,9,28,0.16667
15,14,13,16,13,6,0.042373
15,14,13,16,13,10,0.033898
15,14,13,16,13,14,0.76271
15,14,13,16,13,18,0.025424
15,14,13,16,13,22,0.0084746
15,14,13,16,13,24,0.12712
15,14,13,16,18,1,0.75
15,14,13,16,18,13,0.25
15,14,13,16,22,15,0.9
15,14,13,16,22,20,0.05
15,14,13,16,22,24,0.05
15,14,13,20,9,14,1
15,14,13,20,13,18,1
15,14,13,20,22,24,1
15,14,13,24,1,18,1
15,14,13,24,5,14,1
15,14,13,24,9,2,0.5
15,14,13,24,9,22,0.5
15,14,13,24,13,14,0.92857
15,14,13,24,13,24,0.071429
15,14,13,24,22,15,1
15,14,13,28,1,14,1
15,14,13,40,40,40,1
15,14,18,3,14,13,1
15,14,18,3,22,15,1
15,14,18,15,10,18,1
15,14,18,15,14,13,1
15,14,18,20,13,22,1
15,14,18,20,18,24,1
15,14,18,20,22,9,1
15,14,18,24,14,13,1
15,14,22,3,14,13,1
15,14,22,7,18,13,1
15,14,22,7,22,5,1
15,14,22,16,9,10,1
15,14,24,9,14,15,1
15,14,24,13,14,15,0.77778
15,14,24,13,14,24,0.22222
15,14,24,18,24,5,1
15,14,24,22,15,14,1
15,14,24,22,24,13,0.5
15,14,24,22,24,18,0.5
15,15,5,16,13,15,1
15,15,6,24,1,3,1
15,15,9,12,9,15,1
15,15,10,13,24,9,1
15,15,13,12,9,23,1
15,15,13,16,9,15,1
15,15,13,16,13,7,0.083333
15,15,13,16,13,14,0.25
15,15,13,16,13,15,0.41667
15,15,13,16,13,24,0.25
15,15,13,16,19,1,1
15,15,13,16,23,24,1
15,15,13,20,23,9,1
15,15,13,24,1,9,1
15,15,13,40,40,40,1
15,15,14,13,16,13,1
15,15,15,13,16,13,0.875
15,15,15,13,16,23,0.125
15,15,15,13,20,23,1
15,15,15,13,24,1,1
15,15,15,23,3,15,1
15,15,23,3,15,13,1
15,15,23,3,23,1,1
15,15,23,15,15,13,1
15,15,24,13,14,15,1
15,15,24,13,15,15,1
15,15,24,23,15,15,1
15,18,1,16,13,14,1
15,18,1,32,5,32,1
15,18,5,16,13,14,1
15,18,9,16,13,14,1
15,18,20,18,13,36,1
15,18,20,22,24,9,1
15,18,24,9,24,9,1
15,18,24,18,15,14,1
15,18,24,18,24,22,1
15,19,9,8,13,24,1
15,19,13,4,13,15,1
15,20,1,15,13,16,1
15,20,19,24,22,11,1
15,22,1,12,22,9,1
15,22,1,16,13,14,1
15,22,5,7,6,5,1
15,22,5,8,18,13,1
15,22,5,16,9,10,1
15,22,5,16,13,14,1
15,22,9,4,13,14,1
15,22,9,12,22,9,1
15,22,9,16,5,16,1
15,22,9,16,13,14,1
15,22,9,24,14,24,1
15,22,15,10,22,11,1
15,22,15,14,13,8,0.076923
15,22,15,14,13,16,0.69231
15,22,15,14,13,24,0.23077
15,22,15,14,24,22,1
15,22,15,22,5,8,1
15,22,15,22,15,14,0.33333
15,22,15,22,15,22,0.5
15,22,15,22,15,30,0.16667
15,22,15,22,16,13,0.5
15,22,15,22,16,22,0.5
15,22,15,22,24,22,1
15,22,15,30,7,22,1
15,22,16,13,24,30,1
15,22,16,13,28,26,1
15,22,16,22,16,18,1
15,22,24,13,14,15,1
15,22,24,18,13,16,1
15,22,24,22,15,22,1
15,22,24,22,24,13,0.5
15,22,24,22,24,22,0.5
15,22,28,26,32,30,1
15,22,32,22,32,40,1
15,22,36,40,40,40,1
15,23,3,15,13,16,1
15,23,3,23,1,16,1
15,23,7,11,23,3,1
15,23,7,19,13,16,1
15,23,15,15,13,16,1
15,23,15,15,23,3,1
15,23,15,23,15,15,1
15,23,15,23,16,23,1
15,23,16,23,15,19,1
15,23,24,15,24,23,1
15,24,9,3,14,15,1
15,24,9,15,15,10,1
15,24,13,14,15,15,1
15,24,13,15,15,15,1
15,24,15,20,19,24,1
15,24,15,24,9,3,1
15,24,15,24,15,24,1
15,24,23,15,15,13,1
15,24,23,24,23,24,1
15,26,1,16,13,14,1
15,26,15,10,18,11,1
15,26,20,18,24,9,1
15,30,7,22,15,30,1
15,30,7,30,7,27,0.5
15,30,7,30,7,34,0.5
15,30,7,40,40,1,1
15,40,9,10,9,16,1
16,1,9,2,9,8,1
16,1,9,10,11,10,1
16,1,9,10,15,14,1
16,1,14,5,16,13,1
16,1,14,13,16,13,1
16,1,14,24,1,9,1
16,1,14,24,5,14,1
16,1,14,24,18,9,1
16,5,5,6,5,7,0.75758
16,5,5,6,5,16,0.21212
16,5,5,6,5,24,0.030303
16,5,5,6,9,8,1
16,5,5,6,15,2,0.1
16,5,5,6,15,6,0.7
16,5,5,6,15,14,0.2
16,5,5,7,5,7,1
16,5,5,10,5,12,1
16,5,5,10,11,14,1
16,5,5,10,20,9,1
16,5,5,14,1,11,1
16,5,5,14,7,5,0.83333
16,5,5,14,7,14,0.16667
16,5,5,14,11,1,1
16,5,5,14,15,6,0.33333
16,5,5,14,15,14,0.66667
16,5,5,24,13,6,1
16,5,10,1,16,5,1
16,5,10,1,24,1,1
16,5,10,5,1,12,1
16,5,10,9,8,13,1
16,5,10,9,12,13,1
16,5,11,9,12,9,1
16,5,14,5,7,6,0.625
16,5,14,5,7,10,0.25
16,5,14,5,7,14,0.125
16,5,14,5,16,5,0.5
16,5,14,5,16,13,0.5
16,5,14,9,12,9,1
16,5,14,9,16,1,1
16,5,14,15,6,5,0.25
16,5,14,15,6,9,0.25
16,5,14,15,6,13,0.5
16,5,14,15,10,9,0.5
16,5,14,15,10,13,0.5
16,5,14,15,14,5,0.090909
16,5,14,15,14,9,0.090909
16,5,14,15,14,13,0.72727
16,5,14,15,14,22,0.090909
16,5,14,15,22,1,1
16,5,15,5,7,7,1
16,5,16,13,10,11,1
16,5,22,7,5,6,1
16,5,22,15,14,9,1
16,9,6,1,5,16,1
16,9,6,5,16,5,1
16,9,6,13,12,13,1
16,9,10,5,7,10,1
16,9,10,5,12,9,1
16,9,10,9,8,9,1
16,9,10,9,12,5,0.33333
16,9,10,9,12,9,0.66667
16,9,10,9,16,9,1
16,9,10,9,24,30,1
16,9,10,15,10,9,1
16,9,10,15,14,9,0.33333
16,9,10,15,14,13,0.66667
16,9,10,15,22,5,1
16,9,10,20,13,14,1
16,9,11,2,5,12,1
16,9,11,9,3,15,1
16,9,11,15,7,13,1
16,9,11,15,11,1,1
16,9,11,15,15,24,1
16,9,14,1,16,22,1
16,9,14,5,12,9,1
16,9,14,11,10,5,1
16,9,14,11,14,9,0.25
16,9,14,11,14,18,0.25
16,9,14,11,14,22,0.5
16,9,14,11,18,40,1
16,9,14,11,22,9,1
16,9,14,11,40,40,1
16,9,14,15,2,18,1
16,9,14,15,10,13,1
16,9,14,15,14,5,0.33333
16,9,14,15,14,13,0.66667
16,9,14,20,13,14,1
16,9,15,24,9,15,1
16,9,18,11,22,1,1
16,9,18,15,14,13,1
16,9,18,24,18,24,1
16,9,22,3,14,13,1
16,9,22,11,10,13,0.5
16,9,22,11,10,22,0.5
16,9,22,11,14,9,0.33333
16,9,22,11,14,13,0.66667
16,9,22,20,26,40,1
16,9,22,28,40,40,1
16,9,22,36,40,40,1
16,9,28,9,14,24,1
16,9,40,40,40,40,1
16,10,15,12,2,28,1
16,13,2,13,24,9,1
16,13,6,5,1,12,1
16,13,6,5,7,6,0.66667
16,13,6,5,7,14,0.33333
16,13,6,9,12,1,1
16,13,6,9,16,9,1
16,13,6,15,6,5,0.5
16,13,6,15,6,13,0.5
16,13,6,15,10,9,1
16,13,6,15,14,5,0.28571
16,13,6,15,14,9,0.14286
16,13,6,15,14,13,0.5
16,13,6,15,14,24,0.071429
16,13,6,15,15,5,1
16,13,6,15,22,9,1
16,13,6,24,5,14,1
16,13,7,5,16,5,1
16,13,7,6,11,10,0.5
16,13,7,6,11,19,0.5
16,13,7,15,15,13,1
16,13,10,11,6,5,1
16,13,10,11,10,9,1
16,13,10,11,14,9,0.5
16,13,10,11,14,13,0.5
16,13,10,15,10,13,1
16,13,10,15,14,9,0.5
16,13,10,15,14,18,0.5
16,13,10,15,22,9,0.5
16,13,10,15,22,15,0.5
16,13,10,24,9,14,0.5
16,13,10,24,9,24,0.5
16,13,11,15,11,19,1
16,13,14,7,10,9,1
16,13,14,7,14,5,0.125
16,13,14,7,14,13,0.75
16,13,14,7,14,24,0.125
16,13,14,7,22,5,0.5
16,13,14,7,22,15,0.5
16,13,14,11,10,5,0.4
16,13,14,11,10,9,0.4
16,13,14,11,10,22,0.2
16,13,14,11,14,5,0.5
16,13,14,11,14,18,0.5
16,13,14,11,22,9,1
16,13,14,15,6,9,0.125
16,13,14,15,6,13,0.75
16,13,14,15,6,22,0.125
16,13,14,15,10,9,0.6
16,13,14,15,10,13,0.1
16,13,14,15,10,18,0.1
16,13,14,15,10,22,0.2
16,13,14,15,14,1,0.010204
16,13,14,15,14,5,0.040816
16,13,14,15,14,9,0.030612
16,13,14,15,14,13,0.84694
16,13,14,15,14,18,0.030612
16,13,14,15,14,22,0.020408
16,13,14,15,14,24,0.020408
16,13,14,15,15,13,1
16,13,14,15,18,20,1
16,13,14,15,22,1,0.125
16,13,14,15,22,5,0.125
16,13,14,15,22,15,0.5
16,13,14,15,22,24,0.25
16,13,14,20,1,14,1
16,13,14,20,9,14,1
16,13,14,24,5,14,1
16,13,14,24,9,22,1
16,13,14,24,13,10,0.083333
16,13,14,24,13,14,0.83333
16,13,14,24,13,24,0.083333
16,13,14,24,22,15,0.5
16,13,14,24,22,24,0.5
16,13,15,7,11,19,1
16,13,15,15,14,13,1
16,13,15,15,15,13,1
16,13,15,15,23,15,1
16,13,15,20,1,15,1
16,13,18,11,14,13,1
16,13,18,15,14,18,1
16,13,18,24,9,14,1
16,13,22,3,14,13,1
16,13,22,7,14,13,0.5
16,13,22,7,14,24,0.5
16,13,22,7,22,16,1
16,13,22,11,2,13,1
16,13,22,11,10,13,1
16,13,22,11,14,9,0.66667
16,13,22,11,14,13,0.33333
16,13,24,5,14,15,1
16,13,24,13,7,5,1
16,13,24,13,14,11,0.090909
16,13,24,13,14,15,0.72727
16,13,24,13,14,24,0.18182
16,13,24,13,24,13,0.75
16,13,24,13,24,18,0.25
16,13,24,18,1,24,1
16,13,24,22,9,16,1
16,13,24,22,15,14,1
16,13,24,22,24,13,1
16,13,24,22,40,40,1
16,13,24,30,40,40,1
16,13,28,26,28,26,1
16,13,40,40,13,24,1
16,13,40,40,40,40,1
16,18,1,9,16,5,1
16,18,1,16,13,14,0.75
16,18,1,16,13,22,0.25
16,18,1,16,18,1,1
16,18,1,24,1,14,1
16,18,9,16,9,40,1
16,18,9,16,13,22,1
16,18,9,16,22,9,1
16,18,9,20,9,18,1
16,18,13,4,13,14,1
16,18,13,12,13,22,1
16,18,13,16,1,14,1
16,18,13,24,9,6,1
16,18,13,24,14,40,1
16,18,20,18,13,12,1
16,18,20,22,5,8,1
16,18,20,22,9,16,1
16,18,20,22,24,22,1
16,18,24,9,15,7,1
16,19,1,16,13,15,1
16,22,1,16,13,10,1
16,22,5,12,9,10,1
16,22,5,16,9,14,1
16,22,5,16,13,22,1
16,22,5,28,9,14,1
16,22,9,12,13,14,1
16,22,9,16,13,14,1
16,22,15,14,5,16,0.5
16,22,15,14,5,24,0.5
16,22,15,14,13,12,0.125
16,22,15,14,13,16,0.6875
16,22,15,14,13,24,0.125
16,22,15,14,13,28,0.0625
16,22,15,14,18,3,1
16,22,15,14,24,13,1
16,22,15,22,15,14,1
16,22,16,18,24,9,1
16,22,20,1,14,13,1
16,22,20,22,28,40,1
16,22,24,13,14,15,0.5
16,22,24,13,14,24,0.5
16,22,24,22,9,16,1
16,22,28,22,20,22,1
16,23,15,19,13,4,1
16,23,16,9,11,2,1
16,23,16,23,16,9,1
16,23,24,13,15,15,1
16,24,16,10,15,12,1
16,24,16,23,16,23,1
16,24,16,24,16,10,0.055556
16,24,16,24,16,23,0.055556
16,24,16,24,16,24,0.88889
16,30,28,22,5,12,1
16,30,40,40,22,15,1
16,34,15,14,9,12,1
16,40,40,30,40,5,1
18,1,9,16,5,10,1
18,1,9,16,13,22,1
18,1,11,2,5,18,1
18,1,16,13,14,11,0.090909
18,1,16,13,14,15,0.63636
18,1,16,13,14,20,0.090909
18,1,16,13,14,24,0.18182
18,1,16,13,22,7,1
18,1,16,18,1,16,1
18,1,20,13,24,13,1
18,1,24,1,14,13,1
18,1,24,18,20,22,1
18,1,32,5,32,5,1
18,3,7,10,9,8,1
18,3,14,13,12,1,1
18,3,14,13,16,18,1
18,3,14,13,20,1,1
18,3,22,15,14,13,1
18,3,22,16,18,13,0.5
18,3,22,16,18,20,0.5
18,5,3,6,13,6,1
18,5,7,6,13,2,1
18,5,16,13,14,11,1
18,7,14,13,12,18,1
18,9,12,13,14,11,1
18,9,16,9,14,5,1
18,9,16,9,40,40,1
18,9,16,13,6,9,1
18,9,16,13,14,7,0.5
18,9,16,13,14,20,0.5
18,9,16,13,22,11,1
18,9,16,22,9,12,1
18,9,20,9,18,15,1
18,9,24,22,1,16,1
18,11,14,13,2,24,1
18,11,14,13,16,13,0.5
18,11,14,13,16,18,0.5
18,11,18,9,16,13,1
18,11,22,1,16,13,1
18,13,4,13,14,15,1
18,13,4,26,11,22,1
18,13,12,13,10,15,1
18,13,12,13,22,11,1
18,13,12,13,40,5,1
18,13,12,18,13,16,1
18,13,12,22,24,14,1
18,13,16,1,14,24,1
18,13,16,9,14,11,0.33333
18,13,16,9,14,15,0.33333
18,13,16,9,14,20,0.33333
18,13,16,9,22,11,1
18,13,16,13,10,15,1
18,13,16,13,14,15,1
18,13,16,18,13,4,1
18,13,24,9,6,15,1
18,13,24,13,24,22,1
18,13,24,14,40,40,1
18,13,24,18,24,9,1
18,13,36,34,40,40,1
18,15,2,9,22,16,1
18,15,6,5,1,10,1
18,15,10,13,16,5,0.5
18,15,10,13,16,13,0.5
18,15,10,18,15,14,1
18,15,10,18,20,13,1
18,15,14,9,16,13,1
18,15,14,9,24,18,1
18,15,14,13,8,13,1
18,15,14,13,16,13,0.66667
18,15,14,13,16,22,0.33333
18,15,14,18,20,18,0.5
18,15,14,18,20,22,0.5
18,15,14,24,9,14,1
18,15,18,24,18,15,1
18,15,22,15,22,16,1
18,15,30,7,40,40,1
18,19,4,9,22,3,1
18,20,1,14,20,1,1
18,20,13,22,7,10,1
18,20,13,22,16,18,1
18,20,13,24,18,1,1
18,20,13,40,40,40,1
18,20,18,13,12,13,1
18,20,18,13,36,34,1
18,20,18,24,14,13,1
18,20,18,28,30,40,1
18,20,22,5,8,9,1
18,20,22,9,16,13,1
18,20,22,20,18,13,1
18,20,22,24,9,10,1
18,20,22,24,22,24,1
18,24,1,14,13,16,1
18,24,5,14,11,6,1
18,24,9,14,11,14,1
18,24,9,14,15,10,1
18,24,9,14,24,18,1
18,24,9,15,7,15,1
18,24,9,18,28,40,1
18,24,9,22,3,22,1
18,24,9,22,20,18,1
18,24,9,24,9,22,1
18,24,9,24,13,14,1
18,24,13,10,15,14,1
18,24,13,22,16,9,1
18,24,13,24,13,14,1
18,24,14,13,16,9,0.5
18,24,14,13,16,13,0.5
18,24,14,20,22,16,1
18,24,14,24,5,10,1
18,24,14,40,40,40,1
18,24,18,15,14,13,1
18,24,18,15,18,24,1
18,24,18,24,22,24,1
18,24,22,9,24,9,1
18,24,22,24,1,22,1
18,24,22,24,34,28,1
18,24,26,28,22,24,1
18,24,26,28,34,28,1
18,28,9,32,5,32,1
18,28,22,20,26,20,1
18,28,22,24,9,28,1
18,28,30,40,40,40,1
18,28,40,22,28,26,1
18,28,40,40,40,34,0.5
18,28,40,40,40,40,0.5
18,32,22,15,22,24,1
18,36,30,36,9,40,1
18,40,9,22,24,22,1
18,40,22,24,5,10,1
18,40,40,40,40,22,1
19,1,16,13,15,20,1
19,2,20,9,7,6,1
19,4,9,22,3,16,1
19,7,15,23,7,11,1
19,9,8,13,24,23,1
19,11,15,23,7,19,1
19,13,4,13,15,15,1
19,13,16,13,15,15,1
19,15,15,24,23,15,1
19,20,13,15,11,11,1
19,20,23,16,13,15,1
19,24,22,11,22,9,1
20,1,5,14,5,7,1
20,1,14,5,16,9,1
20,1,14,13,8,13,1
20,1,14,13,16,13,0.5
20,1,14,13,16,18,0.5
20,1,14,20,1,22,1
20,1,15,13,16,13,1
20,1,18,1,16,13,1
20,1,22,1,5,12,1
20,1,22,15,14,9,0.5
20,1,22,15,14,13,0.5
20,1,22,24,22,5,1
20,5,5,2,9,16,1
20,5,10,5,5,8,1
20,7,10,13,4,7,1
20,9,6,5,12,9,1
20,9,6,13,16,9,1
20,9,7,6,15,15,1
20,9,10,5,7,14,1
20,9,10,15,10,5,0.5
20,9,10,15,10,13,0.5
20,9,14,15,10,18,1
20,9,14,15,14,5,0.5
20,9,14,15,14,13,0.5
20,9,14,20,13,14,1
20,9,18,15,10,13,1
20,9,22,1,24,9,1
20,9,22,11,10,13,0.5
20,9,22,11,10,18,0.5
20,9,22,15,18,9,1
20,13,2,13,12,9,1
20,13,2,13,24,5,1
20,13,10,15,18,20,1
20,13,10,20,9,22,1
20,13,10,24,9,14,1
20,13,14,7,5,6,1
20,13,14,11,14,24,1
20,13,14,11,18,40,1
20,13,14,15,10,13,1
20,13,14,15,14,13,0.75
20,13,14,15,14,18,0.25
20,13,14,20,1,14,1
20,13,14,24,26,32,1
20,13,15,11,11,1,1
20,13,18,20,1,14,1
20,13,22,7,10,13,1
20,13,22,16,18,20,1
20,13,22,16,22,28,1
20,13,24,13,22,16,1
20,13,24,18,1,16,1
20,13,40,40,40,40,1
20,18,1,9,16,13,1
20,18,13,4,26,11,1
20,18,13,12,13,40,1
20,18,13,16,9,14,1
20,18,13,16,13,14,1
20,18,13,16,18,13,1
20,18,13,24,13,24,1
20,18,13,36,34,40,1
20,18,24,9,14,15,0.5
20,18,24,9,14,24,0.5
20,18,24,14,13,16,1
20,18,24,14,40,40,1
20,18,28,30,40,40,1
20,18,28,40,40,40,1
20,18,36,30,36,9,1
20,19,24,22,11,22,1
20,22,1,16,22,24,1
20,22,5,8,9,10,1
20,22,9,16,13,10,0.5
20,22,9,16,13,14,0.5
20,22,16,22,24,22,1
20,22,20,13,22,16,1
20,22,20,18,13,16,1
20,22,20,18,24,9,1
20,22,20,18,28,40,1
20,22,24,5,22,11,1
20,22,24,9,10,15,1
20,22,24,9,14,20,1
20,22,24,22,24,22,1
20,22,24,34,28,30,1
20,22,28,40,40,40,1
20,23,9,16,13,14,1
20,23,16,13,15,7,1
20,26,20,22,20,18,1
20,26,40,40,40,40,1
22,1,5,12,13,10,1
22,1,7,2,18,5,1
22,1,7,14,13,8,1
22,1,12,22,9,4,1
22,1,16,13,10,15,1
22,1,16,13,14,11,0.2
22,1,16,13,14,15,0.8
22,1,16,22,24,13,1
22,1,20,5,10,5,1
22,1,24,9,14,15,1
22,3,5,10,1,5,1
22,3,7,14,15,7,1
22,3,9,14,11,1,1
22,3,10,13,12,9,1
22,3,10,23,15,15,1
22,3,14,5,16,5,1
22,3,14,13,8,18,1
22,3,14,13,16,13,1
22,3,14,13,24,13,1
22,3,16,13,7,6,1
22,3,18,13,24,18,1
22,3,22,5,12,9,1
22,5,7,6,5,5,1
22,5,7,6,13,16,1
22,5,8,9,10,9,1
22,5,8,18,13,4,1
22,5,12,5,10,9,1
22,5,12,9,10,9,1
22,5,12,9,14,15,1
22,5,16,1,9,10,1
22,5,16,9,10,9,0.5
22,5,16,9,10,15,0.5
22,5,16,9,14,11,0.5
22,5,16,9,14,15,0.5
22,5,16,13,14,15,0.75
22,5,16,13,14,24,0.25
22,5,16,13,22,11,1
22,5,20,13,14,15,1
22,5,24,9,14,7,1
22,5,28,9,14,24,1
22,5,28,9,28,13,1
22,7,5,6,13,8,1
22,7,6,9,6,15,1
22,7,6,22,15,22,1
22,7,10,13,6,11,1
22,7,10,13,12,9,1
22,7,14,13,20,1,1
22,7,14,24,18,24,1
22,7,18,13,16,9,1
22,7,22,5,16,9,0.5
22,7,22,5,16,13,0.5
22,7,22,16,13,22,1
22,7,22,16,18,9,1
22,7,22,24,14,20,1
22,9,4,13,14,15,0.33333
22,9,4,13,14,20,0.66667
22,9,8,9,14,11,1
22,9,8,13,14,7,1
22,9,12,5,14,20,1
22,9,12,13,6,15,1
22,9,12,13,14,15,1
22,9,12,22,9,8,0.5
22,9,12,22,9,16,0.5
22,9,16,1,14,13,1
22,9,16,5,14,15,1
22,9,16,5,16,13,1
22,9,16,9,10,9,1
22,9,16,9,18,11,0.5
22,9,16,9,18,15,0.5
22,9,16,9,22,11,1
22,9,16,13,10,24,1
22,9,16,13,14,15,0.75
22,9,16,13,14,24,0.25
22,9,16,13,22,11,1
22,9,16,18,20,22,1
22,9,16,22,15,14,1
22,9,20,9,10,5,1
22,9,20,13,14,15,1
22,9,24,9,14,15,1
22,9,24,14,20,22,1
22,9,24,14,24,13,1
22,9,24,14,28,30,1
22,11,2,9,14,11,1
22,11,2,9,18,11,1
22,11,2,13,24,5,1
22,11,10,9,10,11,1
22,11,10,13,16,13,1
22,11,10,13,24,14,1
22,11,10,13,28,9,1
22,11,10,18,15,10,1
22,11,10,18,24,9,1
22,11,10,22,11,14,1
22,11,10,28,13,14,1
22,11,14,1,14,11,0.5
22,11,14,1,14,15,0.5
22,11,14,9,6,15,1
22,11,14,9,16,13,0.5
22,11,14,9,16,22,0.5
22,11,14,13,12,13,1
22,11,14,13,16,9,0.14286
22,11,14,13,16,13,0.57143
22,11,14,13,16,22,0.28571
22,11,14,13,24,13,1
22,11,14,24,13,14,1
22,11,18,1,16,13,1
22,11,22,9,16,18,1
22,11,22,9,24,14,1
22,11,22,15,22,15,1
22,11,22,16,13,24,1
22,11,22,20,13,14,1
22,15,3,14,23,4,1
22,15,10,9,16,13,1
22,15,10,13,12,22,1
22,15,10,13,16,13,1
22,15,10,22,11,14,1
22,15,14,5,5,8,1
22,15,14,5,16,9,0.5
22,15,14,5,16,13,0.5
22,15,14,5,24,13,1
22,15,14,9,12,13,1
22,15,14,9,24,40,1
22,15,14,13,8,13,0.5
22,15,14,13,8,22,0.5
22,15,14,13,12,18,1
22,15,14,13,16,9,0.071429
22,15,14,13,16,13,0.67857
22,15,14,13,16,22,0.25
22,15,14,13,20,9,1
22,15,14,13,24,13,0.83333
22,15,14,13,24,22,0.16667
22,15,14,13,28,1,1
22,15,14,18,3,14,0.5
22,15,14,18,3,22,0.5
22,15,14,24,9,14,1
22,15,14,24,13,14,1
22,15,14,24,22,24,1
22,15,18,9,16,13,1
22,15,18,24,9,24,1
22,15,18,24,18,24,1
22,15,22,5,8,18,1
22,15,22,15,14,13,0.83333
22,15,22,15,14,24,0.16667
22,15,22,15,22,5,0.14286
22,15,22,15,22,15,0.57143
22,15,22,15,22,16,0.14286
22,15,22,15,22,24,0.14286
22,15,22,15,30,7,1
22,15,22,16,13,24,1
22,15,22,16,22,16,1
22,15,22,24,18,13,1
22,15,22,24,22,15,0.5
22,15,22,24,22,24,0.5
22,15,22,28,26,32,1
22,15,22,36,40,40,1
22,15,23,15,23,16,1
22,15,26,15,10,18,1
22,15,26,20,18,24,1
22,15,30,7,22,15,1
22,15,30,7,30,7,1
22,16,1,14,24,1,1
22,16,9,10,20,13,1
22,16,9,14,11,14,1
22,16,13,11,15,11,1
22,16,13,22,11,14,1
22,16,13,24,13,14,0.5
22,16,13,24,13,24,0.5
22,16,13,24,22,40,1
22,16,13,24,30,40,1
22,16,13,28,26,28,1
22,16,13,40,40,40,1
22,16,18,9,16,9,0.5
22,16,18,9,16,13,0.5
22,16,18,13,24,9,0.5
22,16,18,13,24,14,0.5
22,16,18,20,18,13,1
22,16,18,20,22,5,0.5
22,16,18,20,22,24,0.5
22,16,18,24,9,15,1
22,16,22,5,16,9,1
22,16,22,16,18,24,1
22,16,22,24,22,9,1
22,16,22,28,22,20,1
22,16,24,16,24,16,1
22,16,40,40,30,40,1
22,20,1,14,13,16,1
22,20,9,22,11,10,1
22,20,13,10,15,18,1
22,20,13,14,15,10,1
22,20,13,22,16,22,1
22,20,18,13,16,9,0.5
22,20,18,13,16,13,0.5
22,20,18,13,24,13,1
22,20,18,24,9,14,1
22,20,18,24,14,40,1
22,20,18,28,40,40,1
22,20,22,20,18,28,1
22,20,22,28,40,40,1
22,20,26,20,22,20,1
22,20,26,40,40,40,1
22,24,1,22,16,22,1
22,24,5,10,9,16,1
22,24,5,22,11,14,1
22,24,9,6,5,24,1
22,24,9,10,15,6,1
22,24,9,14,20,1,1
22,24,9,28,22,9,1
22,24,13,14,15,10,0.2
22,24,13,14,15,14,0.6
22,24,13,14,15,22,0.2
22,24,13,14,24,13,0.5
22,24,13,14,24,22,0.5
22,24,13,24,13,24,1
22,24,13,28,9,22,0.5
22,24,13,28,9,28,0.5
22,24,14,13,12,9,1
22,24,14,20,1,22,1
22,24,14,24,22,32,1
22,24,18,1,20,13,1
22,24,18,13,16,9,0.5
22,24,18,13,16,13,0.5
22,24,18,20,22,20,1
22,24,18,24,26,28,1
22,24,18,28,22,24,1
22,24,18,28,40,40,1
22,24,18,32,22,15,1
22,24,22,5,28,9,1
22,24,22,9,16,9,1
22,24,22,11,22,20,1
22,24,22,15,14,13,1
22,24,22,15,22,15,1
22,24,22,24,13,14,0.66667
22,24,22,24,13,24,0.33333
22,24,22,24,22,15,0.125
22,24,22,24,22,24,0.5
22,24,22,24,22,28,0.25
22,24,22,24,22,40,0.125
22,24,22,24,26,24,1
22,24,22,28,9,22,1
22,24,22,28,18,24,1
22,24,22,28,22,36,1
22,24,22,40,22,28,1
22,24,22,40,40,40,1
22,24,26,1,28,5,1
22,24,26,24,22,24,1
22,24,26,28,22,32,1
22,24,30,28,9,22,1
22,24,34,28,22,28,1
22,24,34,28,30,36,1
22,24,40,40,5,40,1
22,24,40,40,40,40,1
22,28,9,22,7,6,1
22,28,9,22,24,26,1
22,28,18,24,18,15,1
22,28,18,28,22,20,1
22,28,22,20,22,20,1
22,28,22,28,30,32,1
22,28,22,36,18,40,1
22,28,26,24,22,24,1
22,28,26,32,30,32,0.5
22,28,26,32,30,36,0.5
22,28,26,36,30,28,1
22,28,30,32,18,28,1
22,28,30,32,40,1,1
22,28,34,15,14,13,1
22,28,40,40,40,40,1
22,32,22,24,22,24,1
22,32,22,28,26,24,1
22,32,22,32,40,40,1
22,32,40,40,40,40,1
22,36,18,24,13,22,1
22,36,18,40,22,24,1
22,36,22,24,18,28,1
22,36,26,11,14,22,1
22,36,40,40,40,26,0.33333
22,36,40,40,40,40,0.66667
22,40,22,28,26,32,1
22,40,40,40,22,40,1
22,40,40,40,40,40,1
23,1,12,5,11,9,1
23,1,16,9,11,15,1
23,3,14,13,16,18,1
23,3,15,13,16,5,1
23,3,23,1,16,9,1
23,4,18,19,4,9,1
23,7,11,23,3,14,1
23,7,19,13,16,13,1
23,7,30,7,22,15,1
23,9,16,13,14,15,1
23,15,15,9,12,9,1
23,15,15,13,16,13,1
23,15,15,13,40,40,1
23,15,15,23,3,23,1
23,15,15,24,13,14,1
23,15,19,9,8,13,1
23,15,19,13,4,13,1
23,15,23,15,15,23,1
23,15,23,15,23,15,1
23,15,23,16,23,15,1
23,15,23,24,15,24,1
23,16,9,11,2,5,1
23,16,13,15,7,11,1
23,16,23,15,19,13,1
23,16,23,16,9,11,1
23,24,13,15,15,15,1
23,24,15,24,23,24,1
23,24,19,20,13,15,1
23,24,23,24,19,20,1
24,1,3,14,15,7,1
24,1,5,6,5,7,0.5
24,1,5,6,5,12,0.5
24,1,5,10,9,8,1
24,1,5,14,5,7,1
24,1,5,14,15,6,1
24,1,9,19,7,15,1
24,1,9,22,11,18,1
24,1,14,9,12,13,1
24,1,14,13,8,9,1
24,1,14,13,16,13,1
24,1,14,15,6,9,1
24,1,18,1,16,13,1
24,1,18,24,9,22,1
24,1,22,11,22,15,1
24,1,22,16,22,5,1
24,3,10,27,12,27,1
24,5,5,6,5,7,1
24,5,10,5,7,10,1
24,5,10,9,16,13,1
24,5,10,15,10,13,1
24,5,10,15,14,24,1
24,5,14,5,7,6,1
24,5,14,5,24,5,1
24,5,14,11,6,13,1
24,5,14,11,10,13,1
24,5,14,15,10,22,1
24,5,14,15,14,5,0.2
24,5,14,15,14,13,0.6
24,5,14,15,14,24,0.2
24,5,14,20,9,22,1
24,5,14,24,13,14,1
24,5,22,11,10,18,1
24,5,22,11,14,13,1
24,7,1,22,11,14,1
24,9,2,13,12,5,1
24,9,2,13,16,5,0.5
24,9,2,13,16,22,0.5
24,9,3,14,15,7,1
24,9,6,5,12,9,1
24,9,6,5,16,5,1
24,9,6,5,24,5,1
24,9,6,9,12,9,1
24,9,6,15,14,9,1
24,9,10,5,12,9,1
24,9,10,9,12,9,1
24,9,10,11,6,9,1
24,9,10,15,6,1,1
24,9,10,15,10,9,1
24,9,10,15,22,9,1
24,9,11,15,22,9,1
24,9,14,1,16,18,1
24,9,14,1,20,9,1
24,9,14,7,14,13,1
24,9,14,11,14,13,1
24,9,14,15,6,13,1
24,9,14,15,10,9,0.25
24,9,14,15,10,13,0.75
24,9,14,15,14,13,1
24,9,14,15,22,15,1
24,9,14,20,1,22,1
24,9,14,20,9,10,1
24,9,14,24,18,24,1
24,9,15,7,15,5,1
24,9,15,15,10,13,1
24,9,18,24,14,24,1
24,9,18,28,40,22,1
24,9,22,3,22,5,1
24,9,22,11,10,28,1
24,9,22,11,22,16,1
24,9,22,20,9,22,1
24,9,22,20,18,13,1
24,9,22,36,22,24,1
24,9,24,9,14,20,1
24,9,24,9,22,11,1
24,9,24,13,14,20,1
24,9,24,13,24,13,1
24,9,28,9,14,24,1
24,9,28,13,14,15,1
24,9,28,22,9,20,1
24,13,6,5,7,6,1
24,13,6,5,16,5,1
24,13,7,5,24,22,1
24,13,10,15,14,13,1
24,13,10,24,9,18,1
24,13,14,7,5,6,0.66667
24,13,14,7,5,15,0.33333
24,13,14,11,22,5,1
24,13,14,15,2,9,1
24,13,14,15,10,9,0.5
24,13,14,15,10,13,0.5
24,13,14,15,14,5,0.02439
24,13,14,15,14,9,0.04878
24,13,14,15,14,13,0.82927
24,13,14,15,14,24,0.097561
24,13,14,15,15,13,1
24,13,14,15,22,1,0.125
24,13,14,15,22,5,0.25
24,13,14,15,22,15,0.625
24,13,14,15,26,1,1
24,13,14,20,9,22,1
24,13,14,20,13,10,1
24,13,14,24,1,14,1
24,13,14,24,5,14,1
24,13,14,24,9,28,1
24,13,14,24,13,14,0.625
24,13,14,24,13,24,0.125
24,13,14,24,13,28,0.25
24,13,14,24,22,15,0.66667
24,13,14,24,22,24,0.33333
24,13,15,15,15,13,1
24,13,15,15,23,15,1
24,13,22,11,2,9,1
24,13,22,11,10,13,1
24,13,22,16,9,14,1
24,13,22,16,18,20,1
24,13,24,9,28,13,1
24,13,24,13,14,15,0.66667
24,13,24,13,14,20,0.16667
24,13,24,13,14,24,0.16667
24,13,24,13,15,15,1
24,13,24,13,22,11,1
24,13,24,13,24,9,0.33333
24,13,24,13,24,13,0.66667
24,13,24,18,20,13,1
24,13,24,18,24,14,1
24,13,24,22,16,13,1
24,13,28,1,14,13,1
24,13,28,9,22,7,0.5
24,13,28,9,22,15,0.5
24,13,28,9,28,9,1
24,13,32,5,22,24,1
24,14,13,12,9,10,1
24,14,13,16,9,14,1
24,14,13,16,13,14,1
24,14,20,1,22,24,1
24,14,20,13,10,24,1
24,14,20,13,14,11,1
24,14,20,22,1,16,1
24,14,20,22,16,22,1
24,14,20,22,20,13,1
24,14,20,22,24,34,1
24,14,24,5,10,15,1
24,14,24,13,22,11,1
24,14,24,22,32,22,1
24,14,24,40,40,40,1
24,14,28,30,28,22,1
24,14,40,40,40,26,0.5
24,14,40,40,40,40,0.5
24,15,20,19,24,22,1
24,15,24,9,3,14,1
24,15,24,15,20,19,1
24,15,24,15,24,9,0.5
24,15,24,15,24,15,0.5
24,15,24,23,24,23,1
24,16,10,15,12,2,1
24,16,23,16,23,16,1
24,16,24,16,10,15,1
24,16,24,16,23,16,1
24,16,24,16,24,16,1
24,18,1,16,13,14,1
24,18,1,20,13,24,1
24,18,1,24,18,20,1
24,18,9,16,13,6,0.5
24,18,9,16,13,14,0.5
24,18,9,24,22,1,1
24,18,13,12,13,10,1
24,18,13,12,18,13,1
24,18,13,16,9,14,1
24,18,13,16,13,10,1
24,18,15,14,13,8,1
24,18,15,18,24,18,1
24,18,20,13,24,18,1
24,18,20,13,40,40,1
24,18,20,22,20,18,1
24,18,20,22,24,22,1
24,18,24,5,14,11,1
24,18,24,9,22,20,1
24,18,24,13,10,15,1
24,18,24,14,20,22,1
24,18,24,22,9,24,1
24,18,24,22,24,1,0.5
24,18,24,22,24,34,0.5
24,18,24,26,28,22,0.5
24,18,24,26,28,34,0.5
24,18,28,22,24,9,1
24,18,28,40,40,40,1
24,18,32,22,15,22,1
24,19,20,13,15,11,1
24,22,1,16,13,14,1
24,22,5,28,9,28,1
24,22,9,16,9,10,1
24,22,9,16,22,15,1
24,22,9,24,9,14,1
24,22,11,22,9,24,1
24,22,11,22,20,13,1
24,22,15,10,9,16,1
24,22,15,14,13,8,0.125
24,22,15,14,13,16,0.75
24,22,15,14,13,24,0.125
24,22,15,14,24,13,1
24,22,15,22,15,14,0.5
24,22,15,22,15,22,0.5
24,22,15,22,24,22,1
24,22,16,13,24,13,1
24,22,24,1,22,16,1
24,22,24,13,14,15,0.75
24,22,24,13,14,24,0.25
24,22,24,13,24,13,1
24,22,24,13,28,9,1
24,22,24,18,13,16,1
24,22,24,18,24,26,1
24,22,24,18,28,22,1
24,22,24,22,11,22,1
24,22,24,22,15,14,1
24,22,24,22,24,13,0.4
24,22,24,22,24,22,0.6
24,22,24,22,28,9,0.33333
24,22,24,22,28,18,0.33333
24,22,24,22,28,22,0.33333
24,22,24,22,40,22,1
24,22,24,26,24,22,1
24,22,24,34,28,22,1
24,22,28,9,22,24,1
24,22,28,18,24,18,1
24,22,28,22,36,18,1
24,22,32,22,24,22,1
24,22,40,22,28,26,1
24,22,40,40,40,22,0.5
24,22,40,40,40,40,0.5
24,23,15,15,13,16,1
24,23,15,23,15,23,1
24,23,24,19,20,13,1
24,23,24,23,24,19,1
24,26,1,28,5,26,1
24,26,24,22,24,18,0.5
24,26,24,22,24,22,0.5
24,26,28,22,24,13,1
24,26,28,22,32,22,1
24,26,28,34,28,34,1
24,26,32,26,11,22,1
24,30,28,9,22,15,1
24,30,28,22,28,22,1
24,30,40,13,22,16,1
24,30,40,40,40,40,1
24,34,28,22,28,18,1
24,34,28,30,36,30,1
24,40,40,5,40,40,1
24,40,40,40,36,4,1
24,40,40,40,40,22,0.66667
24,40,40,40,40,40,0.33333
26,1,16,13,14,15,0.5
26,1,16,13,14,24,0.5
26,1,28,5,26,15,1
26,3,5,6,5,5,1
26,7,26,11,22,15,1
26,11,6,9,6,11,1
26,11,10,9,6,7,1
26,11,14,18,3,22,1
26,11,14,22,3,9,1
26,11,22,15,14,24,1
26,11,22,15,22,15,0.5
26,11,22,15,22,28,0.5
26,11,22,15,30,7,1
26,11,23,15,15,9,1
26,11,26,11,26,28,1
26,11,26,28,30,32,1
26,11,28,11,28,11,1
26,11,30,32,30,24,1
26,15,10,18,11,18,1
26,15,22,32,22,32,1
26,20,18,24,9,14,1
26,20,22,20,18,24,1
26,24,1,22,11,22,1
26,24,22,24,18,24,0.5
26,24,22,24,18,28,0.5
26,24,22,24,22,11,1
26,24,22,24,26,24,1
26,24,30,28,22,28,1
26,24,40,40,40,40,1
26,28,22,24,13,28,1
26,28,22,24,22,24,1
26,28,22,32,22,28,1
26,28,26,24,1,22,1
26,28,30,32,26,28,1
26,28,34,28,34,36,1
26,28,40,40,40,34,1
26,32,26,11,22,15,1
26,32,30,32,34,36,1
26,32,30,36,34,7,1
26,36,22,15,18,24,1
26,36,30,28,26,24,1
26,36,40,40,40,22,1
26,40,30,40,40,40,1
26,40,40,40,40,40,1
27,2,24,15,24,15,1
27,11,19,20,23,16,1
27,12,27,2,24,15,1
28,1,14,13,16,13,1
28,5,4,22,16,24,1
28,5,26,15,22,32,1
28,5,32,5,5,6,1
28,9,14,24,1,18,1
28,9,14,24,5,10,1
28,9,14,24,9,14,1
28,9,22,7,6,9,1
28,9,22,7,22,5,1
28,9,22,15,14,18,1
28,9,22,15,18,24,1
28,9,22,15,23,15,1
28,9,22,15,26,15,1
28,9,22,24,26,28,1
28,9,28,9,22,15,1
28,9,28,9,28,9,1
28,9,28,13,24,13,1
28,9,32,5,32,5,1
28,11,10,24,3,10,1
28,11,28,11,10,24,1
28,12,24,16,24,16,1
28,12,28,5,4,22,1
28,12,28,5,32,5,1
28,12,28,12,28,5,0.047619
28,12,28,12,28,12,0.90476
28,12,28,12,28,15,0.047619
28,12,28,15,24,15,1
28,13,14,15,6,13,1
28,13,14,15,14,13,1
28,13,24,13,32,5,1
28,13,32,9,22,24,1
28,15,24,15,24,15,1
28,18,24,18,15,18,1
28,18,28,22,20,26,1
28,22,5,12,5,10,1
28,22,9,20,13,14,1
28,22,20,22,20,18,1
28,22,20,26,20,22,1
28,22,24,9,28,22,1
28,22,24,13,28,9,1
28,22,24,22,24,22,0.5
28,22,24,22,24,26,0.5
28,22,28,18,28,22,1
28,22,28,22,28,30,1
28,22,28,30,32,18,1
28,22,32,22,28,26,1
28,22,36,18,40,22,1
28,26,24,1,22,11,1
28,26,24,22,24,18,0.5
28,26,24,22,24,26,0.5
28,26,24,30,28,22,1
28,26,28,26,24,1,1
28,26,32,30,32,34,1
28,26,32,30,36,34,1
28,26,36,30,28,26,1
28,30,28,22,24,22,1
28,30,32,18,28,9,1
28,30,32,26,28,40,1
28,30,32,40,1,26,1
28,30,36,30,28,26,1
28,30,40,40,40,40,1
28,34,15,14,13,2,1
28,34,28,34,36,40,1
28,34,36,40,40,40,1
28,40,22,28,26,36,1
28,40,40,40,34,24,0.5
28,40,40,40,34,40,0.5
28,40,40,40,40,40,1
30,7,22,15,22,15,1
30,7,22,15,30,7,1
30,7,26,11,22,15,1
30,7,26,11,23,15,1
30,7,27,11,19,20,1
30,7,30,7,27,11,1
30,7,30,7,34,3,1
30,7,34,3,30,7,1
30,7,34,36,40,40,1
30,7,40,40,1,40,1
30,24,14,20,13,14,1
30,24,18,9,16,13,1
30,24,18,20,13,40,1
30,28,9,22,15,14,1
30,28,22,5,12,5,1
30,28,22,24,22,24,1
30,28,22,28,22,28,1
30,28,26,24,22,24,1
30,28,26,24,30,28,1
30,32,18,28,9,32,1
30,32,22,20,18,13,1
30,32,26,28,40,40,1
30,32,30,24,14,20,1
30,32,34,36,34,40,1
30,32,40,1,26,7,1
30,36,9,40,13,22,1
30,36,30,28,26,24,1
30,36,34,7,30,7,1
30,40,5,40,40,9,1
30,40,13,22,16,18,1
30,40,40,22,15,14,1
30,40,40,40,40,40,1
32,5,5,6,9,12,1
32,5,22,24,26,1,1
32,5,26,11,14,18,1
32,5,32,5,26,11,1
32,5,32,5,32,5,0.66667
32,5,32,5,32,26,0.33333
32,5,32,26,28,22,1
32,8,32,8,32,8,1
32,8,32,8,35,4,1
32,8,35,4,35,4,1
32,9,22,24,18,32,1
32,13,10,5,7,6,1
32,13,14,15,14,13,1
32,18,28,9,32,5,1
32,22,15,22,24,18,1
32,22,20,18,13,16,1
32,22,24,22,24,22,1
32,22,28,26,24,22,1
32,22,32,40,40,40,1
32,26,11,22,15,22,1
32,26,28,22,24,22,1
32,26,28,40,40,40,1
32,30,24,14,20,13,1
32,30,32,34,36,34,1
32,30,36,34,7,30,1
32,34,36,34,40,34,1
32,40,1,26,7,26,1
32,40,40,40,40,12,0.5
32,40,40,40,40,40,0.5
34,3,30,7,26,11,1
34,4,11,14,12,28,1
34,7,30,7,26,11,1
34,15,10,9,6,15,1
34,15,14,9,12,9,1
34,15,14,13,2,11,1
34,24,9,22,36,22,1
34,24,14,24,40,40,1
34,28,13,32,9,22,1
34,28,22,28,18,28,1
34,28,30,36,30,28,1
34,28,34,36,40,40,1
34,36,34,40,34,40,1
34,36,40,40,40,40,1
34,40,34,40,40,1,0.5
34,40,34,40,40,30,0.5
34,40,40,1,36,23,1
34,40,40,30,24,18,1
34,40,40,34,40,34,1
34,40,40,40,30,7,1
35,4,13,14,3,16,1
35,4,35,4,13,14,1
36,4,36,4,36,4,1
36,4,36,4,40,4,1
36,4,40,4,36,4,1
36,4,40,4,40,4,1
36,9,40,13,22,3,1
36,18,24,13,22,16,1
36,18,40,22,24,5,1
36,22,15,18,24,18,1
36,22,24,18,28,40,1
36,23,15,15,13,40,1
36,26,11,14,22,3,1
36,30,28,26,24,22,0.5
36,30,28,26,24,30,0.5
36,30,36,9,40,13,1
36,34,7,30,7,26,1
36,34,40,34,40,40,1
36,34,40,40,34,40,1
36,40,40,40,22,15,1
36,40,40,40,26,11,1
36,40,40,40,40,22,0.25
36,40,40,40,40,30,0.25
36,40,40,40,40,40,0.5
40,1,26,7,26,11,1
40,1,36,23,15,15,1
40,1,40,34,24,14,1
40,4,34,4,11,14,1
40,4,36,4,36,4,1
40,4,36,4,40,4,1
40,4,40,4,34,4,1
40,4,40,4,36,4,1
40,5,10,1,5,12,1
40,5,22,7,22,24,1
40,5,40,40,9,10,1
40,5,40,40,40,34,1
40,8,40,40,40,40,1
40,9,10,5,7,10,1
40,9,10,5,12,9,1
40,9,10,9,16,30,1
40,9,14,5,12,9,1
40,9,18,15,10,13,1
40,9,22,24,22,40,1
40,12,28,12,28,12,1
40,13,10,11,6,5,1
40,13,14,7,10,13,1
40,13,14,15,10,13,1
40,13,22,3,14,5,1
40,13,22,16,18,9,1
40,13,24,13,14,15,1
40,18,9,12,13,14,1
40,18,9,16,9,14,1
40,18,13,16,9,14,1
40,18,24,9,18,28,1
40,22,5,16,9,14,1
40,22,9,8,9,14,1
40,22,9,12,5,14,1
40,22,9,24,14,20,1
40,22,15,10,13,12,0.5
40,22,15,10,13,16,0.5
40,22,15,14,5,16,1
40,22,15,14,13,20,1
40,22,15,22,36,40,1
40,22,20,13,10,15,1
40,22,20,18,24,14,1
40,22,24,5,10,9,1
40,22,24,9,6,5,1
40,22,24,40,40,5,0.5
40,22,24,40,40,40,0.5
40,22,28,26,32,30,1
40,22,28,26,36,30,1
40,22,36,26,11,14,1
40,22,40,40,40,40,1
40,23,1,12,5,11,1
40,26,11,6,9,6,1
40,26,11,26,11,26,1
40,26,24,40,40,40,1
40,26,36,22,15,18,1
40,26,36,40,40,40,1
40,26,40,30,40,40,1
40,28,12,24,16,24,1
40,30,7,34,36,40,1
40,30,24,18,9,16,1
40,30,24,18,20,13,1
40,30,32,22,20,18,1
40,30,40,5,40,40,1
40,30,40,40,40,40,1
40,32,8,32,8,32,1
40,34,15,10,9,6,1
40,34,24,9,22,36,1
40,34,24,14,24,40,1
40,34,28,13,32,9,1
40,34,40,34,40,40,1
40,34,40,40,1,36,1
40,34,40,40,30,24,1
40,34,40,40,40,30,1
40,36,4,36,4,36,1
40,40,1,36,23,15,1
40,40,1,40,34,24,1
40,40,5,22,7,22,1
40,40,5,40,40,40,1
40,40,8,40,40,40,1
40,40,9,10,5,7,0.5
40,40,9,10,5,12,0.5
40,40,9,14,5,12,1
40,40,9,18,15,10,1
40,40,12,28,12,28,1
40,40,13,10,11,6,1
40,40,13,14,7,10,1
40,40,13,14,15,10,1
40,40,13,24,13,14,1
40,40,18,9,12,13,1
40,40,18,13,16,9,1
40,40,18,24,9,18,1
40,40,22,5,16,9,1
40,40,22,9,8,9,1
40,40,22,9,12,5,1
40,40,22,9,24,14,1
40,40,22,15,10,13,1
40,40,22,15,14,5,0.5
40,40,22,15,14,13,0.5
40,40,22,15,22,36,1
40,40,22,20,13,10,1
40,40,22,20,18,24,1
40,40,22,24,9,6,1
40,40,22,24,40,40,1
40,40,22,36,26,11,1
40,40,22,40,40,40,1
40,40,23,1,12,5,1
40,40,26,11,6,9,1
40,40,26,11,26,11,1
40,40,26,24,40,40,1
40,40,26,36,22,15,1
40,40,26,36,40,40,1
40,40,26,40,30,40,1
40,40,28,12,24,16,1
40,40,30,7,34,36,1
40,40,30,24,18,20,1
40,40,30,32,22,20,1
40,40,30,40,5,40,1
40,40,32,8,32,8,1
40,40,34,15,10,9,1
40,40,34,24,9,22,1
40,40,34,28,13,32,1
40,40,34,40,34,40,1
40,40,34,40,40,40,1
40,40,36,4,36,4,1
40,40,40,5,22,7,1
40,40,40,8,40,40,1
40,40,40,9,10,5,1
40,40,40,9,14,5,1
40,40,40,9,18,15,1
40,40,40,12,28,12,1
40,40,40,13,10,11,1
40,40,40,13,14,7,0.5
40,40,40,13,14,15,0.5
40,40,40,18,9,12,1
40,40,40,18,13,16,1
40,40,40,18,24,9,1
40,40,40,22,5,16,1
40,40,40,22,9,8,0.33333
40,40,40,22,9,12,0.33333
40,40,40,22,9,24,0.33333
40,40,40,22,15,10,0.5
40,40,40,22,15,14,0.25
40,40,40,22,15,22,0.25
40,40,40,22,20,13,0.5
40,40,40,22,20,18,0.5
40,40,40,22,24,9,0.33333
40,40,40,22,24,40,0.66667
40,40,40,22,36,26,1
40,40,40,22,40,40,1
40,40,40,23,1,12,1
40,40,40,26,11,6,0.5
40,40,40,26,11,26,0.5
40,40,40,26,24,40,1
40,40,40,26,36,22,0.5
40,40,40,26,36,40,0.5
40,40,40,26,40,30,1
40,40,40,28,12,24,1
40,40,40,30,7,34,1
40,40,40,30,32,22,1
40,40,40,32,8,32,1
40,40,40,34,15,10,1
40,40,40,34,24,9,1
40,40,40,34,28,13,1
40,40,40,34,40,40,1
40,40,40,36,4,36,1
40,40,40,40,8,40,1
40,40,40,40,9,10,0.33333
40,40,40,40,9,14,0.33333
40,40,40,40,9,18,0.33333
40,40,40,40,12,28,1
40,40,40,40,13,10,0.33333
40,40,40,40,13,14,0.66667
40,40,40,40,18,9,0.33333
40,40,40,40,18,13,0.33333
40,40,40,40,18,24,0.33333
40,40,40,40,22,5,0.076923
40,40,40,40,22,9,0.23077
40,40,40,40,22,15,0.23077
40,40,40,40,22,20,0.15385
40,40,40,40,22,24,0.23077
40,40,40,40,22,36,0.076923
40,40,40,40,23,1,1
40,40,40,40,26,11,0.25
40,40,40,40,26,24,0.25
40,40,40,40,26,36,0.25
40,40,40,40,26,40,0.25
40,40,40,40,28,12,1
40,40,40,40,30,32,1
40,40,40,40,32,8,1
40,40,40,40,34,15,1
40,40,40,40,40,8,0.0019493
40,40,40,40,40,9,0.005848
40,40,40,40,40,13,0.005848
40,40,40,40,40,18,0.0038986
40,40,40,40,40,22,0.017544
40,40,40,40,40,23,0.0019493
40,40,40,40,40,26,0.0077973
40,40,40,40,40,28,0.0019493
40,40,40,40,40,34,0.0019493
40,40,40,40,40,40,0.95127
